PropertyId,LivingAreaSqFt,LotSizeSqFt,Bedrooms,Bathrooms,YearBuilt,GarageSpaces,HasPool,Neighborhood,DistanceToCityKm,PropertyTaxAnnual,SaleDate,SalePrice
PROP-000001,2546,18771,4,2,2020,2,0,Suburban,14.8,8815,2020-07-21,502191
PROP-000002,4023,11033,1,2.8,1952,0,1,Waterfront,3.8,9300,2023-07-30,982240
PROP-000003,1516,7355,3,2,1992,0,0,Rural,23.6,6282,2018-03-23,494780
PROP-000004,3461,4397,4,2.7,1993,1,0,Urban,28.8,5714,2024-01-29,1073126
PROP-000005,3019,19232,2,2.6,2002,0,0,Suburban,7.7,3304,2019-06-07,998986
PROP-000006,1968,15113,3,3.7,2001,3,0,Urban,17.6,12787,2019-07-29,644762
PROP-000007,4228,3959,1,2.4,1990,3,0,Rural,14.8,11334,2021-09-03,1080322
PROP-000008,3438,7253,2,3.6,2009,1,0,Historic,17.3,17647,2020-07-20,955155
PROP-000009,2763,16094,5,2.7,1981,2,0,Rural,1.8,13594,2020-08-21,668868
PROP-000010,4050,13289,1,3.3,1994,1,0,Waterfront,30.7,15270,2020-06-04,772675
PROP-000011,1848,16737,6,2.3,1984,2,0,Rural,9.8,10242,2018-03-13,908853
PROP-000012,1476,7900,5,2.5,1999,1,0,Suburban,15.9,14664,2023-02-22,265431
PROP-000013,3307,6247,6,3.9,2005,2,0,Suburban,14.7,4660,2020-04-20,476932
PROP-000014,3211,3905,1,2.5,2022,3,1,Rural,42.9,17779,2022-12-12,997580
PROP-000015,878,10598,3,2.8,2007,1,0,Waterfront,36.3,10784,2022-02-23,271362
PROP-000016,3317,7892,6,2.9,1955,1,1,Urban,12.6,10384,2022-01-31,729605
PROP-000017,3295,16718,4,4.1,2022,0,0,Waterfront,18.8,2133,2020-12-19,1224884
PROP-000018,3670,15318,5,3.4,1954,1,0,Rural,19.9,5424,2024-10-06,1068430
PROP-000019,3703,3362,1,4.1,1985,1,1,Historic,14.5,16042,2023-12-30,700627
PROP-000020,2099,7942,5,2.6,1959,0,0,Waterfront,5,4371,2019-09-11,638267
PROP-000021,2441,11836,3,2.2,1951,0,0,Historic,22.8,16352,2024-12-06,359114
PROP-000022,2255,16847,4,3.9,1972,0,0,Rural,37.4,10134,2019-08-11,793878
PROP-000023,1822,3513,1,2.4,1975,1,0,Historic,32.3,16231,2025-07-01,473653
PROP-000024,2253,15779,5,2.4,2012,3,1,Waterfront,1.8,14164,2024-02-12,907112
PROP-000025,3614,7381,5,1.5,1990,0,0,Historic,36.5,14737,2020-03-15,743002
PROP-000026,3449,12867,3,2.7,1996,0,0,Historic,12,7668,2019-01-19,505489
PROP-000027,1956,4272,2,3.7,1998,1,0,Urban,23.7,8042,2018-02-06,540679
PROP-000028,4398,15603,2,2.8,1953,3,1,Urban,44.6,14438,2018-10-14,1036504
PROP-000029,2989,8701,6,3.8,1955,2,0,Rural,2.1,5433,2020-12-08,673488
PROP-000030,1854,13955,2,2.3,1989,1,0,Urban,28.2,2916,2024-07-09,525489
PROP-000031,3493,3861,4,2.8,1956,1,0,Rural,28.4,11662,2023-01-28,903376
PROP-000032,1825,8829,5,2.3,1975,1,0,Waterfront,8.1,12530,2023-11-24,491641
PROP-000033,3093,18763,3,3.4,2011,1,0,Suburban,43.1,10567,2025-10-20,588389
PROP-000034,2364,5435,4,2,2018,2,0,Waterfront,33.3,11060,2024-01-14,976706
PROP-000035,3204,17658,2,3.4,1950,3,0,Historic,7.9,13354,2025-12-10,674960
PROP-000036,2025,9044,1,1.5,2014,1,0,Rural,40.8,5195,2024-01-28,410896
PROP-000037,1438,15614,6,1.9,1961,1,0,Rural,3.4,11639,2018-04-29,254886
PROP-000038,3767,12754,3,2,1955,1,0,Urban,29,12539,2024-02-27,463433
PROP-000039,2701,2934,2,3.8,1983,0,0,Rural,38,16650,2019-09-07,364063
PROP-000040,2032,12629,1,1.7,2011,2,0,Rural,33.6,5942,2018-07-19,508967
PROP-000041,1228,11713,5,3.9,1978,2,0,Urban,12,11758,2021-07-16,256605
PROP-000042,879,10606,2,4.2,1976,3,0,Rural,30.5,12081,2018-01-01,221012
PROP-000043,4400,16668,1,3.1,1956,2,0,Rural,31.3,6327,2022-06-12,1338568
PROP-000044,3478,17755,6,2.3,1980,2,0,Urban,14.7,14801,2018-03-20,477431
PROP-000045,2045,3223,3,2.1,1997,3,0,Urban,38.2,2630,2024-08-20,627932
PROP-000046,1651,7668,4,4.4,2024,0,0,Rural,10.6,11606,2019-02-11,467744
PROP-000047,3773,12900,3,1.1,1997,3,0,Waterfront,42.1,16502,2023-06-04,922215
PROP-000048,3005,6513,4,3,1988,1,0,Historic,15.3,6219,2025-03-27,449236
PROP-000049,4176,6246,3,1.4,2023,0,0,Suburban,24.4,14906,2020-02-19,718972
PROP-000050,1246,9423,4,2.6,2009,1,0,Rural,31.9,2187,2022-08-26,300503
PROP-000051,4009,5402,5,2.4,1984,3,0,Waterfront,24.1,9735,2023-08-17,810534
PROP-000052,1552,5299,4,1.6,1974,1,0,Suburban,44.3,10206,2020-04-29,357822
PROP-000053,4193,19209,1,4.1,1971,0,0,Waterfront,30.3,13137,2020-10-24,1443192
PROP-000054,2156,11859,2,2.9,1967,1,0,Rural,17.4,6031,2024-06-06,319513
PROP-000055,1441,13412,1,4.2,2011,2,0,Waterfront,28.8,5678,2023-12-19,606972
PROP-000056,1085,11166,1,1.4,2013,2,0,Urban,27.8,14642,2023-02-06,231548
PROP-000057,837,4976,4,2.6,1991,1,0,Urban,25.4,10592,2021-05-10,140747
PROP-000058,1982,3613,2,2.4,1950,0,0,Urban,3.7,3268,2018-04-29,624596
PROP-000059,1633,6940,4,3.9,1993,3,0,Suburban,38.6,4519,2022-02-14,371810
PROP-000060,1117,2166,1,1.2,2007,1,0,Suburban,14.1,5144,2025-11-12,312561
PROP-000061,2537,5498,6,1,1972,0,0,Waterfront,2.2,16724,2019-02-23,1071449
PROP-000062,4023,6724,3,1.8,1970,2,0,Suburban,24,5265,2019-03-12,1032583
PROP-000063,1045,11328,6,4,2005,3,0,Waterfront,28.5,1331,2025-09-08,470411
PROP-000064,2703,3129,3,1.9,2006,1,0,Rural,44.5,3617,2021-09-08,496117
PROP-000065,4301,16238,1,3.7,1994,2,0,Rural,26.9,9397,2021-03-15,1481686
PROP-000066,919,19243,5,2.5,2003,0,1,Historic,19.4,6715,2021-08-24,379140
PROP-000067,4051,8507,2,4,2015,1,1,Suburban,32,12997,2021-04-17,1195997
PROP-000068,2328,11569,6,3.9,1981,1,0,Urban,33.9,4985,2025-02-18,461315
PROP-000069,2795,10222,2,4,1987,1,0,Urban,7.4,3995,2020-07-28,373642
PROP-000070,867,9703,2,1.7,1957,0,0,Historic,20.7,10900,2025-11-17,250221
PROP-000071,3700,4845,5,4.4,1954,3,0,Historic,43,14877,2024-06-05,629366
PROP-000072,2973,12080,4,4.1,2020,2,0,Waterfront,17.8,17113,2018-11-24,706180
PROP-000073,875,13564,1,1.4,2001,1,0,Rural,29.4,12787,2020-02-17,271199
PROP-000074,1476,14950,5,3.2,1993,3,0,Rural,42.7,3569,2018-02-03,272610
PROP-000075,4193,19316,3,3.9,1999,0,0,Suburban,26.3,4119,2025-04-08,842514
PROP-000076,2543,2847,4,1.9,1984,3,0,Suburban,38.3,12680,2024-07-04,748456
PROP-000077,3622,4510,5,4.4,1990,3,0,Waterfront,31.4,10537,2021-08-25,701070
PROP-000078,4285,10232,3,4.1,1998,3,0,Waterfront,25.1,10477,2023-09-18,1634934
PROP-000079,1278,14320,4,4.4,2002,1,0,Urban,32.9,2552,2023-01-08,403920
PROP-000080,3737,8122,1,3.6,1963,1,0,Historic,1.1,14177,2024-02-06,1193310
PROP-000081,3965,5592,3,1.3,2022,0,0,Historic,7.9,14355,2025-04-17,1073627
PROP-000082,2101,6597,5,3.9,1957,3,0,Waterfront,20.9,8945,2022-11-28,718473
PROP-000083,4497,17059,1,3.1,2008,3,0,Suburban,14.7,16638,2019-09-23,1420340
PROP-000084,2036,19559,6,3.9,2015,0,0,Rural,41.8,10688,2020-02-04,605809
PROP-000085,2114,18113,3,2.8,1950,0,0,Historic,19.6,12235,2020-08-20,568467
PROP-000086,3585,14843,2,1.3,1967,0,0,Urban,44.6,12070,2024-04-26,848210
PROP-000087,3219,18629,4,2.4,1967,2,0,Rural,19.1,7740,2018-10-28,436424
PROP-000088,3043,8815,1,1.3,1994,1,0,Urban,32.5,14993,2020-12-19,809842
PROP-000089,1303,9339,2,3,1999,0,0,Historic,27.8,14733,2018-04-09,369231
PROP-000090,1716,10774,4,1.8,1980,3,0,Waterfront,10.1,8308,2020-02-03,445963
PROP-000091,1837,14795,5,2.3,1985,1,0,Waterfront,5.7,17828,2024-03-10,613442
PROP-000092,2188,2703,1,3.9,1996,3,0,Waterfront,24.1,11375,2020-05-19,809167
PROP-000093,4480,2404,3,3.6,1997,2,0,Historic,42.6,2735,2018-10-26,915695
PROP-000094,1186,5545,5,2.6,1991,1,0,Rural,35.7,8775,2025-01-25,365772
PROP-000095,3308,3870,1,1.9,1971,1,0,Waterfront,7.1,15006,2023-03-23,888794
PROP-000096,2655,4188,3,4.3,1989,3,0,Rural,34.8,6607,2023-01-21,849923
PROP-000097,3333,10003,1,3.5,1980,0,0,Rural,41.6,16885,2019-01-27,1390168
PROP-000098,2345,8144,4,2.6,2018,2,1,Historic,4,5440,2019-05-10,572377
PROP-000099,2808,3593,1,1.4,2011,3,0,Historic,12.6,1656,2024-02-13,762521
PROP-000100,1418,3423,3,3.5,1988,1,0,Waterfront,5.3,6059,2025-07-31,541544
PROP-000101,3983,8450,6,2.2,1976,0,0,Suburban,27.9,4041,2018-12-06,660687
PROP-000102,2249,7717,1,3,1981,2,0,Historic,33.7,10759,2021-01-26,607246
PROP-000103,4403,8409,2,1.7,1999,2,0,Historic,19,14217,2019-01-17,1202667
PROP-000104,2399,18815,5,3.5,2002,3,0,Waterfront,7.3,15837,2025-03-20,872066
PROP-000105,3689,2785,4,3.3,1977,2,0,Historic,2.5,8367,2025-10-15,724077
PROP-000106,2193,2274,5,3.3,1950,3,0,Suburban,21.5,3857,2024-09-20,464154
PROP-000107,3935,2681,4,1.7,1961,2,0,Historic,19.8,7329,2022-08-01,1307344
PROP-000108,1306,14069,2,2.7,2013,2,0,Historic,22.8,2818,2022-05-01,254420
PROP-000109,3176,2258,1,3.4,2020,2,0,Historic,7.3,2387,2021-03-16,973610
PROP-000110,1002,12776,3,4.3,1971,2,1,Historic,15.6,8754,2025-11-27,234464
PROP-000111,2911,10958,6,2,2012,3,0,Waterfront,22.2,17331,2023-03-23,771082
PROP-000112,2776,15989,6,2.7,2016,0,0,Rural,35,3828,2022-09-09,759977
PROP-000113,1416,12791,6,3,2005,0,0,Urban,38.6,6585,2025-05-11,348065
PROP-000114,2990,10621,4,2.7,2007,1,0,Suburban,23.9,6861,2022-05-16,949244
PROP-000115,2998,4123,1,1.7,1958,2,0,Suburban,16.3,14589,2022-05-03,578105
PROP-000116,2901,16740,4,3.7,2005,0,0,Rural,12.9,10422,2020-07-15,940132
PROP-000117,3357,17797,1,1.3,1953,3,1,Waterfront,43.1,4594,2023-02-23,940224
PROP-000118,2321,11162,1,3.8,1990,1,0,Urban,4.8,1364,2025-08-30,611458
PROP-000119,1730,3864,4,3.7,1986,2,0,Urban,4,10622,2019-06-02,352572
PROP-000120,4215,10151,3,2.5,1995,1,1,Urban,30.9,8374,2018-10-30,756297
PROP-000121,4205,2361,5,1.9,1956,0,1,Urban,13.7,13736,2022-06-11,785353
PROP-000122,1988,9419,3,3.3,2021,1,0,Historic,6.2,10400,2022-08-08,434640
PROP-000123,1545,3506,1,1.4,1996,0,1,Waterfront,26.6,8320,2018-08-10,594145
PROP-000124,1556,17418,4,4,1992,2,0,Urban,27,5035,2023-10-06,382465
PROP-000125,2761,6400,2,2.5,1951,0,0,Waterfront,6.6,17096,2024-10-20,534597
PROP-000126,3798,2627,4,4.1,1992,2,0,Urban,43.5,2577,2023-09-29,734573
PROP-000127,3540,10200,5,4.4,2017,2,0,Suburban,7.4,14847,2023-02-27,839207
PROP-000128,2643,2963,3,2.3,1986,0,0,Historic,1.3,11300,2018-03-03,411699
PROP-000129,1426,7586,5,3.3,1976,3,0,Waterfront,33,11057,2023-07-13,558995
PROP-000130,3689,3226,3,2.4,1999,1,0,Suburban,36.1,17416,2025-03-27,1115215
PROP-000131,2124,3831,5,1.9,1991,1,0,Urban,4.5,16448,2018-05-01,495780
PROP-000132,1753,4032,5,2.1,1963,2,0,Waterfront,27,12314,2021-01-05,519030
PROP-000133,1805,12692,5,1.1,1999,2,1,Suburban,36.2,6021,2018-07-06,494207
PROP-000134,907,4117,3,4.2,1954,3,0,Waterfront,6.5,14549,2022-02-23,449888
PROP-000135,1792,5616,4,3.4,1976,2,0,Waterfront,17.2,16196,2019-07-21,633973
PROP-000136,4248,16096,4,4.2,2003,2,0,Historic,37.8,15731,2023-09-21,728400
PROP-000137,3564,5073,2,2.1,1952,2,0,Urban,20.7,6438,2024-02-13,476124
PROP-000138,3029,10389,4,2.6,1981,1,0,Urban,7,5816,2023-03-16,691637
PROP-000139,1803,9613,2,2.6,1985,1,0,Rural,9.9,1869,2025-01-23,417006
PROP-000140,2302,9964,5,1.1,1959,3,0,Urban,44.2,8146,2022-06-28,680140
PROP-000141,1938,12986,3,2.5,1951,0,1,Rural,8.9,8831,2020-10-04,416046
PROP-000142,1290,11574,5,3.1,1953,3,0,Historic,42.7,1742,2020-08-15,233360
PROP-000143,2159,10494,4,4,1968,2,0,Urban,5.5,5373,2024-05-26,671858
PROP-000144,1285,3849,1,3.4,1970,2,0,Rural,16.6,13865,2023-08-01,277799
PROP-000145,2932,14949,2,4.1,2015,1,0,Suburban,4,13370,2018-09-11,917297
PROP-000146,1567,18953,1,4.1,1976,2,0,Urban,27,14310,2020-01-25,463474
PROP-000147,1574,4033,2,3.8,2016,0,0,Waterfront,21.6,11640,2023-07-17,593818
PROP-000148,4425,12490,5,2.1,1997,3,0,Suburban,15.2,11724,2022-07-20,2266552
PROP-000149,3598,12821,6,3.5,1977,2,0,Suburban,23.8,7353,2024-05-24,1058007
PROP-000150,4056,4831,4,3.2,1995,0,1,Rural,18,4640,2020-06-06,1047443
PROP-000151,2950,5914,3,3.1,2000,1,0,Suburban,35.5,10391,2024-05-29,615428
PROP-000152,2617,11521,1,3.3,1954,2,0,Waterfront,24.5,5261,2022-05-10,567767
PROP-000153,2974,2636,1,3.2,1970,2,0,Waterfront,42.4,15463,2025-03-04,797268
PROP-000154,1682,11842,4,3.7,2022,1,0,Suburban,24.1,14987,2024-02-09,443841
PROP-000155,1795,9282,2,1.3,2014,0,0,Urban,4.2,1644,2023-03-04,454980
PROP-000156,2430,2549,6,3.4,1980,2,0,Waterfront,24.1,6260,2020-01-27,780528
PROP-000157,2665,15526,1,1.6,1960,3,0,Suburban,11.3,17135,2019-04-21,455957
PROP-000158,4014,3804,4,3.6,1996,3,0,Historic,21.2,4722,2019-04-27,847004
PROP-000159,2470,2675,3,2.4,1992,1,0,Rural,8.6,9698,2023-02-27,795821
PROP-000160,4264,4406,5,1.1,2008,0,1,Rural,28.4,12646,2018-06-06,1043034
PROP-000161,1132,17191,6,4.4,2022,2,0,Rural,38.4,1490,2023-12-02,283140
PROP-000162,886,3137,6,3.3,2008,1,0,Urban,12.5,1450,2022-10-04,332533
PROP-000163,4427,13115,3,1.5,2018,2,0,Rural,8.5,5295,2022-05-27,1110865
PROP-000164,1214,18163,4,4,1972,3,0,Historic,10.9,15820,2024-03-15,319840
PROP-000165,2895,15544,2,1.2,1986,2,0,Waterfront,17.1,17494,2021-01-16,800032
PROP-000166,3293,6527,2,2.7,1951,1,0,Historic,4.9,2880,2022-04-21,801151
PROP-000167,946,12307,1,3.3,1960,0,0,Historic,27,4898,2019-08-29,253045
PROP-000168,3725,8620,2,2.1,2005,3,0,Historic,29.8,9410,2020-05-23,1000812
PROP-000169,1805,6905,1,3,1981,0,0,Waterfront,44.5,6875,2021-03-25,608563
PROP-000170,3643,17225,3,1.3,2013,1,0,Rural,27.2,14521,2022-08-07,678940
PROP-000171,4461,5251,3,1.6,1988,2,1,Rural,43.7,10378,2025-09-13,949669
PROP-000172,2854,16170,1,3.5,1970,0,1,Suburban,8.1,7512,2023-09-28,367292
PROP-000173,2763,10995,4,4.5,1978,2,0,Waterfront,22.3,5307,2021-05-08,1028024
PROP-000174,4062,5803,1,2.9,2013,3,1,Historic,17.9,12770,2020-04-10,730296
PROP-000175,1884,6855,1,4,1998,1,0,Urban,17,12485,2019-08-09,396099
PROP-000176,2429,10526,1,1.6,1982,3,0,Waterfront,10.9,14872,2018-07-14,806825
PROP-000177,4333,4151,3,3.8,2023,1,0,Rural,23.5,13015,2023-03-08,722218
PROP-000178,3341,17709,5,1.6,1991,1,0,Urban,29.9,1535,2025-10-31,449082
PROP-000179,2323,2520,4,4.4,2023,0,0,Historic,17.7,10162,2019-06-23,752654
PROP-000180,3587,6282,5,3.9,1992,3,0,Rural,1,5672,2022-07-21,510648
PROP-000181,1728,12709,1,1.5,1964,2,0,Suburban,10,15738,2018-10-22,584466
PROP-000182,2106,12298,1,1.7,1984,2,0,Waterfront,17,15751,2018-10-20,469221
PROP-000183,2081,11612,2,4.2,2011,3,0,Urban,16.1,8696,2018-10-14,544810
PROP-000184,3641,14705,4,3.3,2017,3,0,Waterfront,20.9,16988,2019-09-08,1090902
PROP-000185,880,15422,6,1.6,1976,1,0,Waterfront,8.5,4816,2022-01-20,465911
PROP-000186,1312,9361,4,1.6,1984,0,0,Waterfront,15.3,8661,2025-05-10,503988
PROP-000187,1349,16290,2,3.2,1990,1,1,Historic,43.8,13277,2023-01-09,448925
PROP-000188,2802,5107,3,2.8,1973,0,0,Suburban,15.8,15995,2022-03-30,962732
PROP-000189,1686,2682,5,3.8,2011,1,1,Waterfront,38,14893,2025-04-08,573615
PROP-000190,2246,14080,1,1.7,1972,2,0,Rural,10.1,13868,2025-03-16,290737
PROP-000191,3504,4208,1,1.7,1961,3,0,Rural,21,4522,2018-09-17,819222
PROP-000192,4333,14443,2,1.4,1956,0,0,Rural,2.5,3957,2024-04-19,683231
PROP-000193,3312,15737,4,2.4,1987,0,0,Urban,38.6,15771,2024-05-06,648217
PROP-000194,3205,14697,5,2.4,1984,3,0,Waterfront,4.7,16707,2024-03-22,1152165
PROP-000195,1521,14476,2,1.8,1978,3,0,Historic,44.1,9048,2021-12-22,469586
PROP-000196,993,12825,1,1.2,1963,2,0,Waterfront,3.4,8796,2024-08-31,414209
PROP-000197,3626,7190,6,1.7,1991,3,0,Historic,22.8,5697,2020-11-07,943113
PROP-000198,3409,8248,1,3.8,1983,3,0,Urban,32.6,9093,2018-09-25,779566
PROP-000199,1836,2567,3,3.2,1991,3,0,Historic,35.2,8499,2023-06-17,360582
PROP-000200,4159,16688,3,4.3,1962,3,0,Rural,33.3,5676,2018-01-24,1083346
PROP-000201,3201,13643,6,2.1,2024,0,0,Historic,33.5,12150,2021-07-19,1043895
PROP-000202,1629,15038,2,1.1,1984,0,0,Suburban,34.4,3368,2019-01-04,223094
PROP-000203,1339,5954,5,2.5,1958,3,1,Waterfront,28.3,11648,2025-04-06,485871
PROP-000204,1228,3370,4,3.4,1961,1,0,Urban,12,17559,2021-10-02,320112
PROP-000205,1666,6108,4,4.4,1995,1,0,Urban,8.1,2878,2020-07-23,408087
PROP-000206,1452,16393,2,2.7,1954,0,0,Historic,10.2,13747,2021-08-26,209377
PROP-000207,2471,11817,1,3.8,1999,0,0,Historic,31,6086,2025-05-06,351953
PROP-000208,3957,7148,3,2.6,1968,1,0,Waterfront,15.9,6588,2025-03-01,1447814
PROP-000209,4230,14908,2,3.8,2008,0,0,Waterfront,38.4,9306,2019-01-15,812532
PROP-000210,2846,18481,5,2.6,2020,3,0,Historic,22.1,17252,2019-09-01,414053
PROP-000211,3059,15568,2,3.4,1967,3,0,Suburban,13.3,11942,2023-12-23,809015
PROP-000212,1913,9455,6,1.9,1983,3,0,Historic,9.9,15484,2019-08-02,360716
PROP-000213,1231,10785,5,2.3,1995,1,0,Suburban,31.1,15523,2019-06-13,317043
PROP-000214,3689,10231,4,2.4,1966,3,0,Urban,27.7,8214,2023-11-05,921851
PROP-000215,4109,14261,3,2.7,1968,1,0,Waterfront,27.9,4569,2022-01-25,1225977
PROP-000216,4421,18613,2,3.4,1969,0,0,Rural,11.2,13767,2025-08-13,795231
PROP-000217,830,12870,4,1.3,1958,3,0,Suburban,3.7,12593,2024-06-20,274949
PROP-000218,2930,6339,5,3.7,1971,0,0,Rural,3,6744,2022-05-20,1013618
PROP-000219,4474,11032,4,1.2,1995,2,1,Suburban,25,1967,2021-01-10,708138
PROP-000220,1786,14557,5,1.9,1993,3,1,Waterfront,29.6,14772,2018-07-10,587713
PROP-000221,3653,6713,4,2.2,2006,2,0,Historic,34.5,7982,2021-10-30,651651
PROP-000222,1714,10878,3,1.9,2006,3,0,Historic,39,8308,2024-09-04,402271
PROP-000223,1809,12486,5,1.9,2014,0,1,Suburban,44,3297,2020-07-18,347840
PROP-000224,1588,6386,6,2.1,1993,1,0,Urban,19.7,7057,2020-05-15,565442
PROP-000225,2333,14719,1,3.9,1985,3,0,Suburban,5.1,2896,2021-02-16,602173
PROP-000226,1366,2904,1,4.4,2023,2,0,Waterfront,4.5,7506,2022-03-01,495311
PROP-000227,4347,2032,1,3.8,1954,2,0,Suburban,41.2,3810,2024-01-14,1402071
PROP-000228,1791,19815,2,1.3,2010,1,0,Urban,13.4,12418,2023-07-10,461893
PROP-000229,2218,2252,5,1.4,2006,1,1,Urban,18,9331,2024-07-31,471933
PROP-000230,2257,15020,4,2.3,2016,0,0,Urban,26.4,8356,2019-04-19,544151
PROP-000231,2259,8672,6,3.5,2008,0,0,Waterfront,9.1,3793,2020-04-15,930500
PROP-000232,3741,5174,6,3.6,2018,1,1,Suburban,34.4,2592,2025-03-02,1343610
PROP-000233,3205,7220,6,2.4,1953,2,0,Urban,13.4,10365,2025-05-28,744045
PROP-000234,1172,16536,2,2.6,1958,0,0,Historic,3.6,3778,2019-01-31,360760
PROP-000235,1530,15668,1,3.3,1985,1,0,Waterfront,11.3,15309,2023-07-07,658265
PROP-000236,2247,11082,2,3.7,1995,1,0,Suburban,26.5,8643,2021-08-14,690116
PROP-000237,2034,6395,3,3.8,1964,1,0,Rural,8.7,7655,2025-02-06,701740
PROP-000238,1158,10707,1,3.8,1972,0,0,Suburban,18.6,9437,2024-02-19,153307
PROP-000239,3805,8933,6,3.7,1950,2,0,Waterfront,10.2,17873,2020-11-10,1330024
PROP-000240,1433,9017,3,1.4,1965,3,0,Rural,37.6,9976,2023-04-17,460524
PROP-000241,966,9739,3,3.3,1982,3,0,Waterfront,8.7,13954,2025-02-25,381730
PROP-000242,4351,3280,1,1.7,1957,0,1,Suburban,27.5,3231,2020-03-04,1051857
PROP-000243,3920,13972,6,1.7,2000,3,0,Rural,21.3,14756,2025-11-14,1301145
PROP-000244,1207,16499,5,1.4,1997,1,0,Urban,2.4,10754,2024-10-29,323325
PROP-000245,4231,2917,6,3.8,2005,3,0,Rural,17.3,5417,2024-04-10,624292
PROP-000246,4051,19858,4,3.7,1952,1,0,Suburban,40.4,8012,2019-01-21,1133375
PROP-000247,3161,16068,3,4,1972,3,1,Historic,6.2,17529,2018-11-28,365456
PROP-000248,1369,12832,3,4,2015,3,0,Rural,13.5,13261,2024-08-29,220215
PROP-000249,2453,5235,5,1.6,2000,1,0,Urban,21.3,9869,2018-08-12,445252
PROP-000250,3275,4439,4,3.7,1972,0,0,Historic,33.8,7498,2019-03-13,508633
PROP-000251,2033,14599,6,3.6,1951,0,0,Suburban,21.7,1863,2020-12-14,676458
PROP-000252,1599,16379,4,1.4,1980,2,0,Historic,16.9,4045,2023-07-15,397389
PROP-000253,2630,17362,5,4.2,1964,0,0,Rural,43.1,5905,2024-11-30,476206
PROP-000254,3412,11033,3,3.8,2017,1,0,Waterfront,34.7,14551,2021-09-10,614747
PROP-000255,882,12882,1,1.7,1955,2,0,Suburban,29.4,9100,2024-05-02,142901
PROP-000256,2036,15540,2,1.3,1957,1,0,Waterfront,11,15857,2025-09-05,600213
PROP-000257,3078,6679,1,2.7,1984,2,0,Waterfront,4.3,1248,2020-06-17,1160778
PROP-000258,3475,5899,5,1.4,1968,1,1,Historic,33.8,17248,2022-02-25,948632
PROP-000259,4118,13161,6,2.6,2004,0,0,Suburban,24.9,13440,2025-04-08,1539988
PROP-000260,2694,19284,6,2.4,1972,2,0,Rural,18.5,7860,2025-01-07,377770
PROP-000261,2596,11129,3,3.6,2006,3,0,Historic,25,17761,2025-03-27,687507
PROP-000262,2511,14710,4,2.7,1952,2,0,Urban,32.4,5989,2023-02-02,522510
PROP-000263,1719,16933,6,4.4,1974,2,0,Suburban,3.4,2415,2018-10-16,420647
PROP-000264,4194,5279,4,1.5,2009,3,0,Suburban,17.2,13096,2020-03-25,882200
PROP-000265,2471,19551,3,4.3,2000,0,0,Rural,5.8,5708,2022-04-21,598279
PROP-000266,4235,10621,5,3.9,2005,3,0,Waterfront,39,12419,2020-07-28,790490
PROP-000267,1276,6376,2,4.1,1999,3,0,Waterfront,25,2844,2021-05-09,316582
PROP-000268,3361,11956,4,1.8,1954,1,0,Waterfront,17.8,15900,2023-06-14,691194
PROP-000269,3562,14647,2,2.4,2002,1,0,Suburban,20.1,8939,2021-06-22,1093051
PROP-000270,872,16824,5,1.6,2003,1,0,Suburban,19.2,12365,2023-03-25,232944
PROP-000271,2117,15481,1,2.6,1978,0,0,Urban,14.9,11788,2024-10-20,288957
PROP-000272,983,17764,3,2.9,1995,1,0,Historic,35.3,9517,2022-02-21,237771
PROP-000273,1363,14637,5,2,1974,3,0,Suburban,44.9,5726,2025-03-21,414942
PROP-000274,2330,9996,2,3.1,2014,1,0,Suburban,10.5,10079,2018-03-12,302177
PROP-000275,3089,10285,4,1.2,1959,0,0,Historic,34.4,3458,2019-01-17,902542
PROP-000276,1732,10047,1,2.4,2023,0,0,Urban,19.2,3935,2018-12-11,595625
PROP-000277,3705,14881,2,3.4,1991,1,1,Waterfront,6.8,8004,2020-10-20,992233
PROP-000278,2462,13090,1,2.9,2019,2,0,Historic,24.3,17224,2025-05-31,681709
PROP-000279,2858,16023,6,2.6,1968,3,0,Rural,1.6,15029,2020-03-30,1040592
PROP-000280,1084,10077,5,2.9,1981,0,0,Historic,7.6,4244,2019-08-16,444402
PROP-000281,2444,18456,4,1.6,1984,0,0,Waterfront,30.5,15020,2024-01-09,961767
PROP-000282,3613,15710,4,4.3,2024,3,0,Suburban,44.3,16365,2018-01-16,771204
PROP-000283,2650,2785,5,2.7,1984,1,0,Suburban,4.8,10542,2018-03-22,609186
PROP-000284,3068,10979,6,2.5,1994,3,0,Historic,37.9,9192,2022-08-14,756422
PROP-000285,4016,2404,4,1.6,1964,2,0,Urban,13.9,16576,2021-08-06,1335550
PROP-000286,1415,4142,4,2.3,2004,2,0,Waterfront,22.4,4176,2018-07-11,430184
PROP-000287,1802,2477,2,3.6,2008,3,0,Historic,11.9,1554,2024-11-28,823852
PROP-000288,1143,10281,6,2,2017,1,0,Urban,24.7,5035,2018-09-09,253648
PROP-000289,1722,12475,6,4.5,1984,1,0,Rural,27.1,9499,2021-05-04,447280
PROP-000290,917,7284,2,2.4,2021,0,0,Rural,42.1,15490,2025-02-24,121517
PROP-000291,2802,19207,3,2.2,1961,0,0,Waterfront,43.1,2715,2020-12-21,790099
PROP-000292,3710,17914,5,1.7,1981,2,0,Historic,4,14097,2018-03-23,1040339
PROP-000293,2829,15450,2,4.1,1963,0,0,Urban,44,13498,2025-07-29,680494
PROP-000294,1965,10773,4,2.9,1975,0,0,Waterfront,15.1,14453,2022-05-12,485532
PROP-000295,3276,6366,2,1.7,1979,3,0,Rural,31.8,15432,2018-04-01,891411
PROP-000296,4286,7622,2,3.4,2007,2,0,Suburban,26.6,15756,2021-08-06,1405639
PROP-000297,3434,9073,4,3.4,1992,0,0,Waterfront,30.9,8336,2020-06-29,642844
PROP-000298,1633,15171,5,3.7,1992,2,0,Waterfront,18.1,12167,2023-07-02,701724
PROP-000299,1076,11823,5,1.3,2016,1,0,Waterfront,39.5,10879,2018-10-26,509746
PROP-000300,820,13021,2,1.7,2013,2,0,Rural,20.4,2771,2025-01-05,262534
PROP-000301,4262,15746,2,4.2,1980,3,0,Rural,38.9,5261,2022-12-18,749233
PROP-000302,1142,14027,2,2.7,1999,3,0,Historic,19.7,10372,2024-02-24,124561
PROP-000303,1680,16812,6,4,2008,2,0,Rural,37.9,7532,2019-11-18,356977
PROP-000304,1228,16909,4,3.7,2001,0,0,Rural,19.5,15672,2019-09-03,197839
PROP-000305,2807,3245,3,1,1954,3,0,Waterfront,4.5,12175,2023-09-27,879677
PROP-000306,2798,9826,2,1.4,1953,0,0,Rural,40,16960,2024-02-13,368223
PROP-000307,4302,12184,5,2.2,2010,2,1,Waterfront,26.5,12260,2023-04-29,808345
PROP-000308,3655,9931,1,2,2003,3,0,Historic,34.7,9719,2020-09-23,965382
PROP-000309,2490,2510,4,3.6,1950,2,0,Waterfront,36,8632,2021-05-18,610704
PROP-000310,2604,9369,2,4,1973,1,0,Urban,8.9,4528,2025-09-03,845531
PROP-000311,3066,4476,5,2.6,1950,1,0,Urban,15.8,13623,2023-02-11,881607
PROP-000312,2512,10859,1,1.9,2017,3,0,Urban,10.2,5234,2021-03-24,688347
PROP-000313,2659,8271,5,3.4,1959,3,0,Waterfront,15.8,8708,2024-06-06,1051913
PROP-000314,2132,2506,3,3.2,1993,1,1,Waterfront,12.4,5188,2022-05-26,755534
PROP-000315,1650,18071,4,2.4,1973,1,0,Historic,3.8,17414,2020-10-08,365578
PROP-000316,2999,19630,4,3.3,2002,3,0,Historic,12.5,6837,2020-06-15,510443
PROP-000317,2374,8349,2,1.8,2007,2,0,Historic,11.1,4751,2024-04-12,804854
PROP-000318,1909,3032,5,3.9,1972,1,1,Suburban,6.5,13987,2025-04-14,596910
PROP-000319,2911,16880,4,2.1,2014,3,0,Suburban,3,3887,2019-11-12,698935
PROP-000320,1908,6266,5,2.4,1972,0,0,Urban,38.1,11722,2019-12-01,660880
PROP-000321,870,8630,6,4,2022,1,0,Historic,26.3,14269,2020-08-06,396592
PROP-000322,2256,13561,5,2.6,1979,3,0,Rural,41.1,1507,2021-05-20,596454
PROP-000323,2365,18237,3,3.3,1986,3,0,Suburban,39.5,2156,2022-11-07,729169
PROP-000324,921,12684,3,4.4,2001,1,0,Waterfront,5.2,6897,2019-11-15,414191
PROP-000325,2888,10143,4,3,1985,0,0,Suburban,39.2,2080,2021-05-15,725729
PROP-000326,3348,15055,1,1.5,1951,0,0,Waterfront,39.5,12226,2025-11-30,634609
PROP-000327,3926,17848,3,2.8,1965,2,0,Rural,31.6,16338,2022-09-02,1352841
PROP-000328,3579,7498,3,2.8,2005,1,0,Waterfront,6.2,4903,2019-09-26,764711
PROP-000329,4367,11497,4,3.8,1953,3,0,Suburban,36.9,17923,2025-02-27,818394
PROP-000330,3450,18963,5,1.5,1990,2,0,Historic,41.8,15774,2019-02-04,583870
PROP-000331,1390,18974,3,3.8,2014,1,0,Urban,33.6,14540,2024-06-24,355393
PROP-000332,948,11902,2,3,1964,1,0,Historic,40.7,9559,2019-02-27,137463
PROP-000333,2964,15097,6,3.2,1998,3,1,Suburban,17.1,8101,2024-01-31,815205
PROP-000334,3462,12964,3,3.2,1999,3,0,Historic,41.2,14147,2023-04-07,647603
PROP-000335,1032,10567,2,4,2005,0,0,Urban,42.1,17768,2020-01-02,203738
PROP-000336,1784,6770,2,1.3,1956,1,0,Rural,38.5,10282,2018-07-18,433969
PROP-000337,4022,17008,3,2.5,1987,2,0,Rural,12,10352,2020-06-19,674439
PROP-000338,3933,2352,2,3.3,1998,0,0,Suburban,11.4,3123,2023-08-13,1252467
PROP-000339,1362,11119,4,2.2,1985,3,1,Urban,31.6,12424,2023-04-13,318729
PROP-000340,1372,18271,3,2.8,2006,2,1,Waterfront,16.7,8268,2021-02-24,573181
PROP-000341,4376,11799,1,3.3,2000,2,0,Waterfront,42.5,4198,2025-08-27,688122
PROP-000342,4142,19037,2,2.3,1951,1,1,Suburban,13.7,17495,2021-04-06,681658
PROP-000343,4153,18453,3,1.5,1975,2,1,Suburban,35.8,3663,2019-06-16,983639
PROP-000344,1057,17392,1,1.6,1985,2,0,Urban,32.7,11895,2022-08-31,267005
PROP-000345,4164,18116,2,2.9,1977,1,0,Waterfront,19.4,15959,2019-05-21,1112027
PROP-000346,1719,3145,5,4.1,2005,2,0,Rural,40.7,12452,2025-05-12,472035
PROP-000347,3779,7726,6,2.7,1987,1,0,Suburban,22.4,8477,2020-01-19,1196363
PROP-000348,1925,14352,3,2.9,1957,2,1,Rural,2.2,16916,2021-08-05,510568
PROP-000349,1539,3381,1,1.3,2022,3,0,Urban,41.9,4002,2018-05-07,383215
PROP-000350,2160,9499,6,1.3,2023,3,0,Rural,8.4,4080,2022-01-15,461032
PROP-000351,3450,13547,4,3.1,1997,2,1,Suburban,43.2,11775,2019-08-16,1128884
PROP-000352,2940,17189,4,4.3,1990,2,0,Suburban,20.3,15897,2022-02-25,609560
PROP-000353,3100,11893,5,1.7,1966,3,0,Urban,31.8,13116,2025-10-28,1819441
PROP-000354,3025,11959,6,4.3,2006,2,0,Suburban,14.1,16086,2025-09-12,804577
PROP-000355,4443,18425,6,3.3,2003,2,0,Suburban,4.7,4247,2024-11-21,1331501
PROP-000356,2751,13963,5,3.1,1950,2,0,Rural,26,2218,2018-01-17,421373
PROP-000357,3428,2135,5,1.7,1984,0,1,Rural,30.2,15248,2020-01-08,1030749
PROP-000358,1627,19858,4,2,2019,1,1,Urban,25.1,1814,2019-07-14,386046
PROP-000359,1932,7000,3,1.3,2013,0,0,Urban,30.4,13199,2021-03-29,262365
PROP-000360,956,16109,3,3.2,2011,0,0,Urban,10.7,15632,2019-11-27,201614
PROP-000361,2771,15906,3,4.3,2020,0,0,Waterfront,44.1,7383,2019-12-28,1025724
PROP-000362,1629,15231,6,3.8,1972,2,0,Rural,42.4,8392,2020-08-02,377375
PROP-000363,1383,5604,6,3.7,1979,1,0,Waterfront,42,11766,2022-07-03,541749
PROP-000364,1746,12378,2,1.9,2004,2,1,Rural,8.3,9901,2025-05-17,580066
PROP-000365,3872,2355,3,2.5,1977,2,0,Urban,28.7,1427,2023-08-24,503893
PROP-000366,3193,2338,2,1.1,1968,2,0,Suburban,29.7,11557,2019-03-28,1012826
PROP-000367,4226,5212,5,1.6,1963,2,0,Rural,35,3743,2019-11-06,1101149
PROP-000368,3304,16945,2,1.7,2019,3,0,Historic,20.8,17709,2022-05-02,878688
PROP-000369,2775,5104,5,3.6,1954,1,0,Urban,40.5,5609,2023-08-12,922019
PROP-000370,3598,6651,1,2.3,2018,0,0,Rural,36.5,16232,2024-08-04,815565
PROP-000371,2255,13917,5,1,2011,0,0,Suburban,32.8,5592,2020-09-05,441366
PROP-000372,2911,3342,4,2.9,2024,1,0,Suburban,44.9,7655,2021-03-25,898188
PROP-000373,3593,15295,2,1.9,1964,3,0,Rural,26.1,8987,2021-03-23,634031
PROP-000374,1135,18063,1,2.3,1978,2,1,Suburban,41.4,15923,2020-09-03,198104
PROP-000375,2647,14475,4,4,1989,1,0,Suburban,10.1,14790,2020-02-27,741144
PROP-000376,823,3070,5,2.3,2024,3,0,Urban,30.5,2596,2018-11-23,311984
PROP-000377,3409,7137,5,3.2,2022,3,0,Historic,44.6,17467,2018-04-02,625783
PROP-000378,1629,11440,4,4.2,1974,1,0,Historic,5.7,4722,2025-11-16,427174
PROP-000379,3971,3007,5,4,1998,3,0,Rural,21.5,7320,2020-07-01,1332181
PROP-000380,2327,19661,3,1.1,1984,3,0,Historic,18.5,9399,2025-10-07,390591
PROP-000381,972,13589,6,1.9,2011,0,0,Urban,27.5,12321,2022-09-30,344575
PROP-000382,4494,9113,3,2.8,1966,0,0,Urban,13.6,8525,2023-08-17,1075743
PROP-000383,1065,10961,3,2.1,2003,3,0,Waterfront,36,9477,2023-05-20,514054
PROP-000384,996,16206,4,2.6,1953,3,0,Rural,18.5,3389,2019-05-17,227443
PROP-000385,3713,3364,2,1.8,1994,0,1,Urban,25.5,5612,2025-09-25,973023
PROP-000386,3970,12515,5,3.8,2008,1,0,Waterfront,21.4,9694,2019-12-19,1123019
PROP-000387,2797,4627,5,1.1,1950,1,0,Rural,41.7,14537,2023-12-18,453473
PROP-000388,4273,7838,1,2.9,1972,0,0,Historic,4,8836,2023-06-19,1257858
PROP-000389,2185,6193,2,3.5,2020,2,0,Suburban,32.6,3769,2020-03-11,476901
PROP-000390,2188,12182,4,3.2,2014,3,0,Rural,16.1,3287,2022-11-30,405760
PROP-000391,1091,17304,3,1.6,1952,3,0,Historic,19.4,2966,2022-12-29,283546
PROP-000392,1919,7403,5,2.9,2001,2,0,Suburban,15.4,2491,2025-07-11,513143
PROP-000393,4198,19094,1,1.7,2005,2,0,Waterfront,30,14025,2021-06-26,1238866
PROP-000394,2852,10752,2,4.4,1970,1,0,Urban,26.2,7081,2020-06-06,369589
PROP-000395,3279,13340,1,3.3,2009,3,0,Suburban,9.4,6101,2018-02-12,800629
PROP-000396,2625,16484,1,4.1,1957,3,0,Urban,27,7722,2024-03-19,562032
PROP-000397,3832,7658,5,3.5,1987,0,0,Historic,29,18000,2020-07-05,885737
PROP-000398,1836,6455,4,3.7,1993,2,0,Rural,34.1,3827,2018-11-12,305125
PROP-000399,4497,7078,3,3.8,1996,0,0,Rural,39.9,9208,2019-06-13,871580
PROP-000400,3477,11243,5,3.3,1987,3,0,Urban,30.1,8352,2025-06-23,914618
PROP-000401,4420,2625,5,3,2001,2,0,Historic,20.9,10581,2024-02-22,645218
PROP-000402,1271,17052,6,2.5,2010,1,0,Urban,43.5,3406,2021-10-29,400618
PROP-000403,2064,5556,5,1.6,1955,3,0,Historic,28.2,11431,2021-09-15,705388
PROP-000404,3796,3473,2,3.5,2016,3,0,Suburban,16,17222,2019-02-04,1432360
PROP-000405,3458,16394,5,1.3,1955,2,0,Suburban,6.6,13814,2021-02-07,1066492
PROP-000406,2865,16512,6,1.8,2012,0,1,Rural,17.3,15602,2023-03-26,709476
PROP-000407,1772,12698,4,3.3,1989,0,0,Rural,36.9,5036,2023-11-12,605718
PROP-000408,2306,7183,4,1.3,1999,1,0,Suburban,31.8,9727,2018-12-27,752140
PROP-000409,4279,2379,3,3.9,1991,0,0,Waterfront,37.2,14516,2025-03-09,1184617
PROP-000410,2584,16154,4,1.5,1952,0,0,Waterfront,31.3,12231,2018-09-07,660676
PROP-000411,3714,3680,2,1.3,1974,3,0,Rural,20.1,10808,2023-04-04,595699
PROP-000412,4438,9301,3,1.6,1974,2,0,Historic,9.6,8613,2018-05-02,942664
PROP-000413,3610,15716,3,3.7,2020,1,0,Rural,44.2,3974,2019-10-12,845835
PROP-000414,3748,15245,1,4.4,2005,0,1,Rural,6,3485,2022-05-24,674417
PROP-000415,1445,18191,2,3.3,1976,0,0,Waterfront,9.9,16545,2020-09-20,528186
PROP-000416,1476,15797,6,2.9,1977,0,0,Rural,23.3,15381,2018-06-16,408284
PROP-000417,2545,4734,6,2.1,2017,0,0,Waterfront,10.5,4932,2019-08-31,879611
PROP-000418,920,2524,2,3.9,2006,0,0,Historic,38,7613,2020-06-06,311499
PROP-000419,4304,17252,3,3.2,2012,0,0,Waterfront,17.8,6230,2020-01-12,880749
PROP-000420,1105,17199,5,4,1959,2,1,Suburban,4.7,8894,2022-01-04,318716
PROP-000421,2302,10598,2,1.4,1999,3,0,Urban,28.6,2615,2019-03-13,674296
PROP-000422,2835,4791,3,2.4,1966,3,0,Urban,34.3,14925,2019-04-04,636076
PROP-000423,3416,18343,6,2.1,1991,2,1,Suburban,29.6,10472,2022-07-14,1276263
PROP-000424,3612,9631,4,1.2,1976,3,0,Historic,12.3,3654,2019-01-01,666886
PROP-000425,1252,5583,4,2,1952,1,0,Urban,32.1,8173,2020-03-23,239010
PROP-000426,1557,4379,2,1,1955,1,0,Suburban,5.5,9375,2022-06-19,518225
PROP-000427,2676,18210,6,2.6,2022,1,0,Historic,35.4,16821,2021-03-30,434222
PROP-000428,1028,15133,2,2.8,2014,1,0,Rural,24.9,10127,2021-06-18,327265
PROP-000429,1911,7241,3,1.2,2009,0,0,Suburban,20.3,3344,2024-11-15,264128
PROP-000430,2740,15470,1,1.7,2009,1,0,Rural,30,5040,2021-11-28,486257
PROP-000431,1412,15244,2,1.9,1981,0,1,Historic,7.6,10907,2023-01-20,370480
PROP-000432,3848,18103,2,2.3,1961,3,0,Urban,24.4,14828,2023-12-07,791899
PROP-000433,2225,2391,2,1.5,2009,2,0,Urban,8.9,5060,2025-10-23,561300
PROP-000434,1927,18774,3,4.5,2018,1,0,Rural,43.5,10720,2021-05-18,417698
PROP-000435,3365,2445,6,2.1,2024,0,0,Suburban,8.4,13002,2018-07-07,868545
PROP-000436,1663,19390,5,4.2,1960,0,0,Rural,15,16771,2021-09-29,314743
PROP-000437,2618,13123,3,2.1,1973,2,0,Suburban,10.3,2167,2024-10-02,848916
PROP-000438,2715,13632,4,1.5,2010,3,0,Historic,34.6,17023,2021-01-24,635109
PROP-000439,3858,4788,1,4.2,1981,3,0,Suburban,40.2,1877,2023-12-04,760822
PROP-000440,2662,4196,2,4.4,2012,2,0,Rural,17.2,7007,2018-10-17,578010
PROP-000441,2510,10652,5,1.3,1982,1,0,Historic,23.6,11752,2019-02-01,622475
PROP-000442,2778,7935,5,3.7,1984,3,0,Historic,34.4,17666,2020-02-22,786198
PROP-000443,2789,9084,6,2.7,1969,1,0,Rural,24.8,15857,2025-05-03,444577
PROP-000444,3944,13364,4,3.6,1956,3,0,Historic,18.5,5919,2023-05-18,574518
PROP-000445,3775,2802,5,4,1962,3,0,Waterfront,21.8,14909,2018-08-22,909987
PROP-000446,2093,8882,1,4.5,1971,3,0,Rural,39.6,3721,2019-02-10,540810
PROP-000447,1523,7974,4,3.7,1980,3,0,Suburban,1.9,2279,2023-02-16,192506
PROP-000448,930,16242,6,1.3,1984,3,0,Urban,5.9,17648,2022-06-01,204419
PROP-000449,2951,17441,1,2,1973,0,0,Historic,31.3,9738,2020-11-23,743744
PROP-000450,1823,5628,2,2.3,2014,2,0,Waterfront,18.9,7593,2021-06-20,454621
PROP-000451,2414,16745,1,2.7,2024,3,0,Waterfront,37,5114,2018-11-30,1014621
PROP-000452,4399,18297,2,1.2,1971,2,0,Rural,33.6,8267,2024-10-18,975308
PROP-000453,2829,10968,5,1.2,2008,0,0,Rural,39,15685,2025-01-05,747310
PROP-000454,3241,5685,5,3.2,2015,1,0,Suburban,31.6,8316,2023-06-30,480838
PROP-000455,4204,6411,6,1.3,1953,2,0,Historic,27.2,4282,2025-06-11,644104
PROP-000456,1910,18979,6,1.9,2007,0,1,Urban,32.4,7477,2022-06-28,579874
PROP-000457,3491,8936,6,3.2,1953,0,0,Historic,2,5266,2018-09-28,604597
PROP-000458,1644,15353,5,3.1,1955,2,1,Urban,30.7,15455,2025-09-01,332427
PROP-000459,3665,6018,6,1.1,2017,3,0,Urban,20.7,1243,2019-01-27,1154504
PROP-000460,2984,5205,2,3.8,1984,0,0,Waterfront,26.9,5319,2021-11-09,805221
PROP-000461,4222,3530,5,1.5,1988,1,0,Rural,40.9,15941,2023-06-08,1195278
PROP-000462,1183,10250,6,3.9,1979,2,0,Suburban,15.2,9206,2019-03-22,271822
PROP-000463,1953,2731,1,3.4,1987,1,0,Rural,10.8,6253,2018-08-02,682920
PROP-000464,958,14651,4,4.2,1964,2,1,Urban,12.2,16890,2020-06-16,342017
PROP-000465,3318,18366,5,1.7,1950,1,0,Waterfront,30.6,8440,2019-11-15,1108171
PROP-000466,4108,9392,4,2.2,2006,2,0,Urban,40.3,16514,2018-09-14,1418581
PROP-000467,2134,5175,2,3.2,1985,1,0,Suburban,36.1,2751,2021-10-27,444401
PROP-000468,4039,11164,4,1.3,1975,0,0,Urban,21.6,4350,2022-01-09,758380
PROP-000469,1040,3749,4,1.2,2011,1,0,Waterfront,30.8,2340,2025-08-05,334698
PROP-000470,1470,4671,3,4.1,1997,3,0,Suburban,30.2,7016,2025-02-05,471088
PROP-000471,3220,17073,6,4.3,1963,3,0,Historic,2.8,8803,2019-12-29,629745
PROP-000472,3929,2194,1,2.5,1953,1,0,Waterfront,19,1489,2024-08-02,602541
PROP-000473,4332,3997,3,3.6,1979,3,0,Historic,18.9,9522,2018-05-10,1402940
PROP-000474,4046,2945,5,1.6,1962,0,0,Rural,15.2,13998,2024-05-15,769736
PROP-000475,1899,18462,3,1.8,1978,2,0,Suburban,15.8,11316,2018-03-24,535642
PROP-000476,1032,10050,5,3.1,1988,1,0,Rural,39.5,7208,2019-06-22,365596
PROP-000477,3166,9988,1,1.7,1970,2,0,Suburban,32,3315,2018-04-16,606433
PROP-000478,1673,8157,2,1.8,1999,1,0,Rural,26.4,15533,2023-02-09,306900
PROP-000479,859,18463,4,1.5,1963,1,0,Historic,15,3829,2020-08-08,180422
PROP-000480,2195,9635,6,4.4,1962,3,0,Historic,34.9,4172,2023-08-06,536921
PROP-000481,1937,18500,6,1,1966,0,0,Waterfront,37.2,15835,2025-12-11,718811
PROP-000482,2482,11651,4,3.4,2008,1,1,Urban,16.5,1668,2020-01-08,491853
PROP-000483,3561,13794,4,1.3,1994,0,0,Suburban,21.5,10152,2018-08-17,598815
PROP-000484,2555,10491,4,3.6,1953,1,0,Waterfront,10.2,14955,2018-06-28,748191
PROP-000485,2819,2712,3,1,1955,2,0,Suburban,12.5,8003,2025-05-14,499952
PROP-000486,1395,14668,1,2.4,1992,2,0,Rural,28.7,13025,2025-08-19,180612
PROP-000487,3242,6536,3,1.4,1986,2,0,Historic,29.1,4770,2018-03-08,645345
PROP-000488,2731,18323,1,4.5,1992,0,0,Suburban,23.4,3367,2018-01-24,490713
PROP-000489,3737,5588,6,1.5,2005,3,1,Urban,40.3,16697,2023-08-27,825697
PROP-000490,4276,16093,2,4,1998,0,0,Urban,6.9,8098,2018-01-26,1477894
PROP-000491,2491,2886,3,4.4,1989,2,0,Historic,7.1,4900,2018-02-13,304325
PROP-000492,1190,11286,4,4,2015,2,0,Rural,37.9,12237,2023-06-15,457518
PROP-000493,3565,14222,6,2.5,1994,0,0,Waterfront,11.2,1461,2018-09-29,848488
PROP-000494,3434,8363,1,3.8,1979,3,0,Suburban,24.8,2077,2021-03-01,633315
PROP-000495,1358,12533,4,3,2001,0,0,Waterfront,38.1,10888,2019-06-28,571122
PROP-000496,2542,14429,6,4.2,1962,1,0,Historic,15.8,16485,2025-03-07,720854
PROP-000497,2152,14200,6,3.5,1953,3,1,Rural,1.9,2218,2024-04-09,420828
PROP-000498,3687,17914,6,2.8,1975,2,0,Rural,25.8,10391,2025-03-14,1068760
PROP-000499,3854,14662,6,1.3,2001,0,0,Urban,12.6,11645,2023-12-11,1163620
PROP-000500,904,14891,3,4.3,2007,1,0,Urban,19.8,3469,2025-03-04,264625
PROP-000501,3518,2111,4,3.4,1954,3,0,Suburban,6.6,12071,2024-02-08,434596
PROP-000502,1483,10125,4,4,2020,3,0,Historic,35.9,3984,2022-06-12,303391
PROP-000503,2977,6312,5,2.7,2013,3,0,Rural,31.4,1787,2019-06-24,961013
PROP-000504,4065,11321,3,3.6,1998,1,0,Waterfront,8.2,10874,2019-11-12,1003625
PROP-000505,2031,17561,4,2,2006,0,0,Suburban,30.4,15815,2018-03-10,725724
PROP-000506,1954,6319,5,2.5,1951,3,0,Rural,25.2,13756,2025-08-28,478398
PROP-000507,3453,17305,6,3.9,1957,2,0,Suburban,25.9,11917,2020-04-07,1221930
PROP-000508,2595,13086,5,4.1,2004,0,0,Urban,44.1,16921,2022-03-21,1244900
PROP-000509,1050,8300,3,4.5,1973,0,0,Rural,2.8,10713,2020-09-21,354254
PROP-000510,1733,12987,1,2.3,2022,3,0,Rural,42.6,15424,2022-04-03,411239
PROP-000511,2376,8718,2,4.2,1968,3,0,Rural,41.3,11172,2023-05-01,619432
PROP-000512,1453,16640,2,1.2,2004,3,0,Rural,21.4,17614,2018-08-11,232138
PROP-000513,1233,19840,5,2.5,2017,0,0,Rural,11.5,2916,2023-11-04,317214
PROP-000514,3482,11176,5,3.7,1992,0,0,Waterfront,41,12312,2021-07-04,1093316
PROP-000515,3474,19050,1,1.8,1976,1,0,Rural,16.5,17151,2020-02-10,519348
PROP-000516,1953,14362,5,2.3,2017,0,0,Waterfront,32.2,17296,2025-03-27,848017
PROP-000517,2489,16484,2,3.6,2016,3,0,Historic,15.6,14415,2024-01-20,610659
PROP-000518,1530,4455,3,2.6,1958,3,0,Rural,39.7,7184,2019-07-06,203180
PROP-000519,1703,3159,1,3.1,2018,2,0,Historic,8.9,17450,2023-10-18,406544
PROP-000520,3948,14202,5,1.7,1986,2,0,Suburban,30.4,1491,2025-08-02,1146857
PROP-000521,2232,7988,5,4.4,2011,2,0,Urban,19.5,17184,2018-02-03,841774
PROP-000522,1448,14701,1,3.6,1987,0,1,Waterfront,7.8,9952,2022-07-24,381027
PROP-000523,1899,16298,6,2.6,1980,3,0,Waterfront,23.5,1285,2025-06-01,544476
PROP-000524,1016,11001,3,2,1955,0,1,Urban,5.4,12123,2022-02-05,247715
PROP-000525,1224,10579,3,3.7,2017,3,0,Historic,37.3,11265,2025-05-14,412349
PROP-000526,1102,5359,5,4.1,2010,3,0,Suburban,10.6,15165,2023-07-13,291702
PROP-000527,3562,14803,2,1.8,1976,2,0,Waterfront,34.4,11428,2023-05-21,731023
PROP-000528,1528,5841,6,3.1,2015,1,0,Suburban,12,6870,2021-03-03,410821
PROP-000529,3418,10461,3,3.6,1965,3,0,Rural,14.7,8030,2023-04-06,1046568
PROP-000530,2026,14082,1,1.9,2022,0,0,Suburban,42.1,16607,2022-07-16,357467
PROP-000531,3030,18765,3,4.1,1969,2,1,Waterfront,31.5,16215,2023-02-19,713541
PROP-000532,3333,12471,3,2,1976,3,0,Historic,41.8,2843,2025-01-30,765816
PROP-000533,1431,17224,3,1.2,1981,0,0,Waterfront,12.6,16089,2022-07-19,494034
PROP-000534,2125,3305,4,2.3,1999,1,0,Urban,8.9,14750,2018-08-01,561213
PROP-000535,921,19882,2,3.7,2011,0,0,Waterfront,36.1,12822,2023-11-19,334941
PROP-000536,1595,17551,6,4,1981,3,0,Waterfront,26.4,7570,2024-03-21,440152
PROP-000537,1062,3577,3,4.3,1961,0,0,Urban,24.2,11864,2025-12-14,171319
PROP-000538,1632,15674,3,2,2005,3,0,Rural,38.9,6067,2023-03-13,320307
PROP-000539,3590,7069,4,3.1,1952,1,1,Suburban,15.3,13707,2020-08-13,718321
PROP-000540,1628,5108,5,4.4,1988,3,1,Waterfront,44.8,1726,2024-09-07,440147
PROP-000541,2134,5119,5,2.9,1988,2,0,Waterfront,8.6,6260,2020-09-18,545109
PROP-000542,2179,13724,6,3,1987,0,0,Waterfront,30.2,14340,2024-04-17,745898
PROP-000543,2150,9243,4,4.3,1973,0,0,Rural,1.5,4646,2022-02-22,483393
PROP-000544,1418,11817,1,1.9,2022,0,0,Urban,43.8,16210,2025-04-16,248998
PROP-000545,3730,13251,5,1.8,2014,3,0,Historic,43.4,7817,2025-01-31,763146
PROP-000546,804,5224,4,1.3,1957,0,0,Urban,37.1,1865,2019-09-22,140566
PROP-000547,1792,10437,3,2,1978,1,0,Historic,39.1,15098,2022-09-07,499113
PROP-000548,1611,17053,6,1.4,1979,3,0,Historic,10.5,2254,2019-12-14,516901
PROP-000549,2853,10574,1,2.3,2020,3,0,Historic,12.9,16786,2022-05-13,796997
PROP-000550,1622,2604,3,3.7,1957,1,0,Waterfront,1.3,2060,2025-09-17,665796
PROP-000551,2355,7810,6,2.9,1966,3,0,Waterfront,15.8,5465,2023-06-18,787380
PROP-000552,2230,9185,2,1.6,2007,0,0,Suburban,10.4,17257,2025-09-17,1023878
PROP-000553,4474,14154,1,1.5,2011,1,1,Rural,9,7636,2023-10-17,775244
PROP-000554,3153,3033,6,3.6,1971,0,0,Historic,22.5,7855,2023-08-14,1168291
PROP-000555,1138,17791,1,4.5,1997,2,0,Historic,22.4,12985,2021-04-23,206264
PROP-000556,1427,13092,6,4.3,1971,3,0,Rural,42.7,11757,2022-07-03,284779
PROP-000557,2818,16041,3,1.2,1986,1,0,Suburban,17,14495,2018-09-09,492796
PROP-000558,3023,9817,4,2.3,1988,1,0,Urban,35.3,12870,2023-07-29,684388
PROP-000559,1770,2087,1,3.3,2004,0,0,Suburban,2.8,11898,2024-11-07,320908
PROP-000560,3312,12078,2,1.7,1994,0,0,Historic,20.3,15515,2022-08-12,735368
PROP-000561,1969,19650,4,2.9,2000,0,0,Waterfront,30,11497,2025-07-04,557458
PROP-000562,1179,14841,3,3.3,1987,0,0,Suburban,6.3,6075,2022-12-20,302698
PROP-000563,2386,16393,5,1.9,1962,2,0,Urban,41.5,16408,2018-10-05,596569
PROP-000564,2793,14169,3,1.6,2019,3,1,Rural,41.3,11301,2024-11-28,453406
PROP-000565,3609,12252,3,2.9,1965,2,0,Historic,41.1,15916,2023-03-10,573079
PROP-000566,4339,10179,4,1.7,1950,3,0,Historic,1.4,10960,2022-07-25,1422745
PROP-000567,4216,4629,1,2.6,2018,3,0,Historic,26.1,5012,2020-10-30,646170
PROP-000568,2584,4837,6,1.5,1984,2,0,Urban,43.1,8824,2025-05-15,837982
PROP-000569,4315,3484,5,1.8,2003,3,1,Suburban,12.4,11258,2020-08-22,642735
PROP-000570,1251,17398,6,1.2,2007,3,0,Waterfront,16.4,5971,2023-06-02,502743
PROP-000571,1710,14171,4,2.1,2018,1,0,Rural,24.2,16837,2025-04-18,471165
PROP-000572,4058,6813,3,2.2,1988,2,0,Urban,34.8,7324,2019-01-26,802295
PROP-000573,830,2786,3,1.5,2015,1,0,Urban,38.1,11595,2019-12-30,295832
PROP-000574,3411,6081,6,2.2,1995,1,0,Suburban,17.3,2886,2021-11-26,725440
PROP-000575,1436,8510,1,2.8,2023,3,0,Urban,19.7,14175,2025-04-08,419406
PROP-000576,3793,18910,6,1.8,1999,2,0,Urban,29,9517,2024-10-19,702411
PROP-000577,3472,11073,3,1.8,2002,0,0,Waterfront,26.4,15217,2019-08-21,765383
PROP-000578,3083,14121,1,3.4,2009,2,0,Waterfront,18.8,11590,2022-08-07,788269
PROP-000579,3752,3063,4,3,1969,2,1,Historic,37.9,13301,2022-11-01,1234754
PROP-000580,3131,16068,2,4.1,2004,2,0,Waterfront,10.6,15717,2020-08-12,1140944
PROP-000581,1514,14868,2,1.6,2003,1,0,Suburban,35.6,13516,2021-03-25,383747
PROP-000582,1739,17629,3,1.3,2003,2,0,Historic,14.4,11788,2024-03-26,291273
PROP-000583,4281,18833,5,4,2003,1,0,Waterfront,5.7,12761,2022-02-27,1050963
PROP-000584,2101,8874,2,1.4,1951,2,0,Rural,12,6789,2024-05-14,459820
PROP-000585,2439,3370,2,3.8,1976,1,0,Historic,19.2,3224,2025-10-02,744658
PROP-000586,1531,7372,4,2.4,2023,2,0,Urban,37.8,9129,2024-01-06,827984
PROP-000587,3259,14726,2,2.1,1969,3,0,Waterfront,11.3,1900,2018-05-08,996765
PROP-000588,895,2994,2,3,1960,1,1,Suburban,7.3,2120,2021-07-08,257167
PROP-000589,3434,3242,2,2.1,1994,0,0,Rural,29.7,14757,2018-11-28,1123191
PROP-000590,3674,18379,6,2.8,1982,2,0,Waterfront,24,16664,2021-10-17,1276462
PROP-000591,1824,11720,1,3.5,1990,1,0,Waterfront,10.4,14246,2023-05-18,698255
PROP-000592,4240,14316,1,3.7,2020,2,0,Waterfront,36.4,5653,2022-11-18,1153842
PROP-000593,2306,15841,6,1.9,1962,3,0,Waterfront,35.2,4009,2025-04-13,966915
PROP-000594,4496,5216,6,3.4,1962,2,0,Urban,8.4,13602,2020-05-30,1109258
PROP-000595,3560,16027,1,3.1,1957,2,0,Rural,4.8,2961,2024-03-01,742841
PROP-000596,3503,13201,6,3.5,1963,2,0,Waterfront,5.3,14320,2025-02-13,757569
PROP-000597,3066,17347,6,2.6,1952,0,0,Historic,9.6,6318,2024-03-23,984021
PROP-000598,3578,14129,6,1.3,2010,1,0,Rural,12.4,12844,2023-07-06,1081999
PROP-000599,3725,8374,5,3.3,1954,2,1,Waterfront,14.4,6865,2025-05-27,2102117
PROP-000600,1101,17691,5,4,1955,2,0,Urban,20.9,12891,2022-11-06,220274
PROP-000601,1068,3175,4,2.2,1950,1,0,Rural,40.7,11036,2023-12-26,323190
PROP-000602,3114,4587,4,4.5,1975,1,0,Historic,8.7,2385,2020-05-09,966807
PROP-000603,3487,3065,6,3.6,1975,0,0,Urban,2,7839,2025-06-22,598691
PROP-000604,3282,4541,6,3.1,2017,1,0,Waterfront,15.9,13269,2024-05-25,1074278
PROP-000605,2749,18245,4,2,1971,0,0,Rural,29.2,12165,2025-10-16,952378
PROP-000606,2845,16036,5,3.1,1974,1,1,Rural,29.7,1831,2021-05-20,646923
PROP-000607,4235,4880,5,3.1,2019,1,0,Historic,43.5,1296,2022-11-20,773244
PROP-000608,4465,8150,2,4,1970,0,0,Waterfront,6.5,16662,2023-07-27,1540500
PROP-000609,837,5301,5,2.7,2007,1,0,Historic,22.2,2328,2019-06-08,170341
PROP-000610,1294,4110,2,2.6,1997,1,0,Historic,31.3,9621,2025-07-27,201662
PROP-000611,4038,9371,2,1.3,1965,1,0,Urban,20.4,4082,2019-05-25,658776
PROP-000612,4095,14729,2,4.1,1965,1,0,Urban,39.7,6939,2025-11-27,1245864
PROP-000613,4138,5172,4,2.1,2012,1,0,Urban,44.2,12376,2021-04-14,886986
PROP-000614,1071,10560,3,4,1967,2,0,Urban,29.5,16023,2025-09-15,283558
PROP-000615,1270,17453,4,3.2,2016,3,0,Historic,13.1,17400,2021-06-05,358453
PROP-000616,2493,7285,1,4,2016,0,0,Rural,23.8,8309,2023-07-27,774794
PROP-000617,1225,15004,2,3.2,1984,1,0,Urban,44.5,14097,2024-09-16,384924
PROP-000618,1707,10715,2,2.2,1979,1,0,Waterfront,26.5,15183,2024-02-26,617301
PROP-000619,1324,18031,2,1.3,2022,1,1,Urban,8.6,17806,2025-03-12,378252
PROP-000620,835,12470,4,3.8,1995,0,1,Suburban,11.1,3039,2018-10-08,305760
PROP-000621,995,3367,6,2.9,1950,1,1,Suburban,43.5,1813,2022-06-22,300419
PROP-000622,4316,3403,1,1.6,2023,0,0,Rural,24.2,5429,2022-07-10,1000105
PROP-000623,3060,16310,6,1.3,1990,3,0,Waterfront,35.2,11726,2019-08-30,1114114
PROP-000624,1974,2105,2,1.2,2009,0,0,Suburban,10.6,6054,2025-04-18,362452
PROP-000625,1742,17537,6,3.2,1971,3,0,Rural,8.4,17153,2018-10-03,311777
PROP-000626,2436,14780,4,2,1999,2,0,Urban,15.6,8519,2024-08-10,458191
PROP-000627,1991,14404,4,3.9,2019,0,0,Suburban,31.3,17312,2021-10-27,655509
PROP-000628,3998,5833,4,1.4,1996,1,0,Historic,3.7,3917,2019-01-13,1278898
PROP-000629,2575,9852,5,2.5,2023,1,0,Historic,19.2,16759,2018-03-24,715505
PROP-000630,3689,7005,1,2.8,1984,1,0,Urban,28.1,5410,2020-01-16,1181280
PROP-000631,1041,19587,2,1.3,1998,2,0,Rural,38,6363,2023-08-12,266396
PROP-000632,1609,11712,2,2.9,1979,0,0,Urban,42.1,14947,2022-06-12,222506
PROP-000633,1399,12505,1,3.3,1958,0,1,Rural,26.4,7936,2022-10-10,154283
PROP-000634,3949,19154,5,3.5,1972,0,0,Waterfront,30.7,9134,2022-10-08,1530256
PROP-000635,1723,5377,4,4.3,1969,2,1,Historic,35.9,2910,2021-02-26,371347
PROP-000636,955,5793,5,2.5,1952,1,0,Rural,28.5,10690,2018-03-03,158630
PROP-000637,3079,16296,4,3.9,2005,3,0,Suburban,35.9,2847,2023-07-07,893109
PROP-000638,2666,4540,4,3.6,1956,0,0,Rural,8.9,14791,2022-12-17,495363
PROP-000639,3944,4309,2,3.2,2021,0,0,Urban,29,3014,2021-09-05,1037338
PROP-000640,3124,3237,6,1.5,2010,2,0,Rural,10.7,10953,2023-01-05,1124515
PROP-000641,2509,13834,5,2,2011,3,0,Urban,40.7,10692,2022-02-05,728093
PROP-000642,1569,16828,6,2.9,1995,3,1,Rural,32.1,9532,2025-05-07,551775
PROP-000643,3901,3019,6,3.3,2010,0,0,Suburban,30.5,15921,2020-03-13,1201739
PROP-000644,3130,15205,4,3.3,1989,2,0,Urban,43.5,8029,2021-04-07,556528
PROP-000645,2412,9874,6,2.1,1961,2,0,Waterfront,2.4,9615,2019-12-16,522668
PROP-000646,4185,9088,2,3.5,1993,1,0,Rural,44.1,9754,2020-02-26,1411833
PROP-000647,897,3812,6,3.1,1953,1,1,Urban,36.1,1351,2020-01-29,176618
PROP-000648,4348,6856,3,4.2,1972,2,0,Suburban,30,2052,2025-04-16,1016860
PROP-000649,4091,2602,2,1.6,1997,3,0,Waterfront,23.5,1597,2025-07-11,1229741
PROP-000650,807,15035,4,1.3,2014,1,0,Historic,29.8,3841,2020-03-16,250608
PROP-000651,4193,13428,4,4.3,1956,3,0,Urban,26.8,17407,2022-02-24,1231149
PROP-000652,2872,3190,6,3,1985,0,0,Waterfront,43,7603,2020-01-27,754696
PROP-000653,2535,19007,3,4.3,1950,2,0,Rural,20.6,5696,2025-08-01,832969
PROP-000654,2632,16813,3,1.4,1988,3,0,Rural,28.5,6762,2024-06-10,876306
PROP-000655,4118,6151,2,3.5,2011,2,0,Waterfront,21.2,7611,2018-12-30,1014698
PROP-000656,3594,8012,4,3.5,2008,3,0,Rural,29.1,5636,2022-12-20,918817
PROP-000657,2591,9193,5,1.9,1992,1,0,Suburban,34.5,5464,2020-03-28,326950
PROP-000658,3734,3129,4,2.5,2023,3,0,Waterfront,42.9,14603,2018-07-23,1330001
PROP-000659,1850,4291,4,3.4,2011,3,0,Historic,25.6,10219,2019-04-26,369194
PROP-000660,1442,18660,1,2,1965,2,0,Suburban,1.8,6337,2021-11-29,386325
PROP-000661,1033,5015,6,3.4,1955,3,0,Rural,38.8,14802,2022-02-01,327690
PROP-000662,1335,8575,6,4,1950,2,0,Historic,19.7,11822,2018-09-25,340758
PROP-000663,1635,15333,5,4.3,1983,3,1,Suburban,15,2469,2022-04-29,234879
PROP-000664,2875,4678,4,2.3,1987,3,0,Waterfront,27.8,14135,2023-06-01,999974
PROP-000665,1001,11059,2,2.5,2003,0,0,Historic,24.7,7182,2025-08-18,157049
PROP-000666,4257,14684,4,2.9,2000,0,0,Suburban,16.9,2859,2024-04-15,943896
PROP-000667,1013,5414,4,3.8,2004,3,0,Rural,19.1,8683,2018-11-27,368443
PROP-000668,1849,12578,4,4,2020,1,0,Waterfront,11.3,7833,2024-04-10,678492
PROP-000669,915,8839,1,3.6,2024,2,0,Waterfront,5.6,2199,2018-05-02,496534
PROP-000670,2455,19580,4,3.4,1981,3,0,Historic,3.2,13703,2018-03-19,469478
PROP-000671,2165,3943,1,2.2,1950,2,0,Rural,22.9,16735,2025-05-07,240122
PROP-000672,3978,11737,3,2.9,1954,2,1,Rural,23.5,7686,2022-04-20,744429
PROP-000673,872,10541,3,1.1,2010,1,0,Historic,32.5,8782,2023-04-12,312840
PROP-000674,3236,19029,4,3.4,1966,3,0,Historic,31.6,15897,2018-09-30,1086947
PROP-000675,2102,8534,2,4.5,1994,0,0,Suburban,12.2,16900,2022-01-18,311892
PROP-000676,3203,2487,4,2,1958,1,0,Historic,17.5,15236,2021-11-25,1078298
PROP-000677,3484,16980,5,1.7,1990,0,0,Suburban,25.5,9624,2023-06-09,837827
PROP-000678,840,11281,1,2.3,1969,2,0,Rural,6.7,3098,2024-07-18,323877
PROP-000679,3642,9823,1,3.7,2001,1,1,Historic,4.8,14849,2019-05-03,708774
PROP-000680,1474,7692,4,2.8,1957,0,0,Suburban,22.8,7180,2023-07-26,229337
PROP-000681,2723,17026,5,3.6,2021,1,0,Rural,15.2,12252,2022-06-22,445038
PROP-000682,3378,18056,3,2,2013,3,0,Rural,40.2,5788,2023-05-09,1117226
PROP-000683,3016,6018,3,3.1,2012,2,0,Suburban,8.2,11281,2022-10-01,922220
PROP-000684,2645,18511,4,3.4,1958,2,0,Urban,40.4,14775,2025-11-04,500004
PROP-000685,1001,9120,1,3.8,2007,0,0,Suburban,17.1,13935,2023-03-07,262339
PROP-000686,2546,9897,6,1.3,2021,3,0,Suburban,22.5,11456,2020-11-15,497440
PROP-000687,2832,12328,5,4.4,1978,3,0,Suburban,9,16797,2024-01-20,864324
PROP-000688,2898,17388,5,3.2,1952,2,0,Rural,12.9,12826,2025-04-17,1019126
PROP-000689,1799,19148,1,3.2,2011,1,0,Rural,22.6,16954,2018-07-16,573199
PROP-000690,4351,3433,5,3.1,1996,0,1,Urban,28.9,11364,2024-12-05,1222870
PROP-000691,4062,4998,5,1.6,1994,3,0,Urban,30.3,10296,2020-02-28,624625
PROP-000692,1937,12584,2,1.4,1955,1,0,Historic,8.8,17843,2018-07-01,465814
PROP-000693,2836,9622,4,1.3,1967,3,0,Historic,23.8,11081,2020-11-15,716487
PROP-000694,1858,10836,6,2.2,1957,3,0,Historic,31.1,1812,2025-11-05,403959
PROP-000695,1705,9524,2,3.4,1957,0,0,Suburban,25.6,14499,2019-03-13,367596
PROP-000696,1116,6694,6,1.5,1959,1,0,Rural,3.8,8686,2018-04-21,396279
PROP-000697,2316,17329,4,3.8,2024,1,0,Suburban,15,16395,2018-04-30,370478
PROP-000698,2795,3067,2,2.7,1990,1,0,Urban,4.2,17391,2020-10-20,579681
PROP-000699,938,16616,5,1.7,1971,0,1,Urban,5.8,7079,2025-07-02,262561
PROP-000700,3606,7438,5,1.1,1973,1,0,Waterfront,7.3,3443,2024-10-26,1325802
PROP-000701,3705,9631,1,3,1973,3,0,Urban,29.2,17120,2024-10-01,1135053
PROP-000702,4216,6103,2,3.6,2005,3,0,Waterfront,16.9,9689,2021-07-30,991601
PROP-000703,4252,12644,3,1.7,2010,3,1,Rural,9,10553,2025-08-22,904529
PROP-000704,1007,15946,5,3.8,1988,2,0,Waterfront,39.2,6679,2022-04-04,502611
PROP-000705,3707,7119,5,1.8,2010,3,0,Historic,9.2,15267,2022-02-11,1227903
PROP-000706,1581,9607,3,4,1994,0,0,Suburban,28.1,8722,2022-09-01,406771
PROP-000707,2011,12608,1,1.4,1953,2,1,Historic,20.3,8336,2020-11-13,325684
PROP-000708,3024,2903,4,3,1958,2,0,Urban,24.5,10982,2018-01-11,428412
PROP-000709,3424,19563,3,2.7,1982,3,0,Historic,5.7,8046,2025-09-21,592313
PROP-000710,4291,7673,6,2.2,1989,2,0,Urban,6.6,1981,2018-04-07,1194083
PROP-000711,3443,13797,3,3.8,1987,1,1,Waterfront,8.1,5001,2019-02-11,643560
PROP-000712,1355,3093,1,4,1989,3,0,Waterfront,16.3,5520,2018-03-26,410535
PROP-000713,3261,13990,1,1.1,1970,3,0,Suburban,24.7,4482,2022-03-16,443036
PROP-000714,1285,13021,5,1.5,1973,2,0,Urban,19,7572,2021-02-21,206522
PROP-000715,1990,14598,1,2.2,2019,1,0,Urban,23.5,13871,2021-08-27,560614
PROP-000716,1699,16122,3,1.3,1969,1,0,Rural,14.9,10691,2021-01-10,558211
PROP-000717,3657,3674,4,1.9,1984,2,0,Historic,31.2,13494,2019-09-29,655250
PROP-000718,955,5570,6,1.3,2014,2,0,Historic,11,17857,2021-12-25,340878
PROP-000719,4407,13471,2,3.3,1967,1,0,Rural,34.8,3260,2018-08-02,1519101
PROP-000720,2677,5920,2,1,1966,3,0,Rural,11.1,17224,2019-10-16,412913
PROP-000721,2006,9941,4,1.9,1978,1,0,Waterfront,23.9,6059,2024-07-05,687793
PROP-000722,2664,3529,2,3.2,1952,1,0,Waterfront,27.1,10363,2018-01-28,560640
PROP-000723,1096,10241,2,2.5,2007,0,0,Urban,7.4,5470,2019-10-23,206363
PROP-000724,2327,9510,3,1.1,1981,2,0,Rural,32.3,14321,2022-02-18,559613
PROP-000725,2911,10593,2,2.1,1954,3,0,Urban,43.8,9842,2019-10-23,634444
PROP-000726,1804,14647,1,1.3,2004,3,0,Suburban,26,14288,2025-02-08,547281
PROP-000727,3630,10453,4,2.6,2024,0,0,Suburban,13.5,13780,2024-06-15,1445448
PROP-000728,2274,19940,3,2.1,1984,0,0,Rural,26.3,6671,2021-08-13,720957
PROP-000729,857,15633,2,4,1981,1,0,Rural,17.1,1228,2021-04-26,214391
PROP-000730,3994,10634,5,3,2003,1,1,Urban,44,7741,2023-07-06,834273
PROP-000731,2016,13023,2,2.3,2024,1,0,Rural,1.9,6572,2018-03-24,627740
PROP-000732,2334,11484,4,3.8,1970,3,0,Waterfront,40.8,2998,2018-02-23,489150
PROP-000733,3723,12590,4,2.7,1953,3,0,Historic,12,7000,2018-11-20,881004
PROP-000734,4458,15641,3,3.5,1986,0,0,Waterfront,40.1,10672,2024-05-13,1455597
PROP-000735,3820,12020,4,1.7,1956,1,0,Waterfront,24.2,11793,2021-09-03,1142671
PROP-000736,950,9060,1,4.4,1963,2,0,Waterfront,16.8,16591,2018-07-20,301266
PROP-000737,2984,16265,2,3.3,2023,3,0,Waterfront,11.8,1293,2023-05-02,1026401
PROP-000738,3410,18185,4,2.1,1956,1,0,Historic,30.9,3077,2024-03-03,522912
PROP-000739,1349,5291,5,2.6,1992,3,0,Historic,19.5,14727,2025-11-14,251840
PROP-000740,1041,18499,6,2.6,2022,0,0,Rural,16.4,15957,2025-10-02,382612
PROP-000741,4351,16231,1,3.7,1999,0,1,Rural,24.7,16176,2023-02-17,1510930
PROP-000742,3841,9888,2,1.2,2020,1,0,Rural,34.2,5127,2023-02-12,1048248
PROP-000743,3024,3095,1,3.3,1984,3,0,Suburban,5.5,3479,2019-10-29,822203
PROP-000744,4170,8662,5,1.8,1994,2,0,Rural,15.2,13704,2023-06-24,1324572
PROP-000745,3101,5759,3,1.6,1997,1,0,Historic,33.7,15925,2021-07-29,732815
PROP-000746,2970,10323,4,3.5,1996,0,0,Rural,26.1,13938,2020-02-15,472815
PROP-000747,1438,2201,4,3.3,1950,0,0,Historic,9.3,13277,2021-09-20,407426
PROP-000748,3242,8189,5,3.6,2009,2,0,Historic,11.4,7196,2021-03-04,797937
PROP-000749,4044,6379,2,2.1,1959,3,0,Rural,32,14045,2019-08-29,771871
PROP-000750,2577,19418,2,4,1992,1,0,Waterfront,19.3,13244,2019-01-21,577854
PROP-000751,1238,2165,2,4.5,1952,1,0,Suburban,22.2,5395,2018-10-16,158571
PROP-000752,3105,7761,6,1.2,1989,1,0,Waterfront,23.4,17229,2022-05-16,1223913
PROP-000753,1187,15854,5,4,2006,0,0,Rural,39,16180,2022-08-21,194681
PROP-000754,2922,16554,2,1.8,2020,0,0,Waterfront,9.2,5005,2021-11-10,742294
PROP-000755,3616,19919,1,2.6,2019,2,1,Waterfront,33.3,6821,2023-11-09,1005833
PROP-000756,1845,12862,6,1.3,1987,0,0,Historic,35.2,13875,2021-05-21,519524
PROP-000757,1950,7680,1,2.6,1996,1,0,Suburban,19.6,9522,2019-06-09,450565
PROP-000758,1781,4472,5,3,1959,2,0,Rural,32.5,10412,2021-01-31,470927
PROP-000759,3973,17720,1,1.6,1981,3,0,Urban,24,17805,2021-10-05,1121405
PROP-000760,1908,14357,4,1.2,1999,3,1,Historic,1.4,7189,2019-03-31,502905
PROP-000761,3281,17577,3,4,2013,0,0,Rural,5,4117,2018-06-20,752487
PROP-000762,1636,11188,4,3.6,1967,1,0,Suburban,15.2,1289,2020-12-10,240138
PROP-000763,843,16181,4,1.1,1952,3,0,Historic,31.9,13148,2020-10-14,163905
PROP-000764,1242,19575,4,2,1990,0,0,Waterfront,39.9,7461,2018-10-25,361331
PROP-000765,2734,5002,1,2.1,2023,1,0,Historic,34.8,17467,2023-04-07,886531
PROP-000766,2256,6322,2,2.2,2015,2,0,Waterfront,3.9,9542,2021-03-04,640490
PROP-000767,1755,13478,6,1.4,2019,1,0,Urban,15.6,11535,2022-01-03,374115
PROP-000768,1349,11789,6,3.1,1985,2,0,Waterfront,41.2,2370,2018-10-30,1108841
PROP-000769,807,3469,1,4.1,1973,0,0,Suburban,43.5,9446,2025-10-06,275599
PROP-000770,3060,2613,4,1.5,1950,3,0,Urban,30.5,14738,2021-12-16,822263
PROP-000771,1278,6039,4,3.8,2014,1,0,Waterfront,20,10629,2018-01-16,349570
PROP-000772,3043,4108,3,2.4,1989,1,0,Historic,9.5,4506,2024-09-17,893366
PROP-000773,4259,4711,4,1.3,1989,0,1,Urban,2.9,4645,2022-09-16,1258873
PROP-000774,1233,5710,6,1.5,1996,1,1,Rural,9.6,2373,2018-06-02,408656
PROP-000775,4230,19527,5,1,1955,0,1,Waterfront,31.3,10929,2025-10-14,1148852
PROP-000776,1637,2432,1,1.1,1982,0,0,Waterfront,20.6,12352,2020-07-13,523154
PROP-000777,3512,4090,4,3.7,1980,2,0,Urban,11.8,1857,2025-03-07,1168200
PROP-000778,1999,17785,4,4.2,1978,3,0,Historic,2.5,3999,2022-03-02,599518
PROP-000779,1883,4230,2,3.8,1974,1,0,Historic,9.5,4856,2022-06-05,433956
PROP-000780,1379,18590,4,4.2,1968,2,0,Waterfront,42.3,13033,2021-12-22,982696
PROP-000781,1115,16666,1,1.3,1973,1,0,Suburban,27.9,8572,2022-11-17,340287
PROP-000782,3284,16712,5,1.6,1996,0,0,Waterfront,9.5,6919,2020-07-21,1220454
PROP-000783,3170,13739,2,3.7,1998,0,0,Historic,5,1372,2024-02-22,920062
PROP-000784,3111,16775,1,1.5,1956,1,0,Rural,17.2,7719,2025-10-05,514021
PROP-000785,2275,18345,3,4.2,2019,0,0,Rural,24.8,15778,2018-10-26,705292
PROP-000786,3988,15054,6,2.6,1983,2,0,Rural,13.1,15266,2022-05-04,1160475
PROP-000787,1917,14056,1,2.8,2007,1,0,Rural,12.3,13604,2019-02-20,579150
PROP-000788,2216,6121,4,4.4,2001,3,0,Waterfront,40.7,9849,2024-02-21,849570
PROP-000789,2638,8744,5,4,1954,0,1,Urban,6.5,13233,2020-03-19,765805
PROP-000790,939,15354,2,2.8,2020,1,0,Urban,38.8,14786,2022-08-25,165329
PROP-000791,1803,5014,5,3.7,1961,2,0,Historic,42.5,15569,2018-07-31,340643
PROP-000792,3132,15224,6,3.7,1952,2,0,Urban,5.5,8345,2023-10-03,941848
PROP-000793,3792,6582,4,2.5,1993,0,1,Waterfront,9.5,7908,2024-04-08,762741
PROP-000794,2106,2988,4,1.2,1958,1,0,Urban,14.6,8017,2020-03-28,374838
PROP-000795,3413,15466,3,1.4,1979,0,0,Rural,21.5,12423,2024-07-03,847305
PROP-000796,4061,3676,3,3.7,1958,2,0,Historic,41.4,11770,2020-02-17,1093697
PROP-000797,3512,8553,1,1.5,1993,2,0,Suburban,5.2,9506,2021-03-09,397993
PROP-000798,1880,8869,3,2.8,2012,1,1,Historic,26.6,3908,2018-06-22,352825
PROP-000799,1811,15848,1,1.2,1964,3,0,Historic,28.9,11322,2021-08-24,321823
PROP-000800,1107,13709,6,3,1972,1,0,Rural,6.1,11973,2018-04-28,318841
PROP-000801,1776,15194,6,1,2014,0,1,Waterfront,30.8,9226,2025-12-04,729036
PROP-000802,2545,11516,2,2.8,1970,1,0,Suburban,36.5,9374,2025-10-10,689318
PROP-000803,3516,16045,5,2.2,1996,0,0,Rural,15.5,2714,2019-10-02,919954
PROP-000804,3283,4694,4,1.8,2003,3,0,Urban,20.5,2628,2020-07-20,511418
PROP-000805,3406,4307,2,1.6,2022,3,0,Rural,36.9,9922,2018-02-19,588125
PROP-000806,1809,4005,5,4.3,2023,2,0,Urban,20.1,13694,2025-03-21,508636
PROP-000807,2724,4626,2,4.4,2013,0,0,Suburban,42.7,3774,2020-07-28,406323
PROP-000808,2739,10699,4,3.3,2002,2,0,Historic,21,13948,2021-06-22,906120
PROP-000809,4011,14612,2,4.1,2011,0,0,Waterfront,11.7,3419,2025-05-16,1007233
PROP-000810,953,8274,1,4.2,1993,2,0,Urban,15.9,10543,2023-12-02,264690
PROP-000811,4456,7735,1,2.7,2001,3,1,Suburban,29.1,5322,2024-12-12,1069636
PROP-000812,2347,19918,3,3.1,1970,3,1,Urban,32.9,11487,2020-04-04,439110
PROP-000813,4202,18479,5,2.6,2010,2,0,Suburban,37.4,2461,2018-12-23,863223
PROP-000814,3897,6427,4,2.8,2013,3,0,Historic,8.4,2075,2018-05-17,1239724
PROP-000815,3907,16359,4,3.7,1993,0,0,Suburban,30.3,17403,2020-05-13,534805
PROP-000816,3334,15976,4,4.5,1981,2,0,Suburban,37.4,8910,2023-04-27,482746
PROP-000817,2949,8000,5,2.5,1983,0,0,Urban,37.4,2443,2023-09-05,585780
PROP-000818,3092,8276,3,3,1974,2,0,Rural,34.9,9865,2022-12-13,963117
PROP-000819,1147,19985,3,3.6,2017,2,0,Historic,25.9,9622,2024-02-22,325516
PROP-000820,2884,6641,3,3.7,1950,2,0,Historic,31,17635,2018-07-09,932926