CustomerId,RecencyDays,Frequency,MonetaryTotal,AvgOrderValue,NumReturns,EmailOpenRate,LoyaltyPoints,PreferredChannel,AgeGroup,Region
CUST-00001,253,40,11112.39,286.7,9,0.02,55887,MobileApp,46-55,North
CUST-00002,163,32,14900.59,11.07,2,0.64,5004,InStore,56+,West
CUST-00003,172,45,15164.33,123.47,1,0.45,32195,MobileApp,46-55,North
CUST-00004,110,63,18741.68,158.82,7,0.17,37516,Phone,18-25,West
CUST-00005,233,43,5681.59,31.05,9,0.33,7332,Phone,26-35,East
CUST-00006,307,16,23548.17,35,1,0.6,2236,InStore,56+,West
CUST-00007,396,58,22102.04,293.97,9,0.58,27099,InStore,56+,West
CUST-00008,56,13,15411.74,42.39,9,0.65,20321,Online,56+,East
CUST-00009,134,35,21055.01,316.14,8,0.06,54040,Online,56+,North
CUST-00010,362,29,21600.97,166.82,8,0.66,37746,Phone,56+,South
CUST-00011,382,55,27928,409.1,10,0.65,34725,InStore,56+,West
CUST-00012,91,26,29399.92,372.1,10,0.45,6853,Online,26-35,South
CUST-00013,251,39,4086.66,158.41,0,0.65,13840,Online,36-45,West
CUST-00014,286,50,17161.6,229.02,4,0.14,1617,Online,26-35,West
CUST-00015,163,18,14960.04,26.9,10,,55659,MobileApp,46-55,West
CUST-00016,272,18,19629.99,100.02,6,0.46,58604,Phone,26-35,West
CUST-00017,318,74,2090.91,88.36,7,0.35,45310,InStore,56+,South
CUST-00018,233,44,1223.38,27.25,0,0.62,54679,MobileApp,46-55,South
CUST-00019,95,68,10721.42,342.65,0,0.14,45396,MobileApp,36-45,North
CUST-00020,366,69,8034.34,417.92,8,0.53,11952,Phone,26-35,South
CUST-00021,279,80,5669.34,78.56,7,0.66,19007,MobileApp,18-25,West
CUST-00022,391,42,19123.24,412.52,0,,10702,MobileApp,36-45,West
CUST-00023,91,17,29154.57,435.6,0,0.65,30620,InStore,36-45,South
CUST-00024,76,2,22842.46,224.52,7,0.49,31064,Online,36-45,East
CUST-00025,29,43,7208.47,566.73,8,0.42,19371,InStore,26-35,East
CUST-00026,139,56,756.52,516.57,10,0.52,51417,Phone,18-25,South
CUST-00027,372,10,7662.45,385,9,,15437,InStore,46-55,North
CUST-00028,345,71,22473,483.65,3,0.61,41174,Online,36-45,East
CUST-00029,163,59,24539.55,587.61,6,0.11,57369,MobileApp,18-25,East
CUST-00030,3,14,6509.65,189.99,1,0.07,29412,MobileApp,46-55,West
CUST-00031,242,3,19485.51,46.14,7,0.47,51119,MobileApp,56+,West
CUST-00032,174,30,22019.97,290.02,4,0.6,55085,Phone,56+,West
CUST-00033,124,53,18603.73,532.91,5,0.53,48848,Online,18-25,East
CUST-00034,394,46,3209.13,278.68,0,0.42,49673,InStore,56+,West
CUST-00035,372,25,14055.16,393.2,6,0.49,58497,Phone,56+,West
CUST-00036,154,25,23254.45,262.51,1,0.62,12124,Online,18-25,East
CUST-00037,338,57,13600.67,317.92,5,0.61,50866,Phone,56+,North
CUST-00038,313,5,21713.34,336.53,0,0.46,35668,Phone,36-45,South
CUST-00039,365,56,13947.43,435.76,8,,16405,Online,18-25,South
CUST-00040,347,5,27036.54,21.71,6,0.23,57228,Phone,26-35,North
CUST-00041,317,57,21456.61,550.3,6,0.06,27639,InStore,36-45,West
CUST-00042,31,69,29384.17,287.78,4,0.51,11797,MobileApp,46-55,North
CUST-00043,358,42,23718.8,48.2,0,0.19,19800,InStore,56+,West
CUST-00044,308,56,29828.42,382.17,8,0.37,19573,Phone,56+,South
CUST-00045,373,59,16309.47,596.25,6,0.35,29619,Phone,46-55,West
CUST-00046,386,51,5283.76,398.41,5,0.34,27251,MobileApp,46-55,North
CUST-00047,76,44,28033.36,152.21,0,,8271,MobileApp,18-25,South
CUST-00048,11,73,512.7,162.99,5,0.69,56323,MobileApp,18-25,East
CUST-00049,361,68,19370.51,14.19,2,0.58,23893,Online,36-45,South
CUST-00050,52,30,5287.27,259.23,7,0.69,33743,InStore,26-35,West
CUST-00051,14,7,17236.87,53.81,1,0.12,49664,InStore,18-25,West
CUST-00052,237,16,1516.44,474.42,7,0.24,58422,MobileApp,46-55,West
CUST-00053,15,31,8291.7,295.59,5,0.18,24215,Online,46-55,North
CUST-00054,297,40,6090.59,244.22,9,,55571,MobileApp,46-55,South
CUST-00055,157,67,14743.23,278.41,8,,49236,Phone,46-55,South
CUST-00056,206,77,27304.23,561.08,9,,52089,MobileApp,56+,South
CUST-00057,188,30,11588,527.53,4,,165,Online,26-35,East
CUST-00058,358,17,23375.75,133.02,0,0.08,3807,Online,46-55,South
CUST-00059,228,25,5833.11,404,8,0.69,4379,MobileApp,18-25,East
CUST-00060,83,67,6994.24,43.38,1,0.35,4987,MobileApp,36-45,North
CUST-00061,139,7,13755.33,499.6,5,0.38,4051,Online,56+,East
CUST-00062,304,57,21735.81,588.4,4,0.15,7808,InStore,46-55,South
CUST-00063,189,52,14998.37,235.49,3,0.05,34984,InStore,36-45,South
CUST-00064,163,67,25021.71,551.53,7,0.57,52215,InStore,26-35,North
CUST-00065,321,76,4186.15,502.28,7,0.5,44988,InStore,56+,South
CUST-00066,358,5,575.53,159.47,5,0.2,13537,Phone,46-55,West
CUST-00067,338,65,22586.84,274.38,0,,40192,Online,26-35,North
CUST-00068,315,32,24934.56,118.48,6,0.42,52232,Online,46-55,West
CUST-00069,106,72,8141.23,155.44,10,0.65,26567,MobileApp,18-25,South
CUST-00070,101,14,13599.23,311.12,8,0.65,55595,MobileApp,56+,South
CUST-00071,52,58,26836.98,58.17,4,0.21,27815,InStore,18-25,East
CUST-00072,195,8,6427.25,22.91,0,0.41,40964,Phone,18-25,East
CUST-00073,261,9,20712.18,362.1,1,0.14,17461,Phone,18-25,West
CUST-00074,243,21,26310.79,296.59,8,0.58,59162,MobileApp,18-25,East
CUST-00075,53,66,22665.33,562.83,2,0.03,17957,InStore,18-25,South
CUST-00076,236,28,27818.26,217.35,6,,20390,MobileApp,18-25,East
CUST-00077,375,4,11585.06,233.6,9,0.13,53719,MobileApp,26-35,North
CUST-00078,4,44,19962.41,272.96,5,0.62,2154,Phone,36-45,West
CUST-00079,165,19,3282.05,282.65,6,,36761,Phone,46-55,North
CUST-00080,296,77,6673.86,320.74,10,0.29,39389,Phone,26-35,West
CUST-00081,363,72,13756.56,506.74,4,,41628,Online,18-25,South
CUST-00082,264,51,23822.15,275.39,5,0.65,40515,MobileApp,46-55,West
CUST-00083,354,2,4577.66,519.48,1,0.67,47412,InStore,26-35,East
CUST-00084,151,8,28669.59,295.64,3,,28923,Online,36-45,East
CUST-00085,313,27,6966.83,499.84,3,0.35,3060,MobileApp,18-25,East
CUST-00086,146,30,3897.65,496.58,4,0.29,14064,MobileApp,46-55,East
CUST-00087,382,77,11907.44,445.94,7,,12834,InStore,26-35,West
CUST-00088,105,8,13648.08,88.47,6,0.51,45965,Online,46-55,South
CUST-00089,64,29,1189.69,342.17,9,0.14,52356,Online,36-45,East
CUST-00090,223,44,16075.29,71.79,9,0.4,4319,Phone,56+,West
CUST-00091,292,19,25399.65,129.9,6,0.52,15587,InStore,26-35,East
CUST-00092,150,61,6536.48,517.32,5,0.3,6176,Phone,36-45,East
CUST-00093,144,35,18939.02,409.78,7,0.45,12701,InStore,18-25,North
CUST-00094,368,9,6372.8,525.97,2,0.05,43914,InStore,46-55,East
CUST-00095,132,79,8440.58,319.33,7,0.65,22243,Phone,36-45,East
CUST-00096,151,37,3583.44,550.39,2,0.07,25888,Online,36-45,South
CUST-00097,268,32,21002.03,315.3,3,0.1,5931,InStore,46-55,North
CUST-00098,193,67,21004.73,160.75,9,0.33,14040,InStore,46-55,South
CUST-00099,280,42,16364.81,471.99,6,0.66,6211,Online,26-35,South
CUST-00100,255,4,1467.56,489.3,6,0.08,23612,Online,18-25,North
CUST-00101,176,16,12315.48,529.06,8,,57398,Online,36-45,East
CUST-00102,25,55,24119.11,224.35,4,0.02,13966,Online,56+,North
CUST-00103,15,18,21184.13,322.05,5,0.1,38146,Online,36-45,South
CUST-00104,304,3,6499.37,155.46,4,0.68,37636,InStore,18-25,South
CUST-00105,24,42,5988.91,520.93,6,0.19,32668,Phone,26-35,East
CUST-00106,154,8,29819.7,504.91,7,0.33,26483,Phone,36-45,South
CUST-00107,334,62,2348.6,136.49,1,0.54,16899,MobileApp,46-55,South
CUST-00108,119,2,3224.1,280.2,8,0.34,30956,Phone,46-55,South
CUST-00109,295,57,19923.95,457.08,2,0.14,46353,Phone,56+,South
CUST-00110,159,35,15915.89,155.84,0,0.37,35682,Phone,18-25,South
CUST-00111,79,42,21069.96,239.95,9,0.15,57930,Online,56+,West
CUST-00112,335,62,5981.63,178.82,9,0.42,19927,InStore,26-35,East
CUST-00113,303,70,9555.29,375.97,7,0.45,33714,Phone,18-25,South
CUST-00114,130,17,7173.73,284.13,4,0.42,4186,Phone,18-25,East
CUST-00115,376,51,26781.09,459.66,9,0.51,59291,InStore,56+,West
CUST-00116,204,21,26885.56,91.23,9,0.29,24804,Online,56+,North
CUST-00117,93,24,993.9,107.87,2,0.23,56070,Online,18-25,North
CUST-00118,335,39,6751.01,571.49,8,0.22,27524,InStore,18-25,West
CUST-00119,167,16,13046.98,84.45,9,0.48,9213,MobileApp,36-45,West
CUST-00120,167,42,20553.77,18.34,6,0.59,24449,Online,18-25,East
CUST-00121,300,71,9611.18,357.17,9,0.67,50367,Online,46-55,East
CUST-00122,55,15,14709.57,243.18,9,0.37,35648,Online,18-25,South
CUST-00123,354,77,2269.92,380.85,1,0.56,20552,Phone,36-45,West
CUST-00124,175,41,7213.86,393.84,6,,52739,MobileApp,18-25,North
CUST-00125,71,3,9141.23,247.38,1,0.29,41198,Online,26-35,West
CUST-00126,219,21,26956.75,300.06,9,,418,Phone,36-45,West
CUST-00127,26,61,22636.34,538.89,4,0.05,28027,MobileApp,18-25,North
CUST-00128,266,18,4280.26,150.44,3,0.25,44822,InStore,26-35,East
CUST-00129,107,66,3591.47,477.26,9,0.6,5777,Online,18-25,East
CUST-00130,120,67,7305.12,380.13,10,0.58,19101,InStore,18-25,West
CUST-00131,125,5,23287.55,92.64,10,0.18,56028,MobileApp,56+,North
CUST-00132,168,43,24321.42,192.11,6,,7824,InStore,36-45,East
CUST-00133,335,5,12299.04,397.21,10,,54543,InStore,26-35,West
CUST-00134,312,10,9865.84,118.29,5,,51579,Online,36-45,North
CUST-00135,59,54,19455.08,45.51,4,0.09,19067,Online,18-25,West
CUST-00136,208,16,11593.99,350.37,0,0.45,44550,InStore,56+,South
CUST-00137,174,1,20660.66,60.62,2,0.63,1526,Phone,26-35,East
CUST-00138,201,52,2278.79,350.62,10,0.65,42577,MobileApp,56+,North
CUST-00139,2,4,248.84,311.42,7,0.48,34530,MobileApp,56+,West
CUST-00140,118,22,2441.36,529.54,0,,36879,InStore,36-45,North
CUST-00141,121,53,18204.13,538.69,6,0.08,38795,Phone,46-55,West
CUST-00142,175,70,4674.88,490.45,1,0.24,29962,Phone,56+,West
CUST-00143,245,5,8860.45,340.4,3,0.52,18848,MobileApp,46-55,East
CUST-00144,28,23,12102.42,240.24,8,0.49,22012,MobileApp,36-45,West
CUST-00145,375,60,14457.24,349.21,7,0.26,15221,InStore,36-45,East
CUST-00146,235,15,23274.82,448.3,5,0.62,2246,InStore,46-55,East
CUST-00147,61,10,3284.09,589.74,6,0.46,6440,MobileApp,46-55,South
CUST-00148,229,46,26858.24,510.29,6,0.48,52179,Online,56+,North
CUST-00149,266,26,19660.87,178.67,8,0.36,53058,Online,36-45,East
CUST-00150,32,49,25972.98,464.73,10,0.41,44774,Phone,36-45,South
CUST-00151,341,4,24658.27,178.49,7,0.36,59589,MobileApp,36-45,West
CUST-00152,144,57,26590.85,116.89,0,0.13,45597,MobileApp,46-55,South
CUST-00153,88,63,11882.38,443.51,5,0.35,45355,MobileApp,18-25,East
CUST-00154,304,38,29398.63,153.53,8,,44396,Phone,36-45,South
CUST-00155,83,71,5821.81,228.67,6,0.66,57414,InStore,56+,South
CUST-00156,319,72,16204.94,226.36,8,0.04,25265,MobileApp,18-25,East
CUST-00157,310,77,12362.98,520.94,9,0.46,260,InStore,26-35,South
CUST-00158,199,35,22534.09,471.23,8,0.11,51153,InStore,56+,North
CUST-00159,133,18,16192.27,308.41,0,0.27,54107,InStore,56+,South
CUST-00160,1,10,14372,346.08,7,0.44,5897,Phone,18-25,West
CUST-00161,222,14,8674.4,412.04,3,0.05,45346,MobileApp,18-25,South
CUST-00162,4,3,4144.94,428.95,7,0.59,28676,MobileApp,26-35,East
CUST-00163,322,44,10784.53,313.85,10,0.56,43830,MobileApp,26-35,East
CUST-00164,19,57,2039.25,136.18,8,,50455,InStore,36-45,North
CUST-00165,89,16,28507.98,530.52,9,0.7,37123,Phone,18-25,West
CUST-00166,248,70,8906.16,284.85,2,0.09,51384,InStore,56+,South
CUST-00167,382,31,8197.57,461.87,2,0.1,9621,Online,46-55,East
CUST-00168,111,34,22898.44,418.99,8,0.07,29735,Online,26-35,East
CUST-00169,371,66,9649.75,198.3,2,0.28,56384,Online,36-45,South
CUST-00170,322,57,18538.55,98.09,1,0.7,39466,Phone,36-45,West
CUST-00171,135,30,2601.83,154.94,5,0.25,11807,Phone,46-55,South
CUST-00172,176,77,3767.48,361.23,7,0.52,1884,Phone,18-25,South
CUST-00173,315,8,14902,16.48,6,0.2,34048,Online,56+,North
CUST-00174,82,55,20043.45,479.19,8,0.54,59195,MobileApp,56+,East
CUST-00175,57,6,2823.82,144.07,9,0.23,18624,Phone,36-45,North
CUST-00176,13,1,5025.56,528.28,7,0.41,4245,InStore,46-55,North
CUST-00177,36,80,8832.51,530.28,6,0.4,5721,Phone,36-45,East
CUST-00178,116,18,629.59,374.62,1,0.03,56591,InStore,36-45,South
CUST-00179,353,54,16963.78,364.05,8,0.68,50057,Phone,36-45,North
CUST-00180,293,60,9299.97,209.11,2,0.39,37298,MobileApp,36-45,North
CUST-00181,203,68,11259.9,15.78,0,0.41,44008,Online,18-25,South
CUST-00182,327,29,26921.5,308.04,5,0.02,33417,InStore,46-55,East
CUST-00183,349,1,19744.73,427.03,8,0.43,56769,InStore,46-55,West
CUST-00184,128,31,23682.11,164.79,0,0.64,52651,Phone,46-55,East
CUST-00185,167,70,9328.63,135.68,1,0.1,36154,MobileApp,56+,West
CUST-00186,276,31,11260.79,231.16,4,0.22,19957,Online,46-55,West
CUST-00187,335,3,27998.14,441.22,2,0.01,53314,InStore,36-45,East
CUST-00188,321,7,14731.61,443.04,1,0.07,2531,MobileApp,36-45,East
CUST-00189,81,7,8435.1,347.47,4,0.49,49532,Online,18-25,East
CUST-00190,250,30,26741.2,122.92,5,0.03,8438,MobileApp,18-25,West
CUST-00191,219,44,23215.76,206.46,5,0.65,34431,Online,36-45,North
CUST-00192,62,60,29442.36,168.45,8,,35851,Online,18-25,East
CUST-00193,335,25,13657.45,474.43,5,0.29,14849,Phone,36-45,West
CUST-00194,248,67,14219.97,214.96,4,0.41,35637,MobileApp,46-55,East
CUST-00195,197,21,22612.41,449.7,4,0.53,42959,InStore,56+,West
CUST-00196,315,65,5208.23,345.16,6,0.46,1560,Phone,26-35,East
CUST-00197,203,1,16489.61,322.59,4,0.21,9955,MobileApp,36-45,East
CUST-00198,35,47,25579.71,362.28,7,0.37,50064,MobileApp,18-25,North
CUST-00199,89,74,24045.1,488.55,3,0.52,2247,MobileApp,36-45,East
CUST-00200,73,55,16681.12,191.21,7,0.06,52208,InStore,36-45,West
CUST-00201,167,2,6068.09,558.35,0,0.16,39232,Online,26-35,West
CUST-00202,340,23,23617.6,377.27,5,0.68,31059,Phone,18-25,West
CUST-00203,321,11,13893.31,309.88,6,0.51,43081,Phone,26-35,West
CUST-00204,286,58,18115.39,539.86,3,0.26,38897,Phone,26-35,East
CUST-00205,196,8,15484.25,10.8,9,0.14,7154,Phone,18-25,East
CUST-00206,5,23,28557.88,497.15,6,0.69,13240,Online,18-25,North
CUST-00207,109,19,6384.4,25.67,5,,31636,Online,26-35,West
CUST-00208,33,4,2132.45,554.07,7,,45699,Phone,26-35,East
CUST-00209,18,42,25601.9,194.63,1,0.4,16499,Online,18-25,South
CUST-00210,329,65,17727.57,301.9,4,,10844,Phone,36-45,North
CUST-00211,219,75,24759.95,517.01,4,0.62,28320,Phone,18-25,South
CUST-00212,228,22,29236.75,240.49,10,0.43,12781,MobileApp,26-35,North
CUST-00213,70,66,15709.48,166.83,4,0.38,38413,Phone,26-35,North
CUST-00214,56,71,21480.12,304.56,9,0.2,38714,Online,18-25,East
CUST-00215,355,10,22292.7,424.13,4,0.41,44520,Phone,26-35,East
CUST-00216,167,15,23144.3,34.21,2,0.04,14286,MobileApp,26-35,West
CUST-00217,313,9,19558.56,44.32,1,0.66,49475,Online,36-45,South
CUST-00218,271,15,4730.95,42.87,3,0.3,2768,Online,56+,East
CUST-00219,282,62,4346.9,182.77,7,,52792,MobileApp,18-25,North
CUST-00220,286,13,10259.63,362.75,7,0.45,15324,Online,56+,East
CUST-00221,285,73,7479.25,361.74,7,0.26,33426,MobileApp,36-45,North
CUST-00222,259,22,8962.73,593.6,7,0.16,48918,Online,36-45,North
CUST-00223,100,10,5064.62,99.75,6,0.6,16136,Online,26-35,East
CUST-00224,244,24,8393.95,493.7,10,0.49,10903,Online,18-25,East
CUST-00225,101,65,15250.52,586.7,0,0.24,32794,MobileApp,36-45,West
CUST-00226,78,63,1459.18,599.23,7,0.18,58970,Online,18-25,South
CUST-00227,287,43,29567.34,597.12,7,0.06,3854,InStore,46-55,North
CUST-00228,203,24,15730.5,275.53,6,0.25,33516,Phone,46-55,East
CUST-00229,210,56,29583.96,157.72,5,0.09,35874,InStore,56+,East
CUST-00230,104,80,1165.76,285.48,1,0.3,42640,MobileApp,36-45,South
CUST-00231,63,42,26849.62,180.29,2,0.42,33359,MobileApp,26-35,East
CUST-00232,62,36,20265.32,40.5,5,0.68,26358,InStore,46-55,West
CUST-00233,109,50,11863.45,404.16,3,0.02,51510,Online,18-25,West
CUST-00234,359,66,10511.65,567.18,4,0.26,49204,Online,36-45,North
CUST-00235,244,75,22127.4,146.38,9,0.4,39374,MobileApp,46-55,West
CUST-00236,175,56,13081.66,507.99,8,0.45,44336,Phone,56+,North
CUST-00237,230,28,14405.01,588.53,2,0.02,49165,InStore,18-25,South
CUST-00238,85,35,11670.66,508.61,9,0.33,56895,InStore,36-45,North
CUST-00239,96,8,21776.54,530.29,5,0.15,33065,Phone,46-55,North
CUST-00240,280,12,18918.56,377.3,6,0.16,300,MobileApp,56+,South
CUST-00241,165,47,27782.59,411.46,10,0.4,22779,Online,18-25,North
CUST-00242,317,35,22989.75,434.01,0,0.47,28516,Online,18-25,East
CUST-00243,100,20,18857.55,241.62,9,0.06,35522,MobileApp,26-35,East
CUST-00244,205,73,20611.27,176.4,8,0.42,14219,InStore,46-55,North
CUST-00245,202,4,19889.87,516.72,4,0.67,32371,MobileApp,56+,West
CUST-00246,78,14,8495.63,412.04,5,0.31,31541,MobileApp,56+,North
CUST-00247,195,69,8794.92,113.05,10,,3624,InStore,18-25,North
CUST-00248,355,33,21939.92,348.93,4,0.22,415,Online,26-35,North
CUST-00249,65,18,19116.14,487.91,1,0.21,44882,InStore,26-35,North
CUST-00250,101,7,22739.16,144.65,10,0.4,48657,Online,36-45,East
CUST-00251,155,12,17689.32,258.78,6,,14953,InStore,56+,West
CUST-00252,265,34,16429.33,75.77,7,0.31,22931,MobileApp,56+,East
CUST-00253,316,62,16146.51,228.71,3,0.06,11984,Phone,46-55,South
CUST-00254,112,54,4410.03,38.92,8,0.14,56223,InStore,46-55,West
CUST-00255,359,49,12871.86,583.93,2,0.27,38272,Phone,46-55,East
CUST-00256,51,73,24986.52,378.95,0,0.4,54142,Phone,26-35,East
CUST-00257,399,13,19444.54,550.44,6,0.63,17962,MobileApp,46-55,West
CUST-00258,180,38,17435.65,458.81,3,,23572,InStore,18-25,South
CUST-00259,176,31,136.85,582.3,9,0.7,3732,InStore,26-35,North
CUST-00260,30,12,9489.97,586.77,0,0.4,18798,MobileApp,56+,East
CUST-00261,19,64,23318.93,274.48,9,0.04,52459,Online,46-55,East
CUST-00262,224,30,29578,153.81,6,0.55,11095,MobileApp,18-25,South
CUST-00263,79,22,17214.64,252.86,5,0.04,29389,MobileApp,18-25,South
CUST-00264,381,65,14907.9,463.83,8,0.31,47894,Online,36-45,East
CUST-00265,288,29,6312.6,338.46,3,0.58,47264,MobileApp,18-25,East
CUST-00266,61,49,2030.32,63.77,0,0.4,9071,MobileApp,56+,West
CUST-00267,318,27,13945.75,363.43,7,,56690,InStore,18-25,West
CUST-00268,254,60,10816.88,348.12,3,0.6,34133,MobileApp,46-55,North
CUST-00269,172,13,24311.09,66.33,6,0.35,9192,Online,36-45,North
CUST-00270,359,5,26666.42,105.34,1,0.38,55348,Phone,56+,South
CUST-00271,279,63,17916.22,586.36,8,0.68,27206,InStore,56+,West
CUST-00272,14,23,27107.52,79.11,6,0.35,44400,Online,36-45,South
CUST-00273,303,77,1417.85,250.98,1,0.24,14837,Phone,36-45,South
CUST-00274,177,49,28406.42,209.33,8,0.36,23199,Phone,18-25,East
CUST-00275,384,39,3997.74,12.4,4,0.06,43733,MobileApp,36-45,West
CUST-00276,301,58,29609.93,414.43,7,0.25,55942,Online,36-45,West
CUST-00277,197,75,24154.12,114.07,7,0.26,58404,Online,26-35,South
CUST-00278,171,49,29019.32,494.3,10,0.01,47837,Online,46-55,North
CUST-00279,373,9,29154.72,111.26,10,0.2,20826,Phone,18-25,West
CUST-00280,384,50,11263.64,380.92,1,0.61,34395,MobileApp,18-25,North
CUST-00281,368,53,5251.99,76.42,4,0.44,30678,MobileApp,18-25,East
CUST-00282,145,3,27452.69,596.46,1,0.4,56506,Phone,18-25,North
CUST-00283,113,63,28409.54,497.05,9,0.41,51541,Phone,56+,West
CUST-00284,78,45,1934.15,71.49,8,0.09,30405,Online,26-35,North
CUST-00285,31,36,27709.18,594.08,3,0,25687,MobileApp,56+,East
CUST-00286,118,50,9351.87,83.71,2,0.5,43624,Phone,46-55,East
CUST-00287,246,56,28185.81,280.98,4,0.1,10251,MobileApp,26-35,East
CUST-00288,11,34,2289.15,490.77,5,0.6,30444,Phone,26-35,West
CUST-00289,395,24,18532.41,292.49,7,0.41,59983,InStore,18-25,East
CUST-00290,188,6,25289.82,75.67,9,0.66,57386,Phone,46-55,East
CUST-00291,105,30,15377.36,453.47,2,0.17,36502,InStore,56+,West
CUST-00292,391,24,21282.54,422.56,2,0.38,5015,MobileApp,18-25,South
CUST-00293,16,25,15497.19,261.28,0,0.54,11477,Phone,46-55,North
CUST-00294,133,47,3981.81,45.78,3,0.3,13362,InStore,26-35,North
CUST-00295,324,38,6574.28,500.74,8,0,126,Online,36-45,East
CUST-00296,136,40,20938.6,82.5,5,0.33,4045,Phone,46-55,South
CUST-00297,146,12,16121.65,598.04,1,0.62,52152,InStore,26-35,East
CUST-00298,117,46,6935.56,495.62,2,0.51,24658,InStore,18-25,North
CUST-00299,159,15,7711.42,276.49,3,0.29,28509,Phone,56+,South
CUST-00300,375,30,24450.92,308.27,2,0.36,9263,MobileApp,18-25,East
CUST-00301,297,1,23040.49,358.2,8,0.17,1622,Online,56+,East
CUST-00302,93,71,7719.12,131.05,4,0.7,33781,InStore,56+,West
CUST-00303,375,2,14660.93,381.49,0,0.67,54127,Online,56+,West
CUST-00304,331,27,483.56,195.44,0,0.65,82,InStore,56+,East
CUST-00305,113,25,11715.26,79.99,8,0.32,56413,Online,56+,West
CUST-00306,216,80,2900.73,151.61,6,0.4,10243,Phone,26-35,North
CUST-00307,113,3,23144.03,11.41,6,0.06,12691,InStore,56+,East
CUST-00308,294,12,4621.18,206.64,9,0.36,55279,InStore,46-55,South
CUST-00309,325,44,10788,352.11,9,0.42,52865,InStore,56+,South
CUST-00310,10,54,25238.22,473.72,7,0.54,25464,MobileApp,56+,North
CUST-00311,226,22,25612.12,416.52,4,0.29,51845,Phone,26-35,East
CUST-00312,226,17,25665.73,276.57,0,,34124,MobileApp,56+,East
CUST-00313,43,68,22900.98,189.66,4,0.16,29937,Phone,18-25,South
CUST-00314,368,35,21319.35,460.97,1,0.56,13088,MobileApp,36-45,West
CUST-00315,27,7,12133,380.59,1,0.58,30614,Phone,56+,South
CUST-00316,173,48,23373.56,544.21,9,0.27,46883,Phone,26-35,North
CUST-00317,393,51,3374.03,466.84,8,,34115,InStore,46-55,South
CUST-00318,392,11,10318.03,593.66,3,0.39,12287,InStore,18-25,North
CUST-00319,349,29,6409.43,181.16,1,0.46,38334,MobileApp,46-55,West
CUST-00320,153,19,10413.18,331.37,10,0.58,24102,InStore,18-25,North
CUST-00321,172,34,7281.31,326.95,10,0.51,27104,Online,18-25,West
CUST-00322,67,40,28201.98,392.6,3,0.41,56428,Online,46-55,South
CUST-00323,349,31,13195.8,75.37,2,0.03,29816,Online,56+,East
CUST-00324,234,63,26554.88,26.28,4,0.54,51105,InStore,46-55,South
CUST-00325,112,76,24283.95,423.33,0,0.5,45200,Phone,56+,South
CUST-00326,100,16,5849.85,115.57,4,0.3,58651,MobileApp,26-35,South
CUST-00327,334,43,22121.11,564.18,5,0.01,18970,Phone,36-45,North
CUST-00328,342,74,1030.2,115.65,7,0.45,5550,InStore,56+,East
CUST-00329,286,22,25645.51,232.65,4,0.4,53221,InStore,56+,North
CUST-00330,392,19,21923.89,249.61,1,0.58,19740,MobileApp,36-45,West
CUST-00331,164,69,11962.43,392.5,1,0.48,17485,InStore,56+,South
CUST-00332,238,77,22640.63,321.07,9,0.48,9493,InStore,18-25,East
CUST-00333,363,54,14055.85,297.24,6,0.39,52258,Phone,46-55,North
CUST-00334,320,37,15957.43,263.52,9,0.47,9155,Online,46-55,South
CUST-00335,210,56,25244.03,155.19,1,0.57,35334,Online,26-35,East
CUST-00336,43,6,23636.79,71.84,0,0.25,6086,InStore,26-35,West
CUST-00337,358,26,6515.91,582.2,6,0.43,17235,MobileApp,26-35,South
CUST-00338,114,24,4566.22,436.08,4,0.53,35170,MobileApp,46-55,West
CUST-00339,213,16,2647.83,473.88,4,0.13,27800,MobileApp,36-45,West
CUST-00340,202,2,9607.37,275.73,10,0.08,48423,MobileApp,36-45,North
CUST-00341,342,15,11311.89,175.39,6,0.65,13941,Online,18-25,West
CUST-00342,397,22,23607.23,286.98,9,0.33,52095,InStore,46-55,East
CUST-00343,83,25,17583.45,288.95,3,0.2,25173,Phone,18-25,South
CUST-00344,269,70,13915.95,455.97,0,0.28,12762,Online,56+,North
CUST-00345,344,8,25669.95,454.39,4,0.22,43726,MobileApp,18-25,North
CUST-00346,70,21,19643.47,564.73,2,0.64,37800,Phone,26-35,North
CUST-00347,151,22,27067.72,114.26,7,0.11,26666,Phone,46-55,South
CUST-00348,10,20,18483.9,572.1,2,,4303,Phone,26-35,South
CUST-00349,357,5,9382.39,586.85,6,0.51,58231,Phone,46-55,East
CUST-00350,344,23,14001.58,17.99,7,0.23,7000,InStore,26-35,South
CUST-00351,157,80,9531.06,303.07,0,0.08,56083,Phone,18-25,West
CUST-00352,291,69,10105.56,393.75,0,0.37,6779,Online,26-35,North
CUST-00353,284,11,12173.19,74.88,4,0.52,42733,Online,26-35,West
CUST-00354,246,74,15025.81,397.13,2,0.28,26679,Phone,26-35,North
CUST-00355,320,6,23298.33,219.97,7,,4853,Online,26-35,South
CUST-00356,309,49,13103.32,494.13,9,0.52,47174,InStore,46-55,West
CUST-00357,339,68,4546.03,134.86,2,0.16,10106,Online,26-35,West
CUST-00358,101,24,25801.73,40.51,1,0.3,34093,InStore,26-35,West
CUST-00359,212,57,28938.6,282.82,1,0.53,46153,Phone,46-55,West
CUST-00360,218,47,3287.57,323.36,7,0.26,47729,MobileApp,36-45,North
CUST-00361,347,54,23175.44,563.59,3,0.56,13025,Online,56+,North
CUST-00362,342,8,11790.97,261.6,4,0.27,30371,Phone,18-25,East
CUST-00363,284,21,22173.38,377.34,3,0.05,25583,InStore,46-55,South
CUST-00364,303,55,13584.49,73.17,10,0.08,47400,Online,18-25,East
CUST-00365,277,75,13297.45,209.87,9,0.45,39431,InStore,56+,North
CUST-00366,271,80,9663.47,376.25,10,0.19,42362,Phone,46-55,North
CUST-00367,222,64,29087.6,168.68,10,0.47,44013,Phone,18-25,North
CUST-00368,289,40,20581.83,10.21,3,0.38,6936,MobileApp,56+,South
CUST-00369,21,52,7826.82,424.11,8,0,1051,Phone,46-55,West
CUST-00370,369,49,22289.19,250.23,3,0.52,15883,Phone,36-45,East
CUST-00371,328,8,1302.6,198.96,6,0.03,45957,MobileApp,36-45,South
CUST-00372,281,69,11124.94,119.04,9,0.26,50839,Online,56+,East
CUST-00373,64,69,3591.62,194.85,1,0.08,5982,InStore,36-45,South
CUST-00374,50,36,24105,92.86,7,0.63,10122,Phone,18-25,West
CUST-00375,117,20,3546.21,48.56,9,0.15,55277,Phone,18-25,East
CUST-00376,264,23,10668.53,548.07,2,0.59,11477,Phone,46-55,North
CUST-00377,189,20,6109.57,508.04,2,0.04,46451,Online,46-55,East
CUST-00378,248,19,9824.48,523.6,0,0.68,10658,MobileApp,46-55,South
CUST-00379,124,66,15330.61,160.43,2,0.03,33872,Phone,18-25,North
CUST-00380,280,74,8344.62,285.38,2,0.37,31575,MobileApp,36-45,South
CUST-00381,333,16,27366.83,184.18,2,0.6,38305,InStore,46-55,South
CUST-00382,347,80,16378.17,549.85,7,0.02,44437,Phone,56+,North
CUST-00383,112,1,2130.45,489.2,7,0.47,19124,InStore,18-25,South
CUST-00384,134,19,25375.54,376.62,1,0.38,31315,MobileApp,18-25,West
CUST-00385,43,46,11272.92,571.55,2,0.47,44700,InStore,26-35,North
CUST-00386,11,11,24545.09,320.6,6,0.31,13370,InStore,56+,East
CUST-00387,239,64,12691.36,557.37,1,0.05,19909,Online,46-55,South
CUST-00388,22,78,18880.25,112,9,0.23,7473,MobileApp,56+,West
CUST-00389,286,38,11916.13,213.53,4,0.09,9067,InStore,26-35,South
CUST-00390,331,49,17429.27,137.12,6,0.64,47078,InStore,18-25,East
CUST-00391,111,71,19238.1,328.69,0,0.11,25710,MobileApp,26-35,South
CUST-00392,201,67,9818.1,138.19,4,0.21,48405,Phone,26-35,South
CUST-00393,344,27,5875.75,572.93,9,0.47,34482,MobileApp,26-35,South
CUST-00394,386,41,26022.46,475.58,5,0.49,51667,Phone,18-25,South
CUST-00395,305,21,15479.31,500.84,9,0.63,33422,MobileApp,56+,South
CUST-00396,150,34,19715.95,386.54,5,0.42,40718,Online,36-45,North
CUST-00397,335,18,1175.13,485.54,10,0.33,7160,Phone,26-35,North
CUST-00398,145,64,12182.98,469.03,9,0.68,37956,MobileApp,36-45,East
CUST-00399,300,46,13612.23,290.64,2,0.14,15792,InStore,56+,South
CUST-00400,37,35,12413.39,197.08,7,0.32,19510,Phone,26-35,West
CUST-00401,86,28,8965.88,109.7,5,0.53,48591,MobileApp,26-35,North
CUST-00402,246,61,9025.6,354.75,0,0.16,5467,Phone,56+,North
CUST-00403,283,51,27263.56,326.31,9,0.68,40829,InStore,26-35,South
CUST-00404,361,73,1461.54,151.68,4,0.44,58339,Phone,46-55,South
CUST-00405,34,5,14228.78,339.56,4,0.51,18203,MobileApp,36-45,West
CUST-00406,174,28,27311.66,35.05,9,,19820,MobileApp,36-45,East
CUST-00407,106,45,9607.64,334.04,0,0.67,38623,Phone,56+,East
CUST-00408,148,34,6969.08,106.43,2,0.43,11870,Online,26-35,North
CUST-00409,36,17,13786.48,506.67,4,0.02,6832,Phone,46-55,North
CUST-00410,254,36,13033.53,332.43,6,0.44,18556,MobileApp,36-45,West
CUST-00411,306,7,8403.77,578.59,2,0,30656,Phone,36-45,North
CUST-00412,385,72,14701.24,333.77,6,0.57,50157,InStore,18-25,East
CUST-00413,167,16,3299.49,285.44,8,0.04,7585,InStore,46-55,South
CUST-00414,256,39,21328.1,200.45,10,0.48,22902,Phone,46-55,East
CUST-00415,239,40,23039.08,129.68,1,0.15,56691,InStore,26-35,West
CUST-00416,52,22,593.29,229.97,5,0.45,28740,Online,56+,East
CUST-00417,328,18,20265.83,563.96,10,0.19,29064,MobileApp,18-25,West
CUST-00418,154,27,9061.87,238.73,3,0.65,24640,Phone,46-55,North
CUST-00419,146,40,28868.16,227.69,4,,10023,InStore,36-45,South
CUST-00420,173,60,9545.89,315.67,0,0.6,16014,InStore,18-25,East
CUST-00421,271,68,20548.89,349.74,3,0.13,25540,InStore,36-45,West
CUST-00422,371,20,13504.62,30.97,4,0.45,57682,Online,46-55,West
CUST-00423,193,54,29892.81,563.99,6,0.13,58887,MobileApp,18-25,West
CUST-00424,292,16,3081.9,493,1,0.69,27132,InStore,56+,South
CUST-00425,71,73,2736.66,585.97,0,0.16,16724,Online,56+,East
CUST-00426,274,67,20194.01,378.27,4,0.34,59985,Online,26-35,East
CUST-00427,25,60,13496.74,50.74,6,0.29,15297,Online,46-55,South
CUST-00428,11,79,29444.91,502.36,3,0.03,38930,InStore,18-25,North
CUST-00429,96,73,4226.68,575.35,10,0.59,6914,InStore,56+,North
CUST-00430,292,47,28082.99,570.09,2,0.4,16356,InStore,46-55,South
CUST-00431,296,50,18061.72,502.75,7,0.57,45721,InStore,36-45,West
CUST-00432,220,37,13577.61,258.6,8,0.26,2344,Phone,26-35,West
CUST-00433,244,26,12569.01,253.17,8,0.58,38556,Phone,46-55,West
CUST-00434,292,35,14036.02,419.75,4,0.52,13068,InStore,46-55,East
CUST-00435,24,31,4165.85,115.96,5,0.38,26399,Phone,18-25,South
CUST-00436,95,13,24380.45,74.62,8,0.33,3947,Phone,26-35,East
CUST-00437,219,37,15941.98,349.92,7,0.4,45163,InStore,56+,South
CUST-00438,360,12,3959.46,273.5,10,0.36,59729,Phone,26-35,East
CUST-00439,145,54,886.86,54.85,6,0.37,58395,MobileApp,56+,West
CUST-00440,30,63,12639.75,270.46,10,0.27,50886,Online,26-35,West
CUST-00441,244,6,23926.35,209.54,1,0.26,11801,MobileApp,56+,South
CUST-00442,74,30,11761.65,513.08,9,0.49,10854,MobileApp,46-55,South
CUST-00443,365,4,15091.97,30.73,10,0.02,27081,InStore,36-45,East
CUST-00444,354,38,23853.9,357.98,3,0.14,43302,InStore,26-35,South
CUST-00445,244,22,14719.78,294.86,1,0.54,32551,Phone,56+,South
CUST-00446,181,41,18570,107.71,7,0.32,53442,MobileApp,26-35,East
CUST-00447,249,72,7180.38,269.36,1,0.48,42596,InStore,56+,East
CUST-00448,93,76,15541.73,64.23,9,0.38,18975,Online,26-35,South
CUST-00449,120,46,19302.52,504.93,5,0.25,3451,MobileApp,56+,West
CUST-00450,108,7,4687.31,253.55,9,,46234,Phone,26-35,South
CUST-00451,203,49,4155.85,49.67,6,0.17,6510,InStore,26-35,East
CUST-00452,290,44,23539.31,174.21,8,0.05,1777,Online,36-45,South
CUST-00453,252,73,28318.97,221.7,2,0.15,54326,InStore,56+,South
CUST-00454,141,60,13369.54,486.75,2,0.6,53358,MobileApp,26-35,West
CUST-00455,258,45,13259.63,401.47,1,0.47,6975,Online,36-45,East
CUST-00456,215,59,12558.77,575.14,7,,30754,Online,56+,South
CUST-00457,75,27,7041.14,229.11,0,0.49,51194,InStore,36-45,West
CUST-00458,387,56,21738.8,456.37,2,0.34,16566,MobileApp,36-45,South
CUST-00459,177,51,4546.33,543.54,2,0.05,32203,InStore,18-25,East
CUST-00460,171,76,27643.8,475.69,2,0.38,8093,MobileApp,26-35,South
CUST-00461,142,48,7177.26,210.66,9,0.02,44687,MobileApp,56+,South
CUST-00462,85,64,14303,501.13,7,0.67,49686,Online,56+,West
CUST-00463,301,1,25253.31,367.04,5,0.34,52025,InStore,56+,East
CUST-00464,257,28,2831.64,369.26,1,0.62,2228,InStore,56+,East
CUST-00465,53,27,23558.98,107.35,8,0.67,50751,MobileApp,36-45,East
CUST-00466,21,67,4257.26,36.27,8,0.33,53069,Online,46-55,North
CUST-00467,361,58,24778.19,523.98,10,0.38,16360,MobileApp,46-55,North
CUST-00468,300,30,26236.15,485.62,5,0.24,8601,Phone,56+,West
CUST-00469,39,30,14696.66,397.28,3,0.27,21782,InStore,36-45,West
CUST-00470,180,37,29918.3,76.44,8,0.1,6101,InStore,18-25,East
CUST-00471,106,68,28848.33,131.65,4,0.04,17383,Online,26-35,North
CUST-00472,200,20,3525.67,542.85,1,0.05,178,Online,26-35,South
CUST-00473,206,76,28655.16,267.19,2,0.23,11508,Online,56+,North
CUST-00474,382,68,29208.03,450.39,6,0.13,1155,InStore,36-45,North
CUST-00475,268,8,15552.75,132.03,6,0.33,27750,Phone,56+,West
CUST-00476,313,77,17408.9,65,7,0.25,44645,Online,56+,West
CUST-00477,82,68,2628.96,558.47,5,0.68,51249,Phone,56+,South
CUST-00478,155,25,13780.22,306.94,7,0.58,42072,Online,36-45,West
CUST-00479,301,48,16270.14,170.26,8,0.63,48172,Phone,18-25,North
CUST-00480,214,44,25569.32,266.98,10,0.37,32077,Online,26-35,West
CUST-00481,281,9,13899.84,451.66,0,0.24,42986,Phone,26-35,East
CUST-00482,140,6,15873.63,209.56,2,0.44,1042,MobileApp,36-45,North
CUST-00483,195,66,11498.87,158.66,1,0.3,10696,InStore,46-55,East
CUST-00484,188,41,14063.28,155.2,9,0.54,11727,Online,26-35,East
CUST-00485,217,23,28316.24,78.36,1,0.6,6857,Phone,18-25,East
CUST-00486,330,40,23480.66,194.97,5,0.02,35786,Online,18-25,South
CUST-00487,164,2,14683.21,229.35,2,,49616,InStore,56+,North
CUST-00488,237,67,7019.66,571.33,1,0.18,33879,MobileApp,56+,South
CUST-00489,340,2,9642.24,431.43,9,0.69,28890,Phone,46-55,South
CUST-00490,143,25,8197.24,136.41,2,0.17,49727,Online,18-25,South
CUST-00491,192,46,10879.56,447.45,7,0.55,27813,Phone,26-35,East
CUST-00492,143,58,15087.48,527.81,7,0.5,57423,Phone,36-45,South
CUST-00493,388,32,23160.2,492.5,8,0.46,7836,Phone,56+,East
CUST-00494,138,13,3423.72,328.35,3,0.03,19454,Online,26-35,East
CUST-00495,352,2,16618.19,523.23,4,0.44,1552,MobileApp,26-35,East
CUST-00496,81,66,7097.95,477.55,0,0.33,23584,Online,46-55,South
CUST-00497,205,44,4915.35,395.45,2,0.41,55919,MobileApp,18-25,North
CUST-00498,214,12,29680.61,87.77,9,0.44,19472,Online,46-55,North
CUST-00499,27,40,20138.72,414.02,2,0.5,22572,Phone,36-45,East
CUST-00500,293,67,10242.94,65.74,5,0.15,57410,Phone,46-55,North
CUST-00501,163,52,23170.26,143.75,6,0.18,22544,MobileApp,26-35,North
CUST-00502,65,52,25346.31,55.63,5,0.21,45519,MobileApp,56+,East
CUST-00503,65,51,25923.48,93.83,1,0.21,7361,Online,56+,East
CUST-00504,208,25,11103.68,178.44,9,0.49,9263,Phone,36-45,West
CUST-00505,64,7,8112.36,557.21,3,0.15,2174,InStore,56+,South
CUST-00506,387,46,19784.2,183.63,9,0.09,26571,MobileApp,56+,South
CUST-00507,40,74,27158.91,528,10,0.04,660,Online,26-35,West
CUST-00508,187,51,6596.53,561.71,2,,7803,Online,46-55,East
CUST-00509,16,1,209.42,273.74,10,0.19,55261,Online,26-35,West
CUST-00510,330,73,14556.46,597.19,10,0.12,52389,Online,18-25,East
CUST-00511,304,14,24165.35,264.73,8,0.51,29629,InStore,46-55,North
CUST-00512,318,6,16873.78,487.55,3,0.55,4956,Phone,36-45,South
CUST-00513,138,77,14454.3,157.47,9,0.56,30184,Phone,56+,West
CUST-00514,379,69,1644.84,349.95,4,0.11,6160,Phone,26-35,North
CUST-00515,247,10,10240.01,219.16,4,0.2,24911,Online,46-55,East
CUST-00516,214,22,29407.41,291.01,4,0.19,55759,MobileApp,56+,South
CUST-00517,176,6,28732.37,345.51,3,0.04,24856,InStore,26-35,West
CUST-00518,85,74,5216.85,438.37,0,0.07,49442,Phone,36-45,North
CUST-00519,253,1,2748.38,16.94,8,0.54,9921,Phone,26-35,South
CUST-00520,36,39,16938.6,325.5,0,,35968,InStore,26-35,East
CUST-00521,110,10,5833.23,266.71,7,0.7,32689,MobileApp,18-25,South
CUST-00522,94,47,6612.91,494.43,2,0,20524,Online,56+,West
CUST-00523,24,30,509.31,510.27,7,0.09,29183,Online,36-45,North
CUST-00524,17,63,1434.92,521.02,6,0.03,59014,InStore,36-45,West
CUST-00525,32,65,19368.59,347.66,9,0.34,12067,Phone,26-35,West
CUST-00526,361,78,1781.38,500.2,8,0.53,5360,Online,46-55,South
CUST-00527,264,13,22255.17,540.98,3,0.46,55049,Online,18-25,East
CUST-00528,261,76,11532.38,107.83,3,0.62,18154,InStore,56+,South
CUST-00529,30,14,22380.81,296.63,10,0.29,1619,Phone,26-35,North
CUST-00530,221,50,8099.21,372.53,9,0.11,34793,InStore,56+,North
CUST-00531,231,40,4355.13,527,2,0.41,22506,InStore,26-35,North
CUST-00532,19,80,27750.28,312.44,2,0.17,10269,Online,56+,West
CUST-00533,351,42,25770.79,593.68,7,0.52,21760,InStore,46-55,North
CUST-00534,68,19,15031.11,200.87,6,0.69,33772,Online,46-55,East
CUST-00535,190,3,26801.55,419.56,8,0.69,57222,MobileApp,46-55,South
CUST-00536,5,48,11598.45,571.95,5,0.12,46255,InStore,46-55,East
CUST-00537,309,1,5017.06,413.49,7,0.36,15626,MobileApp,18-25,South
CUST-00538,165,1,8022.78,226.47,5,0.09,37331,MobileApp,46-55,North
CUST-00539,319,57,6164.83,236.39,8,0.23,22827,Online,56+,West
CUST-00540,80,14,517.43,281.33,10,0.27,32908,InStore,26-35,South
CUST-00541,135,32,16144.23,110.8,10,0.59,39316,Online,26-35,East
CUST-00542,76,68,23822.57,579.2,7,0.18,58371,MobileApp,46-55,South
CUST-00543,54,80,12963.27,20.05,8,0.42,56397,InStore,36-45,West
CUST-00544,36,55,19106.8,208.1,4,0.59,41711,Phone,46-55,North
CUST-00545,313,76,21588.12,197.08,2,0.18,32665,Online,46-55,North
CUST-00546,269,67,12475.3,159.61,8,0.28,47217,Phone,36-45,West
CUST-00547,43,24,13940.33,539.17,6,0.13,12856,Online,36-45,North
CUST-00548,284,63,11835.83,382.38,7,0.67,51291,Phone,26-35,South
CUST-00549,125,65,20118.15,438.36,10,0.47,43496,Online,56+,West
CUST-00550,207,53,28239.45,577.46,7,0.28,14557,InStore,36-45,West
CUST-00551,281,60,8856.41,247.76,2,0.62,35083,MobileApp,36-45,East
CUST-00552,97,33,10461.91,599.24,5,0.15,52884,Online,46-55,South
CUST-00553,239,8,3510.63,62.45,3,0.54,27386,InStore,56+,East
CUST-00554,349,35,6780.6,505.74,6,,11973,Phone,18-25,West
CUST-00555,2,48,21599.95,237.15,4,0.23,55701,InStore,46-55,South
CUST-00556,188,45,7346.45,291.9,7,0.06,10342,Phone,18-25,North
CUST-00557,330,50,5399.91,398.75,4,0.49,14671,Phone,36-45,West
CUST-00558,329,47,13872.73,170.13,3,0.38,46626,InStore,18-25,West
CUST-00559,358,41,14816.04,19.44,4,,7274,Online,56+,West
CUST-00560,37,6,12694.74,231.29,6,0.68,43263,Phone,18-25,South
CUST-00561,30,41,901.9,277.8,5,0.32,32473,Phone,18-25,North
CUST-00562,357,7,23302.97,231.16,3,0.29,40377,Phone,56+,West
CUST-00563,321,51,11471.01,367.71,4,0.28,50184,MobileApp,26-35,West
CUST-00564,348,16,20196.53,462.47,2,,16718,Phone,46-55,East
CUST-00565,23,14,7801.63,431.36,8,0.21,8883,MobileApp,26-35,North
CUST-00566,344,22,26359.34,414.88,8,0.04,35163,MobileApp,46-55,South
CUST-00567,273,68,4438.39,73.69,8,0.64,16625,InStore,36-45,East
CUST-00568,395,55,9175.5,334.76,6,0.62,55614,MobileApp,36-45,South
CUST-00569,40,12,26803.05,170.37,5,0.44,37406,Online,56+,South
CUST-00570,237,62,15678.21,544.12,7,0.15,53618,Phone,56+,East
CUST-00571,47,4,20695.04,202.84,7,0.01,54258,Online,26-35,North
CUST-00572,272,30,17554.01,88.39,1,0.03,6801,Online,36-45,West
CUST-00573,339,46,1556.63,576.77,9,0.38,43666,Online,46-55,South
CUST-00574,33,78,1667.87,530.21,0,0.22,15202,InStore,56+,North
CUST-00575,92,69,20110.09,228.12,3,0.3,26877,InStore,26-35,North
CUST-00576,56,2,25501.81,265.57,8,0.11,3018,Phone,18-25,East
CUST-00577,147,24,27135.49,546.33,8,0.43,30613,Phone,36-45,South
CUST-00578,21,76,21148.73,516,4,0.54,52490,MobileApp,56+,North
CUST-00579,182,72,3928.5,51.34,6,0.3,49750,Online,26-35,East
CUST-00580,217,7,8986.57,375.88,1,0.04,2733,MobileApp,56+,South
CUST-00581,170,37,24099.94,64.63,8,0.12,17971,MobileApp,26-35,North
CUST-00582,97,14,12814.54,253.18,5,0.42,42777,MobileApp,26-35,West
CUST-00583,198,77,9540.83,519.83,9,0.12,19840,Online,46-55,South
CUST-00584,34,32,16286.82,492.95,10,0.57,41608,Online,56+,South
CUST-00585,326,6,29707.99,400.71,0,0.16,23850,MobileApp,18-25,North
CUST-00586,247,23,18656.5,452.48,4,0.22,43682,InStore,36-45,North
CUST-00587,275,67,16851.41,39.29,8,0.69,24528,InStore,18-25,West
CUST-00588,393,31,22867.41,599.64,10,0.61,33831,Phone,36-45,East
CUST-00589,296,19,22474.64,13.96,7,0.53,7530,InStore,18-25,East
CUST-00590,371,29,7576.79,308.69,7,0.24,52001,MobileApp,26-35,South
CUST-00591,292,53,13928.5,208.38,9,0.65,53144,InStore,26-35,North
CUST-00592,127,30,11893.94,324.91,6,0.12,47514,Phone,46-55,North
CUST-00593,271,59,6385.98,113.93,5,0.48,47823,Online,18-25,South
CUST-00594,201,37,23017.97,389.8,9,0.12,12803,Phone,56+,West
CUST-00595,373,70,5922.54,109.78,3,0.44,29198,Phone,26-35,East
CUST-00596,96,54,21294.64,117.94,6,0.31,58902,Online,46-55,South
CUST-00597,336,2,5684.61,524.43,2,0.6,37886,Phone,26-35,North
CUST-00598,296,57,25751.08,487.52,9,0.08,29143,Phone,26-35,North
CUST-00599,185,5,26150.05,90.09,3,0.57,7404,InStore,36-45,South
CUST-00600,115,64,28982.36,409.5,3,0.3,26385,MobileApp,56+,South
CUST-00601,259,8,12058.15,442.99,2,0.6,25391,Phone,18-25,North
CUST-00602,352,47,10522.86,249.59,2,0.33,43394,MobileApp,26-35,North
CUST-00603,333,67,29613.79,403.01,1,0.48,46048,InStore,26-35,North
CUST-00604,51,23,9690.01,87.7,9,0.55,48586,Online,18-25,East
CUST-00605,49,36,16296.32,575.08,9,0.47,14157,Phone,46-55,South
CUST-00606,213,42,28677.86,410.62,8,0.57,52376,Online,36-45,North
CUST-00607,115,28,3232.1,248.5,2,0.11,57466,Phone,36-45,North
CUST-00608,114,58,25396.15,331.5,10,0.45,44235,InStore,46-55,South
CUST-00609,159,68,6919.21,490.4,0,0.09,53315,Online,46-55,South
CUST-00610,376,21,21110.51,543.84,2,0.65,30174,Online,46-55,North
CUST-00611,331,11,3697.94,556.49,6,0.45,28795,InStore,46-55,North
CUST-00612,223,24,8129.19,134.27,8,0.04,43021,MobileApp,26-35,South
CUST-00613,215,65,19860.1,322.1,1,0.1,56673,InStore,18-25,East
CUST-00614,326,54,12113.44,70.11,3,0.52,23947,Phone,56+,West
CUST-00615,347,67,5953.77,508.07,10,0.08,28495,MobileApp,18-25,West
CUST-00616,139,47,6307.93,449.31,4,0.61,27227,Online,46-55,North
CUST-00617,393,66,1207.06,347.07,3,0.48,54594,MobileApp,26-35,North
CUST-00618,84,48,17807.71,469.74,1,0.13,28880,Phone,36-45,South
CUST-00619,42,35,12123.86,144.3,10,0.68,6762,Phone,46-55,South
CUST-00620,63,32,9669.07,483.33,10,0.67,28962,Online,56+,East
CUST-00621,5,67,24847.04,448.36,3,0.52,43791,Online,46-55,South
CUST-00622,334,23,24315.07,587.94,3,0.56,3545,MobileApp,36-45,West
CUST-00623,263,22,1687.1,245.83,2,0.01,21917,MobileApp,18-25,North
CUST-00624,45,52,381.55,123.14,9,0.44,2687,MobileApp,18-25,South
CUST-00625,59,30,3264.17,362.06,1,0.41,46903,MobileApp,26-35,West
CUST-00626,158,80,22197.76,287.34,4,0.18,44962,Phone,46-55,North
CUST-00627,44,71,18968.58,85.68,8,0.3,18133,InStore,46-55,South
CUST-00628,248,48,22523.7,350.79,0,0.08,54109,Online,56+,East
CUST-00629,227,60,13865.61,363.39,9,0.56,56367,MobileApp,56+,North
CUST-00630,167,25,6051.65,442.71,0,0.25,53030,MobileApp,36-45,East
CUST-00631,142,15,8884.38,319.91,5,0.25,52735,Phone,26-35,South
CUST-00632,249,47,7652.6,270.88,10,0.35,13526,MobileApp,46-55,North
CUST-00633,394,23,14602.76,310.18,9,0.58,51605,InStore,36-45,East
CUST-00634,45,44,9923.95,478.83,4,0.3,4879,Online,56+,West
CUST-00635,250,56,7061.83,217.93,5,0.65,36250,InStore,18-25,East
CUST-00636,204,43,18130.81,129.39,7,0.16,49341,Phone,26-35,South
CUST-00637,348,57,18773.12,519.79,5,0.29,23705,MobileApp,46-55,North
CUST-00638,225,65,7838.98,522.34,9,0.62,6967,InStore,56+,South
CUST-00639,39,5,27837.4,285.65,2,0.12,43165,Online,56+,East
CUST-00640,388,18,18082.54,261.64,6,0.6,2276,MobileApp,36-45,North
CUST-00641,341,74,5402.15,308.28,9,0.31,19238,InStore,18-25,North
CUST-00642,198,21,26864.29,537.54,1,0.14,17926,MobileApp,46-55,South
CUST-00643,300,70,21022.58,365.64,6,0.04,31739,Online,36-45,North
CUST-00644,272,69,3779.67,375.56,10,0.51,12614,MobileApp,36-45,South
CUST-00645,100,16,25611.88,110.46,2,0.04,40662,Phone,46-55,East
CUST-00646,326,43,27145.08,209.7,1,0.27,2638,Phone,26-35,East
CUST-00647,117,78,29522.69,509.02,5,0.24,27228,Online,36-45,North
CUST-00648,75,80,8041.8,102.43,5,0.16,31925,Online,46-55,North
CUST-00649,13,80,13494.61,50.44,7,0.62,49122,MobileApp,56+,West
CUST-00650,26,73,1679.16,238.33,1,0.37,16159,Phone,46-55,East
CUST-00651,45,62,21542.27,46.65,9,0.08,19466,Phone,56+,West
CUST-00652,366,76,23538.02,301.1,4,0.24,25693,Online,36-45,East
CUST-00653,387,34,11965.82,222.03,5,0.68,15301,MobileApp,26-35,East
CUST-00654,287,62,27335.41,421.55,1,0.61,54146,MobileApp,18-25,West
CUST-00655,180,13,13782.52,352.89,4,,17440,Online,46-55,South
CUST-00656,6,18,13097.54,396.27,10,0.16,15013,InStore,36-45,East
CUST-00657,5,57,16882.2,238.77,0,,24474,InStore,46-55,South
CUST-00658,89,66,22631.22,202.95,5,0.64,34942,Online,56+,West
CUST-00659,71,75,13375.83,19.21,2,0.2,21939,MobileApp,18-25,South
CUST-00660,319,51,3923.64,517.55,8,0.52,6856,Online,26-35,East
CUST-00661,1,76,24429.87,480.43,9,0.02,36234,InStore,56+,West
CUST-00662,131,7,25808.74,432.58,8,0.13,32666,Phone,56+,North
CUST-00663,164,66,19677.1,289.65,8,0.63,18798,Phone,46-55,East
CUST-00664,43,17,15495.93,202.99,1,0.22,29000,Online,18-25,North
CUST-00665,215,53,18966.18,520.28,5,,15802,MobileApp,36-45,North
CUST-00666,219,51,485.38,256.94,3,0.67,42034,InStore,26-35,West
CUST-00667,23,31,24934.65,401.92,4,0.57,33212,InStore,46-55,East
CUST-00668,193,73,28472.1,544.97,0,0.45,13369,MobileApp,46-55,East
CUST-00669,119,72,21330.97,514.01,0,0.13,22503,Online,26-35,South
CUST-00670,82,13,23707.24,28.44,6,0.46,18115,Online,18-25,East
CUST-00671,283,53,24793.13,344.03,6,0.27,26383,Phone,18-25,West
CUST-00672,241,79,21883.04,492.5,2,0.65,34716,Phone,18-25,North
CUST-00673,134,36,29823.56,583.24,4,0.06,27939,MobileApp,36-45,North
CUST-00674,97,59,29688.97,161.2,8,0.44,41151,MobileApp,56+,West
CUST-00675,336,23,16779.29,354.81,7,0.63,36051,MobileApp,26-35,East
CUST-00676,263,16,24958.46,367,4,0.45,35656,MobileApp,36-45,North
CUST-00677,306,6,18550.35,306.2,8,0.53,21434,MobileApp,46-55,North
CUST-00678,212,29,10405.06,349.96,7,0.54,3956,Phone,56+,East
CUST-00679,136,74,23072.95,22.8,9,0.47,44699,Phone,56+,North
CUST-00680,78,6,6756.76,420.7,4,0.05,3348,Online,56+,East
CUST-00681,283,29,5910.35,115.63,2,0.43,57755,Phone,56+,East
CUST-00682,341,54,5504.34,14.66,5,0.53,49075,Phone,56+,East
CUST-00683,302,38,21744.22,417.58,1,0.14,35736,InStore,26-35,West
CUST-00684,304,6,21986.16,477.24,9,0.01,59093,MobileApp,56+,North
CUST-00685,279,30,6374.42,417.38,1,0,32155,MobileApp,36-45,West
CUST-00686,335,58,3750.2,210.89,0,0.65,30639,Online,26-35,South
CUST-00687,91,1,27216.75,42.5,2,0.6,48807,Online,36-45,North
CUST-00688,35,68,24679.65,244.75,1,0.69,20851,MobileApp,46-55,West
CUST-00689,314,80,25747.82,498.99,0,0.39,3086,Online,36-45,East
CUST-00690,242,54,5325.69,457.94,6,0.01,3400,Online,36-45,West
CUST-00691,325,39,3495.69,170.19,5,,40417,Online,36-45,South
CUST-00692,386,66,20429.51,256.12,10,,14839,MobileApp,36-45,South
CUST-00693,109,50,7952.64,48.18,3,,29986,InStore,18-25,South
CUST-00694,36,40,5770.87,141.61,3,0.67,12861,MobileApp,56+,North
CUST-00695,21,4,16150.88,311.42,5,0.4,57020,InStore,18-25,East
CUST-00696,369,11,17059.02,175.41,3,0.55,50136,InStore,56+,East
CUST-00697,211,6,14523.46,272.87,5,0.7,42032,MobileApp,56+,West
CUST-00698,359,78,3165.85,108.31,2,0.43,22455,Online,46-55,West
CUST-00699,316,13,19628.94,55.42,1,0.05,39200,InStore,46-55,East
CUST-00700,268,52,6547.05,277.57,3,0.23,38066,Online,46-55,South
CUST-00701,231,26,23475.21,397.61,7,0.18,18432,Phone,18-25,North
CUST-00702,366,76,7850.99,287.17,3,0.41,4981,MobileApp,26-35,West
CUST-00703,76,38,28569.92,147.42,1,0.25,25145,Online,46-55,East
CUST-00704,183,76,18011.43,94.49,9,0.43,2208,Phone,46-55,East
CUST-00705,91,31,2144.13,18.82,4,0.47,34216,InStore,36-45,East
CUST-00706,90,72,27103.66,309.58,3,0.1,17858,InStore,56+,North
CUST-00707,178,25,7556.16,30.27,7,0.2,27080,Online,46-55,West
CUST-00708,239,61,8717.95,380.91,4,0.45,11600,Phone,56+,West
CUST-00709,384,60,3151.29,353.23,2,0.46,55128,MobileApp,46-55,East
CUST-00710,269,48,9092.71,550.79,6,,47980,InStore,46-55,South
CUST-00711,233,53,22197.25,12.9,4,0.55,43603,Online,56+,North
CUST-00712,112,53,16727.21,577.37,2,0.24,41770,Online,56+,East
CUST-00713,160,2,6267.02,324.74,8,,3521,MobileApp,26-35,East
CUST-00714,204,11,3133.44,350.01,6,,29304,Phone,26-35,West
CUST-00715,79,22,636.03,331.74,9,0.1,725,MobileApp,46-55,East
CUST-00716,372,6,29240.05,407.64,1,0.27,41314,Online,46-55,South
CUST-00717,186,48,4687.64,559.06,5,0.51,32072,Online,46-55,North
CUST-00718,163,24,20206.95,263.16,10,0.27,51610,Online,18-25,East
CUST-00719,309,72,13442.41,30.25,1,0.29,9385,MobileApp,18-25,South
CUST-00720,78,28,8114.61,538.02,2,0.38,33757,InStore,26-35,East
CUST-00721,74,1,3287.95,415.03,8,0.48,11956,InStore,56+,South
CUST-00722,56,4,17385,143.89,2,0.33,19486,InStore,26-35,South
CUST-00723,343,43,17150.34,352.15,7,0.03,30357,Phone,46-55,West
CUST-00724,36,21,11911.1,134.28,9,0.4,16101,InStore,18-25,North
CUST-00725,228,43,10120.36,94.07,4,0.68,25210,MobileApp,26-35,West
CUST-00726,206,39,22068.01,455.48,1,0.48,47505,Phone,46-55,East
CUST-00727,265,9,28135.61,426.19,9,0.45,24422,InStore,56+,South
CUST-00728,141,67,22205.3,350.09,2,,3561,Phone,56+,West
CUST-00729,317,1,10643.11,258.64,7,0.61,13024,Online,56+,South
CUST-00730,86,50,2838.52,384.53,4,0.22,37595,InStore,26-35,South
CUST-00731,57,18,19523.49,226.32,9,0.26,46747,Online,56+,North
CUST-00732,159,45,11420.73,382.16,9,0.36,44178,InStore,26-35,East
CUST-00733,152,74,17205.33,447.58,0,0.53,40804,Phone,46-55,North
CUST-00734,349,28,17401.11,289.87,6,0.18,14577,MobileApp,56+,East
CUST-00735,213,29,14096.16,27.96,3,0.66,54213,MobileApp,36-45,South
CUST-00736,89,13,11073.94,568.56,9,0.24,11360,Online,56+,East
CUST-00737,189,63,11117.3,509.41,2,0.3,16087,Online,18-25,North
CUST-00738,294,64,29941.72,311.14,8,0.27,58070,MobileApp,36-45,North
CUST-00739,136,53,14618.52,220.79,8,0.39,23324,MobileApp,26-35,South
CUST-00740,237,75,6427.67,516.84,4,0.51,28054,Phone,36-45,South
CUST-00741,5,55,14681.74,465.12,4,0.1,4202,InStore,36-45,East
CUST-00742,203,15,19357.99,195.69,7,0.37,23108,Online,46-55,East
CUST-00743,300,39,3431.59,264.76,5,0.53,23728,Phone,26-35,South
CUST-00744,155,16,10342.98,542.5,3,0.6,17185,Online,18-25,West
CUST-00745,57,69,11620.55,165.03,7,0.36,23258,Phone,26-35,East
CUST-00746,353,27,5191.4,366,10,0.22,12581,InStore,36-45,South
CUST-00747,318,40,21491.5,398.93,4,0.64,59568,Phone,36-45,South
CUST-00748,118,53,2618.06,540.86,8,0.57,14834,InStore,36-45,West
CUST-00749,69,35,7814.48,340.64,2,0.11,3325,Online,18-25,West
CUST-00750,232,18,25983.2,286.4,7,0.07,16969,InStore,26-35,North
CUST-00751,275,75,19607.2,186.19,2,0.22,39605,Phone,36-45,North
CUST-00752,349,52,18391.62,30.55,1,0.47,13576,Online,36-45,West
CUST-00753,147,9,12343.94,516.84,9,0.17,38477,Online,36-45,South
CUST-00754,346,21,11769.64,430.62,8,0.21,43812,MobileApp,56+,East
CUST-00755,41,7,17378.53,89.59,3,0.1,15420,InStore,46-55,South
CUST-00756,71,27,13653.95,548.71,0,0.5,54191,MobileApp,56+,West
CUST-00757,59,1,3610.4,425.84,6,0.34,8124,InStore,56+,West
CUST-00758,1,3,20711.28,145.11,6,0.65,59431,InStore,46-55,East
CUST-00759,127,56,8090.95,110.3,7,0.16,15830,InStore,36-45,North
CUST-00760,261,73,26693.58,487.22,4,0.65,12306,InStore,18-25,West
CUST-00761,108,51,13873.57,247.55,4,0.7,9931,MobileApp,46-55,South
CUST-00762,52,66,16683.81,136.4,1,0.45,22354,InStore,26-35,West
CUST-00763,211,65,19622.12,138.06,8,0.12,22661,MobileApp,18-25,West
CUST-00764,147,34,7679.01,146.57,2,0.64,9185,Phone,18-25,North
CUST-00765,303,30,21253.85,103.26,8,,52931,InStore,18-25,West
CUST-00766,247,65,20081.46,257.08,0,0.3,23381,MobileApp,56+,South
CUST-00767,209,14,19995.74,441.1,8,0.17,5054,Online,18-25,West
CUST-00768,216,13,13451.61,243.62,1,0.69,50087,InStore,18-25,North
CUST-00769,316,67,28589.74,410.3,7,0.22,59395,Phone,18-25,South
CUST-00770,165,71,440.43,492.58,4,0.67,47112,MobileApp,36-45,East
CUST-00771,113,58,10469.16,298.74,0,0.54,21247,InStore,46-55,South
CUST-00772,247,9,21459.46,558.75,5,0.19,43308,MobileApp,46-55,North
CUST-00773,123,60,14928.35,479.37,7,,39911,MobileApp,46-55,West
CUST-00774,314,29,10010.89,540.42,1,0.19,10805,Phone,46-55,East
CUST-00775,208,42,22139.2,83.88,8,0.52,42014,MobileApp,36-45,East
CUST-00776,273,63,18592.82,522.35,9,0.13,24941,MobileApp,46-55,East
CUST-00777,25,62,29613.38,163.45,2,0.59,28281,InStore,36-45,South
CUST-00778,209,22,4441.51,314.43,5,0.04,32646,Phone,46-55,West
CUST-00779,141,71,24694.57,100.98,6,0.03,18533,InStore,56+,North
CUST-00780,308,63,7345.79,11.96,0,0.39,55012,InStore,36-45,East
CUST-00781,309,12,14921.25,243.02,9,0.4,14246,MobileApp,56+,South
CUST-00782,196,19,1003.4,445.53,4,0.4,30078,InStore,56+,South
CUST-00783,130,40,17493.96,313.31,6,0.21,605,Online,56+,East
CUST-00784,202,19,8659.07,280.52,5,0.4,2610,InStore,56+,West
CUST-00785,120,35,12911.25,77.15,3,0.6,32971,InStore,46-55,North
CUST-00786,93,33,2876.44,207.2,9,0.5,51936,Phone,26-35,West
CUST-00787,264,68,2418.51,135.68,10,0.31,53316,Phone,18-25,West
CUST-00788,70,22,29575.88,168.26,5,0.55,49695,MobileApp,26-35,North
CUST-00789,28,64,6362.98,585.47,0,0.26,24904,Phone,18-25,South
CUST-00790,214,23,25264.52,460.23,10,0.33,11150,MobileApp,36-45,North
CUST-00791,109,74,14575.6,153.17,0,0.61,39821,InStore,18-25,West
CUST-00792,179,41,22014.37,432.53,0,0.16,54482,Online,36-45,North
CUST-00793,383,47,14751.53,183.33,2,0.58,55712,Online,46-55,West
CUST-00794,179,75,12377.84,505.13,4,0.01,21736,MobileApp,26-35,South
CUST-00795,155,49,1233.71,191.19,1,,34335,Online,26-35,South
CUST-00796,261,6,5396.34,283.16,10,0.59,22086,Phone,18-25,East
CUST-00797,93,35,8924.81,369.39,9,0.18,6534,Phone,46-55,North
CUST-00798,280,40,28082.39,415.4,1,,13913,Phone,26-35,East
CUST-00799,385,3,23984.6,425.96,6,0.63,39974,Phone,18-25,East
CUST-00800,97,63,17310.13,323.48,1,0.5,46215,Phone,46-55,South