LoanId,ApplicantAge,AnnualIncome,EmploymentYears,LoanAmount,InterestRate,LoanTermMonths,DebtToIncomeRatio,CreditScore,LoanPurpose,HomeOwnership,HasCoSigner,PreviousDefaults,ApplicationDate,IsDefault
LN-58AE13B9,33,100797,10.3,80228,10.5,120,0.585,704,Business,Mortgage,0,2,2025-12-14,1
LN-07FBFC58,32,131278,16.5,76731,4.26,240,0.504,685,Auto,Rent,0,1,2024-07-20,1
LN-FD110A35,51,70748,19.6,33047,17.62,120,0.519,642,Home,Rent,0,0,2024-11-16,1
LN-1B14E0B8,67,28885,11.7,250904,14.74,12,0.258,677,Home,Other,1,3,2020-01-07,0
LN-73C724AD,64,94437,7.9,211255,8.81,60,0.156,750,Auto,Own,0,1,2021-01-19,1
LN-41E5AC1D,25,95861,7.5,330411,13.23,12,0.519,695,Business,Own,0,3,2025-08-29,1
LN-3C3CAF71,33,25255,23,231294,5.59,12,0.311,771,Auto,Other,0,3,2024-06-03,1
LN-FBCF8864,31,166725,4.3,33904,4.79,36,0.118,713,Auto,Other,1,1,2024-11-08,0
LN-549CC24E,49,146362,12.1,327863,4.34,84,0.556,632,Home,Own,0,2,2024-12-04,0
LN-69B91C3C,64,50257,2.7,315004,15.33,60,0.085,673,Home,Mortgage,0,2,2023-02-21,1
LN-E4B12BA4,57,58015,24.1,149281,11.18,120,0.602,606,DebtConsolidation,Rent,1,1,2020-09-21,0
LN-4FDE8F3C,37,34449,6.8,107728,4.73,48,0.13,583,DebtConsolidation,Own,0,2,2022-12-31,1
LN-3C2B5167,23,118055,12.9,181512,17.99,24,0.212,748,Home,Rent,0,2,2021-12-27,0
LN-3E8EB078,31,30057,10.4,132449,5.97,12,0.435,675,DebtConsolidation,Rent,0,1,2022-08-18,1
LN-44B40CB9,45,23855,5,225388,7.75,360,0.091,729,Education,Rent,0,2,2024-12-19,0
LN-D87C9B02,22,145619,24.2,15755,18.17,60,0.156,677,Medical,Other,0,2,2020-10-17,1
LN-9CEBB1A8,42,58084,14.7,161956,4.38,84,0.295,722,DebtConsolidation,Rent,0,1,2025-03-11,0
LN-221088A6,33,146413,,224088,12.76,60,0.384,590,DebtConsolidation,Mortgage,0,3,2025-02-20,0
LN-22336ADB,30,26913,,335521,18.07,12,0.291,594,Business,Mortgage,0,0,2024-06-05,1
LN-48110BFF,23,121367,18.9,266713,17.44,84,0.26,755,Home,Own,0,3,2020-03-03,1
LN-130DC8F1,36,176963,7,186221,16.83,48,0.085,699,Auto,Mortgage,1,0,2020-10-30,1
LN-4E03E172,52,45414,15.5,318489,13.65,84,0.207,665,Education,Rent,0,3,2022-04-30,0
LN-CB9621C1,51,165323,19.3,85076,6.47,24,0.517,738,Medical,Other,0,3,2021-11-10,1
LN-F9729759,30,80266,7.1,231017,6.94,240,0.574,711,Home,Other,0,2,2022-04-27,1
LN-E8BD6BC7,26,174982,3.2,310266,7.22,180,0.536,682,Education,Rent,0,0,2020-07-19,0
LN-6081FDCD,37,137204,4,13115,4.79,24,0.527,739,Education,Mortgage,0,3,2025-12-05,1
LN-63436D45,25,125444,1.9,83063,6.79,48,0.482,615,Education,Rent,0,1,2025-01-24,0
LN-B02F4CC2,38,158619,0.6,177016,13.1,60,0.259,607,DebtConsolidation,Rent,0,0,2020-06-04,1
LN-6C00801D,51,73296,17.5,204186,4.97,120,0.504,566,Business,Own,0,3,2024-02-29,0
LN-F881AC91,21,149234,16.5,169216,4.21,240,0.238,737,Home,Mortgage,0,0,2025-12-06,0
LN-7744251C,51,99020,6.6,300792,16.98,180,0.643,690,Business,Other,1,2,2021-04-21,1
LN-3F00CA31,38,178550,7.6,303313,6.91,12,0.46,622,Business,Own,0,1,2021-01-20,1
LN-D5591E6E,68,147432,6.9,152923,8.55,360,0.58,675,Business,Other,0,2,2022-08-14,0
LN-256C0FBE,43,146080,23.9,28773,14.81,12,0.56,655,Auto,Other,0,2,2020-04-23,1
LN-541559E3,28,122749,20.2,344130,11.49,360,0.113,737,Business,Rent,0,0,2021-06-08,0
LN-183072A4,33,178858,21.8,77194,16.92,36,0.58,499,Business,Other,0,0,2022-03-24,1
LN-6C68332D,23,119155,23.2,14763,18.04,180,0.211,735,Business,Other,0,2,2020-11-25,1
LN-428858E9,66,146061,11.1,255225,3.79,36,0.096,670,Home,Other,0,3,2024-02-05,1
LN-33F81596,55,64181,7.2,141777,11.92,60,0.239,684,Home,Mortgage,0,1,2020-10-28,1
LN-54F46C33,33,25121,4.6,40741,4.74,84,0.504,723,Medical,Other,0,3,2023-07-19,1
LN-423A7501,59,97022,22.1,259375,13.31,180,0.431,674,Home,Mortgage,0,1,2022-04-21,1
LN-DB38B0F2,42,103288,17.4,128069,6.81,24,0.161,510,DebtConsolidation,Mortgage,0,0,2022-12-01,0
LN-5F3CEDBB,61,163188,21.2,326527,16.67,24,0.412,585,Business,Rent,0,1,2024-02-20,1
LN-A0AB732A,31,110495,20.8,88389,3.79,84,0.349,552,Auto,Rent,1,0,2024-10-28,1
LN-9B48A136,21,79313,13.2,327860,6.21,60,0.562,808,Business,Own,0,2,2022-11-28,0
LN-7BA3500A,24,88273,10.6,70875,7.3,24,0.638,840,Medical,Rent,1,1,2022-08-17,0
LN-44F352A5,36,82810,22.7,245926,12.34,24,0.636,735,Business,Own,1,0,2023-12-17,1
LN-38C3BDD4,43,162006,12.2,39961,6.78,60,0.486,739,DebtConsolidation,Own,0,0,2021-06-01,1
LN-59579F30,66,143326,8.3,309439,8.76,48,0.456,670,Medical,Mortgage,0,3,2020-01-16,1
LN-CE8CADA6,61,153432,21.6,101806,11.3,84,0.45,693,Education,Other,1,3,2020-02-14,1
LN-8D6FB22B,34,161001,24.1,279796,11.12,48,0.604,679,Home,Rent,0,2,2023-06-20,0
LN-1F798097,32,82682,,220950,15.29,24,0.134,720,Education,Rent,0,1,2022-11-07,0
LN-CE7499A1,58,119802,1.9,9899,15.46,120,0.472,632,Business,Own,1,2,2020-08-01,1
LN-874FFDB1,26,62452,9.4,303644,9.35,36,0.162,564,Home,Other,0,0,2021-11-23,1
LN-3967B8CB,46,68090,10.8,186676,11.92,84,0.54,660,Business,Mortgage,0,3,2022-07-11,1
LN-A1482007,60,93792,5.3,168173,5.16,360,0.538,645,Home,Other,0,3,2024-12-08,0
LN-DAC6FA88,38,36889,22.6,77043,14.92,24,0.555,714,Medical,Other,0,0,2021-09-13,1
LN-0C85E225,52,154360,2.9,36154,9.09,36,0.233,783,Auto,Mortgage,0,3,2020-01-30,1
LN-20346309,35,106158,15.7,234919,10.57,12,0.62,682,DebtConsolidation,Own,0,0,2024-04-26,0
LN-D9029F79,25,48546,20,207297,6.79,24,0.589,676,Home,Mortgage,1,0,2021-01-07,0
LN-C326D722,51,172241,9.9,318268,4.66,24,0.397,640,DebtConsolidation,Rent,0,3,2023-03-11,1
LN-C6C1C029,37,134609,0.5,238460,8.55,360,0.191,704,Auto,Mortgage,0,0,2023-08-02,0
LN-F313C71D,39,64597,1.1,150100,8.15,60,0.122,629,DebtConsolidation,Mortgage,0,2,2020-07-16,0
LN-927F30B3,62,89330,13.2,176327,11.1,12,0.42,778,Education,Own,0,1,2022-04-12,0
LN-5BC341AC,25,109133,7.1,11432,7.33,12,0.3,789,DebtConsolidation,Rent,1,3,2020-12-02,0
LN-1CBC7B7B,49,69740,6.8,20800,15.1,240,0.189,688,Medical,Rent,0,3,2023-04-24,0
LN-061C6FC2,42,164995,24.7,156452,17.13,48,0.261,764,Auto,Mortgage,0,0,2024-07-11,0
LN-D4797B8A,40,48638,8.7,245837,5.34,36,0.201,548,Business,Mortgage,1,1,2022-02-22,1
LN-FA4E2C79,63,37225,13.2,29676,16.3,360,0.155,745,Home,Rent,0,3,2024-12-01,1
LN-03B39550,55,56554,9,48487,17.84,24,0.642,707,Education,Rent,0,0,2025-08-25,0
LN-C6144B14,33,101847,2.4,316352,12.7,36,0.579,667,Education,Own,0,0,2022-05-12,1
LN-DDEB0934,40,75338,2.4,259540,14.98,360,0.43,679,DebtConsolidation,Other,0,3,2020-02-01,1
LN-C1393B0B,67,48965,4.5,152879,18.37,48,0.18,723,Medical,Mortgage,0,2,2024-10-19,1
LN-EB1DAD82,67,143700,4.5,267025,16.79,48,0.261,752,DebtConsolidation,Mortgage,0,0,2024-02-01,0
LN-59E7FA8A,68,126374,9.3,49491,15.72,48,0.559,476,Auto,Mortgage,0,1,2022-12-07,1
LN-177FDC24,61,52758,15.2,120456,12.98,60,0.521,749,Home,Own,0,0,2021-12-17,1
LN-7454ACA9,30,170627,2.1,306852,15.88,84,0.427,767,Business,Other,0,0,2025-06-17,0
LN-BD583A74,41,67649,22.4,22934,6.94,120,0.297,656,DebtConsolidation,Rent,1,1,2020-10-05,0
LN-2D6F1354,41,156208,4.3,278327,3.98,360,0.388,680,Home,Rent,0,0,2024-06-09,0
LN-F5F883B3,28,68837,1.1,341846,15.96,12,0.166,757,Education,Own,0,3,2022-06-25,1
LN-BDB643E1,34,173304,14.5,269132,18.47,360,0.529,672,Education,Own,0,2,2020-10-06,0
LN-663B02A1,50,166556,8.7,278410,15.12,24,0.14,609,Education,Own,1,2,2025-08-22,1
LN-425BB70E,67,138097,5.6,170499,4.62,48,0.322,656,Education,Rent,0,2,2023-09-21,1
LN-78491A19,21,143862,24.2,321481,15.26,120,0.093,723,DebtConsolidation,Rent,0,0,2020-11-07,0
LN-36423611,50,84616,7.7,25741,16.94,120,0.318,582,Medical,Own,0,1,2023-12-24,1
LN-0BB8CD4E,53,98173,5,53178,9.95,12,0.394,683,Auto,Other,0,3,2022-06-05,0
LN-ECF4BB91,21,129600,9.1,325902,7.6,12,0.201,625,Business,Own,1,2,2025-05-27,1
LN-FF33D1A5,35,55164,16.9,154862,6.27,24,0.201,616,DebtConsolidation,Rent,0,2,2024-07-23,1
LN-DB3FAD24,62,172662,11.3,122061,9.95,84,0.469,768,Home,Other,0,0,2020-07-08,0
LN-41B901E3,62,132477,2.9,219087,12.48,12,0.185,589,Auto,Mortgage,0,1,2024-03-09,1
LN-A6174088,22,41238,4.5,230367,17.18,48,0.571,550,Education,Other,0,0,2021-02-03,1
LN-CB2DB4B6,33,32197,10.2,286849,16.46,240,0.128,659,Home,Mortgage,1,3,2021-11-24,0
LN-62578430,61,87642,23,143353,10.66,84,0.386,563,Business,Other,0,2,2022-05-09,0
LN-192AB053,35,159618,0.7,263815,7.4,48,0.246,620,Medical,Own,0,1,2020-12-18,0
LN-FB7FE6A4,36,75135,20,205593,13.88,12,0.387,764,Education,Other,0,0,2020-09-07,0
LN-F694BDA3,65,56109,15.2,23786,17.3,24,0.208,679,Auto,Own,0,3,2022-12-15,0
LN-360D43BF,47,143257,20.1,137146,6.85,240,0.419,698,Business,Mortgage,0,3,2025-09-14,0
LN-D71FA4D8,56,136966,7.5,227733,13.86,24,0.469,652,Auto,Other,1,2,2020-06-09,0
LN-E1B94787,30,87698,9,74622,7.47,12,0.373,819,Business,Mortgage,0,3,2021-07-12,1
LN-B1B7D8E8,61,161536,2.2,306304,11.07,120,0.63,665,DebtConsolidation,Own,0,0,2025-02-08,1
LN-6AAF771B,41,142215,19.1,332515,14.32,48,0.49,719,Business,Own,0,0,2020-01-21,0
LN-AEA4B0B1,31,55790,10.6,107228,6.1,36,0.414,682,Education,Other,1,3,2020-01-11,1
LN-AF09EE02,60,111815,19.1,114912,7.93,36,0.442,647,Home,Rent,0,3,2025-11-23,1
LN-D06654A2,50,159378,15.3,104823,10.08,180,0.389,738,DebtConsolidation,Rent,1,1,2025-04-11,0
LN-C13DD340,53,65663,1.7,119837,3.79,120,0.421,708,Education,Mortgage,0,2,2024-02-07,0
LN-3780E809,65,83611,14.6,244355,13.96,120,0.251,665,Business,Own,0,0,2024-08-20,0
LN-C934365F,62,123990,22.7,39841,7.95,48,0.182,603,DebtConsolidation,Rent,0,3,2025-09-13,1
LN-5B951D32,54,152239,23.8,181933,12.59,180,0.352,693,DebtConsolidation,Mortgage,1,0,2021-04-06,0
LN-E7A53F71,24,97789,19.6,85524,17.38,240,0.367,688,DebtConsolidation,Mortgage,0,1,2025-09-17,1
LN-AA176161,47,38438,19.8,75174,16.27,120,0.449,738,Auto,Mortgage,1,3,2022-03-01,0
LN-C3F63080,49,80081,14.3,48078,8.54,360,0.359,681,Business,Own,1,2,2021-09-04,0
LN-6848DD3F,37,86318,7.3,169187,11.09,120,0.231,644,DebtConsolidation,Rent,0,2,2020-02-21,0
LN-CC55675F,60,28433,21.9,108937,10.12,36,0.322,657,Home,Rent,1,3,2023-05-10,0
LN-553CC704,66,164469,1.9,96560,17.91,360,0.438,710,Education,Mortgage,0,3,2020-02-16,0
LN-DEF3DF56,40,149413,18.9,330060,7.06,120,0.161,544,Auto,Other,0,1,2024-02-14,0
LN-E1947759,68,22194,25,201019,9.07,24,0.429,777,Auto,Other,0,2,2025-05-05,1
LN-C7F22E40,44,148494,17.2,142188,3.92,24,0.21,701,Home,Mortgage,0,2,2021-04-24,0
LN-04E93CBF,26,74318,17.9,46833,13.48,12,0.436,665,Auto,Rent,0,2,2023-09-29,1
LN-FE66C3A4,24,157867,20.2,157884,4.49,180,0.343,711,Education,Rent,1,1,2022-05-01,0
LN-178CE418,64,117396,22.1,182947,17.45,360,0.64,717,Auto,Rent,0,1,2020-07-19,1
LN-10E41D8F,27,48291,16.3,115251,17.67,60,0.313,574,Home,Own,0,3,2024-11-24,1
LN-D35C9678,33,68268,21,79807,9.92,48,0.104,704,Medical,Other,0,3,2020-01-24,0
LN-B19C20A4,54,178467,17.2,78316,3.86,48,0.115,718,Home,Mortgage,1,2,2024-09-16,0
LN-92FC18C2,40,66052,16.3,291271,16.27,60,0.165,804,Auto,Own,0,2,2023-11-29,0
LN-DE6A1116,40,92602,3.1,321882,7.12,84,0.613,812,Education,Own,0,1,2024-11-17,1
LN-046E5623,43,157902,25,314426,9.77,60,0.569,844,Education,Own,0,1,2023-11-08,1
LN-2753D288,64,176701,23.7,335358,14.94,84,0.211,599,Home,Mortgage,0,2,2023-05-28,0
LN-27D58F74,62,47454,12.1,112107,11.2,36,0.648,526,Medical,Other,0,2,2024-01-17,1
LN-5448E4B4,53,178399,17.4,327146,18.09,120,0.296,719,Education,Mortgage,1,0,2025-11-20,0
LN-4C3D1487,60,144191,16.4,348952,16.02,120,0.416,811,DebtConsolidation,Rent,0,1,2020-01-28,0
LN-5AE3140E,27,76758,11.1,315233,5.39,12,0.378,795,Auto,Mortgage,0,0,2024-04-15,0
LN-7B819931,46,78394,18.4,151631,5.99,240,0.314,787,Business,Rent,0,1,2023-06-21,0
LN-6B3C4C09,66,74577,0.9,64039,11.46,48,0.153,725,Medical,Rent,0,0,2025-04-03,0
LN-DFC0D7BF,33,172951,5,302231,17.23,12,0.533,651,Auto,Mortgage,0,2,2023-12-16,0
LN-7D35F92F,58,80724,19,125005,16.2,48,0.514,703,Home,Other,0,2,2022-07-01,0
LN-17B096C1,35,112994,11.5,127498,15.04,360,0.518,716,Business,Own,1,2,2022-09-04,0
LN-842BC9DF,37,149582,24.5,188607,9.79,48,0.561,625,Business,Mortgage,0,3,2025-08-24,0
LN-9718C2AC,51,129975,9.3,123383,5.39,240,0.53,610,Auto,Own,0,1,2021-07-15,0
LN-1C5A7C2B,38,148780,18.5,73651,8.67,360,0.637,844,DebtConsolidation,Rent,0,0,2025-10-11,0
LN-F7CF35C1,33,90264,10.7,309076,10.65,360,0.639,625,DebtConsolidation,Rent,0,2,2020-10-25,1
LN-BABF610C,29,93613,20.1,282029,15.64,240,0.402,568,Business,Mortgage,1,2,2024-06-27,1
LN-3FBEB742,43,73418,6,283955,15.71,180,0.277,739,DebtConsolidation,Other,1,2,2025-08-28,1
LN-08F30825,40,69838,10.7,140239,11.88,48,0.333,687,Education,Rent,0,0,2023-05-17,0
LN-D3319470,65,93410,9.8,106362,12.26,180,0.525,640,DebtConsolidation,Other,0,3,2024-11-28,0
LN-E6014FFE,65,130526,15.6,341661,14.93,360,0.34,672,Medical,Rent,0,0,2024-01-02,0
LN-F4435D1B,36,28260,9.2,335528,17.42,240,0.493,850,DebtConsolidation,Rent,0,0,2023-02-23,1
LN-4D9DF817,64,23816,2.3,254901,9.11,24,0.624,692,Education,Own,0,0,2021-09-17,1
LN-7355C3E7,24,87183,20.5,87380,7.47,24,0.357,692,Home,Other,0,2,2020-11-17,0
LN-B1C63C70,45,57577,0.6,178169,16.99,120,0.387,613,Business,Own,0,0,2024-01-09,0
LN-6B00EE68,27,77122,13.9,7023,17.48,36,0.444,594,Business,Other,1,1,2023-01-01,1
LN-6ADCCA90,40,122107,1.8,181965,5.22,36,0.143,649,Business,Own,1,2,2021-08-06,1
LN-5F1BA172,45,59168,1.8,336208,10.28,180,0.372,681,Auto,Rent,0,2,2022-06-22,1
LN-5265D1C4,59,121548,11.6,140881,15.67,12,0.091,590,Home,Rent,0,1,2024-05-25,0
LN-25CA8D0D,49,149361,18.4,82185,17.79,240,0.265,691,DebtConsolidation,Mortgage,1,1,2022-11-28,1
LN-B17192C4,67,34667,5.3,99444,8.17,60,0.361,676,Auto,Own,1,0,2020-06-29,0
LN-8105F3A6,58,153168,22.8,120062,13.32,240,0.354,794,Education,Other,0,3,2021-04-05,1
LN-6086E1E6,27,116999,10,243330,7.69,60,0.338,696,Education,Own,1,1,2020-05-28,0
LN-E51F984B,23,57532,5.1,279417,14.22,48,0.496,716,Home,Own,0,1,2023-04-10,0
LN-D70360B6,37,134495,3.6,65058,13.55,60,0.336,609,Auto,Other,0,1,2022-06-22,1
LN-4CC11630,53,26708,7.2,258746,14.73,12,0.424,539,DebtConsolidation,Mortgage,1,0,2020-03-18,1
LN-1FA44F5E,51,175766,18.5,348984,15.85,360,0.439,704,Home,Rent,0,1,2022-05-19,0
LN-C061233C,26,105816,22.7,18662,6.81,36,0.2,619,Education,Other,0,2,2023-01-03,0
LN-74DFE68E,31,72344,8.8,111215,16.74,180,0.174,538,DebtConsolidation,Rent,0,2,2022-01-07,0
LN-B88D0E44,28,58779,6.8,327168,6.98,24,0.263,527,Business,Mortgage,1,2,2025-07-15,1
LN-EA0BE427,36,41787,5.3,159367,13.21,24,0.263,620,DebtConsolidation,Own,0,1,2021-01-01,1
LN-2AF90820,68,31290,22.9,92443,16.23,180,0.089,718,DebtConsolidation,Mortgage,1,2,2025-04-19,0
LN-73E73D30,43,162618,24.1,138141,16.73,120,0.126,628,Home,Other,0,2,2022-03-27,0
LN-8639AC79,63,56475,12,166673,13.73,24,0.082,743,Medical,Rent,1,0,2022-05-26,0
LN-303C59FE,60,56417,24.6,153067,11.56,60,0.572,581,Auto,Rent,1,2,2020-11-30,1
LN-A01743CE,21,166501,18.9,215923,8.66,36,0.159,774,Education,Other,0,2,2021-03-07,0
LN-1E019F86,52,146046,11.4,247603,4.78,60,0.463,707,Business,Rent,1,2,2021-01-16,0
LN-084E9D72,33,67196,18.6,346197,14.81,36,0.324,850,Auto,Mortgage,0,3,2021-12-28,1
LN-65AEE4E2,61,93995,20.6,10700,12.76,360,0.551,671,Home,Other,0,1,2025-09-17,1
LN-309AFB4A,53,103351,3,90931,8.2,36,0.584,618,Business,Own,0,3,2025-12-06,1
LN-C223762D,53,162992,3.1,67199,12.64,120,0.455,676,Home,Other,0,2,2020-06-03,0
LN-B3CA7461,35,74144,12.4,68381,6.17,12,0.441,709,Education,Mortgage,0,3,2024-05-19,1
LN-05652F6F,45,31301,20.4,313099,13.96,60,0.379,776,Medical,Rent,0,1,2023-03-27,1
LN-A97B0154,50,48285,22.9,170498,6.19,36,0.206,633,Home,Own,0,2,2025-07-20,1
LN-EFE62D5C,45,127136,1.8,105708,18.13,60,0.327,778,DebtConsolidation,Other,1,2,2021-09-18,0
LN-D6F7DAF0,37,145900,9.8,193851,8.22,36,0.314,659,Business,Mortgage,0,0,2022-04-27,0
LN-505BFBD7,68,115391,20.6,132737,5.83,180,0.361,751,Auto,Rent,0,1,2021-06-28,0
LN-F0F62C4A,57,56530,12.8,338793,8.7,36,0.319,653,DebtConsolidation,Other,1,2,2022-06-29,0
LN-96362CCA,56,95798,13.1,213219,16.12,240,0.247,682,Home,Own,1,1,2024-01-30,0
LN-8EF2ABF3,63,153613,17.7,217076,3.89,60,0.158,795,Medical,Own,0,3,2025-06-20,1
LN-32A51356,36,165669,16.8,224446,6.75,84,0.512,726,Home,Mortgage,0,0,2021-02-07,0
LN-B4453BF7,59,139379,24.7,170212,14.21,240,0.124,716,Home,Mortgage,0,0,2024-01-28,0
LN-033A62C5,28,89982,21.9,213727,6.64,240,0.514,659,DebtConsolidation,Other,0,2,2023-12-26,0
LN-BF9A6B71,40,80908,2.3,214677,13.42,84,0.433,613,Business,Own,1,1,2025-05-24,0
LN-63B2B15C,58,72895,14.2,49375,15.03,120,0.137,677,Auto,Other,0,1,2023-07-09,0
LN-25FE2EE4,39,41886,1.9,165226,16.07,240,0.24,716,Auto,Own,1,2,2020-06-08,1
LN-6CBFB27F,37,49348,14,213551,4.79,84,0.295,727,Education,Mortgage,0,0,2025-02-22,1
LN-77B2B64E,27,56931,24.5,200910,7.4,180,0.195,649,DebtConsolidation,Other,1,0,2022-12-18,0
LN-265C1C06,21,162964,17.2,235661,16.76,48,0.113,748,DebtConsolidation,Mortgage,0,3,2023-07-28,1
LN-54269745,67,128978,21.1,104764,8.9,360,0.291,718,Home,Other,0,3,2022-10-03,0
LN-5C07A683,22,163239,20.6,293875,9.61,120,0.206,681,Auto,Rent,1,0,2024-10-16,0
LN-9BBF0618,61,54969,22.7,65566,4.01,120,0.19,614,Education,Rent,0,0,2020-12-23,0
LN-DA7C15EC,42,81822,22.1,142485,13.08,60,0.147,593,DebtConsolidation,Mortgage,0,0,2020-08-11,0
LN-71A32CEA,61,90986,23.8,137038,8.62,84,0.158,592,DebtConsolidation,Other,0,2,2024-03-31,1
LN-340F59AA,64,78300,23.9,314886,15.94,24,0.355,694,DebtConsolidation,Rent,0,1,2020-03-11,1
LN-3DF4C7B6,45,166874,4.5,72234,8.5,180,0.086,589,Auto,Mortgage,0,1,2024-02-09,1
LN-3DBC6B23,30,51298,18.2,154907,17.35,360,0.119,850,DebtConsolidation,Rent,0,2,2022-08-08,1
LN-28C4F67A,55,69713,9.8,136147,15.49,48,0.645,646,Home,Rent,0,3,2021-08-10,0
LN-2523C3DF,35,139691,17,191892,3.64,84,0.579,644,Medical,Other,1,2,2024-06-10,1
LN-DDAD68DD,47,100455,3.7,207996,16.02,180,0.116,639,Home,Mortgage,1,0,2024-03-12,1
LN-26E3C208,60,80706,15.6,152957,7.74,180,0.587,680,Auto,Own,1,3,2025-05-23,1
LN-7AF294FA,60,158606,12.3,101974,14.23,60,0.4,792,Medical,Mortgage,0,2,2024-04-02,1
LN-9E22A3A7,54,173255,1.3,150476,6.53,12,0.466,489,Home,Own,0,1,2025-05-16,1
LN-561E3CAF,56,41486,5.9,341826,18.05,180,0.101,783,DebtConsolidation,Rent,1,0,2021-04-25,0
LN-D922C4E4,44,121503,9.8,264226,5.35,84,0.206,700,Home,Rent,0,0,2020-06-02,0
LN-CAC55C7A,50,148760,21.8,148609,17.22,60,0.405,801,Home,Other,0,3,2020-12-20,1
LN-8BEBD3B4,65,99059,15.5,203596,16.07,360,0.447,850,Home,Rent,1,2,2021-08-16,1
LN-5E57F58D,57,115886,16.3,5559,12.21,180,0.134,670,Education,Mortgage,0,1,2024-08-20,0
LN-25B91D45,25,108619,1,231197,16.23,360,0.486,471,Medical,Mortgage,0,2,2023-05-17,1
LN-1AA838CE,24,169043,14.4,239921,18.46,36,0.199,541,Home,Mortgage,1,3,2023-03-30,1
LN-3DD50B71,65,29221,22.6,104843,14.55,120,0.197,629,Education,Rent,0,3,2022-05-19,1
LN-13B6432A,45,84380,6.9,265620,17.24,120,0.212,601,Medical,Own,0,1,2023-05-27,0
LN-606C26C9,36,66797,22.5,224262,12.94,180,0.275,719,Business,Other,1,2,2020-08-29,1
LN-34EB3496,51,134099,23.4,207392,11.46,48,0.088,704,Auto,Mortgage,0,0,2025-01-15,0
LN-60FD3213,50,125678,24.8,112518,4.98,36,0.491,632,Auto,Rent,0,0,2025-12-26,0
LN-FACBD7C4,59,89539,18.7,67667,18.05,120,0.313,708,Education,Rent,1,3,2020-04-05,1
LN-19599B60,35,64923,,274370,4.72,120,0.083,573,Medical,Own,1,0,2020-01-06,0
LN-7750F18F,52,79027,5.4,189731,5.06,240,0.16,573,Auto,Other,1,3,2025-09-18,1
LN-FF839E0B,65,148578,24.2,8995,7.38,36,0.237,647,Home,Mortgage,0,0,2025-10-02,0
LN-E6AEEA26,38,34118,17.9,315643,16.66,240,0.55,635,Business,Rent,0,2,2025-12-20,1
LN-C1FA2A95,56,80188,18.3,20670,6.89,84,0.438,582,Auto,Rent,0,2,2025-03-13,0
LN-FC430182,36,95213,20.7,124659,7.41,12,0.337,654,DebtConsolidation,Rent,0,2,2024-07-16,0
LN-1CBBCD4C,33,119935,21.6,281996,17.46,24,0.567,542,Medical,Other,0,2,2021-01-28,1
LN-B6636B6E,42,101323,22.3,110795,4.41,48,0.548,594,DebtConsolidation,Own,0,2,2025-02-04,1
LN-183F0541,63,79366,15.4,19738,10.14,180,0.533,628,DebtConsolidation,Rent,0,1,2021-11-12,1
LN-CC0E4C77,35,154839,11.1,34341,15.22,36,0.384,646,DebtConsolidation,Own,0,0,2023-11-01,1
LN-C274D421,44,166531,19.8,123755,7.95,48,0.549,686,Auto,Other,0,1,2023-01-06,1
LN-F7AD0949,30,123346,17.5,120716,4.37,120,0.393,821,DebtConsolidation,Mortgage,0,3,2023-05-03,0
LN-221A3092,63,132801,2.8,271673,3.74,60,0.591,494,Education,Rent,0,1,2023-03-12,1
LN-4211B70B,54,141475,4.7,8259,18.39,12,0.487,686,Business,Other,0,2,2021-01-15,0
LN-E4839BD6,43,141819,4,165950,15.62,360,0.228,690,Medical,Other,0,3,2023-09-11,1
LN-7F858A68,24,27465,7.2,165143,18.34,36,0.573,749,DebtConsolidation,Rent,0,0,2025-11-24,1
LN-793770C7,53,29327,9.2,262996,5.52,36,0.625,810,Home,Own,0,0,2021-02-18,0
LN-957695B2,21,55945,18.2,113484,11.64,60,0.43,605,Home,Rent,0,3,2023-08-27,0
LN-6E9AF682,34,132071,17.8,20427,7.36,36,0.579,622,Home,Rent,1,3,2022-07-12,1
LN-92B0DDAC,25,58595,20.8,90273,4.53,240,0.575,766,Home,Own,0,1,2021-01-15,0
LN-55F14473,31,101207,11.9,217030,12.06,120,0.109,729,DebtConsolidation,Mortgage,1,0,2024-08-05,0
LN-5B42B2CB,44,23733,22.6,163118,11.85,360,0.536,614,DebtConsolidation,Own,0,1,2021-02-01,1
LN-E1A21900,54,63328,24.9,157385,5.99,360,0.195,557,Medical,Other,1,0,2024-05-10,1
LN-9692EAFC,46,155984,18.4,261991,17,36,0.577,725,Home,Own,0,0,2024-08-19,1
LN-9EF415B6,62,133054,9.3,176536,17.66,60,0.08,715,Auto,Other,0,2,2025-10-16,0
LN-7CD59BD6,31,44305,13.9,333360,14.01,180,0.159,771,Auto,Mortgage,1,0,2025-11-05,0
LN-41448D8C,63,83718,6.7,92368,18.1,36,0.248,656,Auto,Mortgage,0,1,2021-02-03,1
LN-25C11134,26,104141,,81521,7.8,84,0.235,760,Home,Other,0,0,2020-03-03,0
LN-7C9EE8D1,50,129229,12.7,51701,10.92,120,0.361,678,DebtConsolidation,Mortgage,0,0,2023-08-06,0
LN-BB5F792A,41,160718,6.1,220760,18.06,84,0.147,697,Business,Mortgage,0,2,2023-07-17,0
LN-5C99E9A3,22,77230,11.9,95186,15.73,48,0.095,669,Business,Rent,1,1,2023-02-02,0
LN-4F9C58E6,43,130998,3.6,284591,11.22,60,0.48,669,Education,Mortgage,0,2,2023-04-20,0
LN-A8A613F2,61,101033,21.2,22143,16.11,48,0.238,803,Business,Other,0,0,2021-03-10,0
LN-8D389012,40,133907,20.5,298041,12.51,60,0.586,733,DebtConsolidation,Own,0,1,2025-05-29,0
LN-B3682F75,24,107897,24.9,121842,7,240,0.199,635,DebtConsolidation,Mortgage,0,0,2022-09-06,0
LN-3CB04E21,51,147490,24.1,43410,6.61,360,0.384,516,Medical,Other,0,1,2025-09-13,1
LN-2A0F0ECB,35,37895,17.9,15684,8.41,240,0.554,623,Education,Rent,1,0,2022-03-08,0
LN-6C9C3904,24,104121,13.4,228327,13.24,24,0.373,742,Business,Rent,0,2,2025-01-01,1
LN-495CA9C8,58,34865,4,47872,9.96,120,0.541,798,Medical,Mortgage,1,0,2021-07-05,1
LN-18568A34,64,53175,7,270175,4.2,36,0.53,587,Home,Mortgage,0,2,2021-10-05,1
LN-B75B90B5,49,70712,13.4,153863,16.82,120,0.598,707,Home,Own,0,3,2021-06-10,1
LN-D511DBA5,63,175529,14,339143,10.35,180,0.41,615,Home,Own,0,0,2023-02-28,0
LN-CC40B755,58,133402,,175649,4.31,84,0.387,650,Education,Own,1,1,2020-01-23,0
LN-1645C3D8,48,93134,23.1,187324,4.61,360,0.338,715,Business,Own,0,3,2020-03-21,1
LN-E56C1503,58,52909,14.4,70338,8.33,36,0.129,741,DebtConsolidation,Other,0,3,2021-09-26,0
LN-BE3E2048,23,152056,11.7,294373,4.74,36,0.634,758,Education,Rent,0,3,2024-05-26,1
LN-C187A56E,41,104329,23.9,79536,10.45,24,0.179,623,Auto,Own,0,0,2020-10-17,0
LN-B417B2DA,40,63529,0.7,176562,13.93,240,0.538,775,Education,Mortgage,0,0,2024-10-05,0
LN-8770A099,43,160159,10.3,280092,12.42,24,0.28,530,Medical,Mortgage,1,0,2021-09-24,0
LN-C11F1352,34,43639,5.1,54186,17.26,120,0.526,623,Business,Other,1,1,2020-03-08,1
LN-28B1E51F,29,27277,10.9,241325,9.12,12,0.206,773,Medical,Mortgage,0,0,2025-06-23,0
LN-7B590F23,35,154629,11.5,322649,4.11,84,0.463,694,Auto,Mortgage,0,3,2020-02-02,0
LN-A30B07C4,62,134986,17.3,97296,4.51,120,0.094,723,Home,Other,0,3,2021-07-24,0
LN-FC69B4FB,68,160836,15.1,62276,13.86,84,0.574,718,Business,Own,1,3,2021-01-18,0
LN-6264588D,21,159910,24.7,139094,7.67,60,0.582,738,Auto,Mortgage,0,3,2024-07-05,1
LN-D9695C7C,43,112593,21.4,61019,14.22,360,0.266,727,Business,Own,0,2,2020-07-23,0
LN-2AE739E1,38,25530,12.1,223707,7.68,120,0.098,744,Education,Mortgage,0,1,2024-08-29,0
LN-1C68DF65,30,78365,15,58042,3.6,360,0.208,703,Education,Mortgage,1,0,2025-12-26,0
LN-3AF4623D,67,28881,12.7,237678,18.03,180,0.439,592,DebtConsolidation,Mortgage,0,3,2024-08-30,1
LN-7262646C,52,177130,12,196464,11.53,120,0.436,611,Auto,Other,0,1,2023-01-26,1
LN-C76BB3F1,40,40632,13.9,103707,15.47,36,0.439,631,Business,Other,1,2,2020-05-08,0
LN-A445AACB,41,35326,24.4,43473,3.57,36,0.635,782,Education,Own,0,1,2021-07-26,0
LN-3F1A3ABD,54,119197,22.4,112427,12.78,12,0.578,581,DebtConsolidation,Rent,0,2,2022-05-13,0
LN-29E40C5E,51,137779,11.8,32790,10.37,120,0.255,684,Home,Own,0,0,2025-08-04,0
LN-4A32AB76,27,163259,24.6,189288,7.83,180,0.558,787,Home,Other,0,2,2025-12-14,0
LN-E06C2B9E,35,104424,2.5,168507,15.49,36,0.359,694,Auto,Rent,0,1,2020-12-16,0
LN-EEAA6E79,29,176172,16.4,330885,6.11,60,0.291,563,Auto,Mortgage,0,2,2023-10-31,1
LN-70AAF23D,63,32644,23.8,269564,15.35,84,0.649,716,Auto,Other,0,3,2025-07-15,1
LN-B4ADB947,28,42179,3.7,53710,15.64,240,0.437,642,Auto,Mortgage,0,1,2025-02-22,0
LN-48754B32,23,76617,15.4,260352,11.58,12,0.572,719,Medical,Other,0,0,2022-01-23,1
LN-B2627AE0,24,119757,24,189316,12.26,120,0.117,700,DebtConsolidation,Other,0,3,2021-08-12,1
LN-3C6DF39B,46,178681,23.3,307032,15.64,48,0.492,734,Education,Rent,1,3,2023-03-26,1
LN-E766E52D,38,97855,9,347236,8.23,36,0.571,678,DebtConsolidation,Own,0,2,2024-09-10,1
LN-B098AD2E,46,93947,13.5,212028,6.33,12,0.106,725,Auto,Other,0,1,2025-05-23,1
LN-CF89D797,59,165309,2,70090,14.61,12,0.562,607,DebtConsolidation,Rent,0,0,2023-02-23,0
LN-8228BCEF,41,90350,6.5,226778,4.42,48,0.335,596,Business,Own,0,2,2021-03-29,1
LN-38506114,28,118644,18.8,90632,3.79,60,0.487,684,Home,Own,1,1,2020-03-22,1
LN-C788B552,54,48307,12.4,304998,9.53,24,0.245,725,Education,Other,0,2,2022-08-11,0
LN-06350E0F,31,55466,24.9,58586,11.68,48,0.348,621,Home,Mortgage,0,0,2022-06-07,0
LN-D5F1DE63,58,101652,8.4,289950,5.34,180,0.322,692,Medical,Other,0,3,2025-11-24,1
LN-A844099A,58,132638,14.6,308629,17.53,12,0.621,584,Auto,Other,0,1,2020-03-10,1
LN-11386863,49,103718,15.3,48701,11.42,24,0.359,752,Auto,Own,0,1,2022-06-29,0
LN-EE7CF11C,66,52596,1.4,66235,14.27,12,0.16,712,Business,Own,0,1,2021-09-26,0
LN-7D27DEAA,24,60582,17.1,28834,5.08,24,0.231,704,Business,Other,0,3,2025-03-17,1
LN-068571D8,46,159221,15.3,17734,15.99,12,0.25,677,Auto,Mortgage,1,1,2025-05-18,1
LN-BDE729B2,58,92596,5.8,55168,5.16,120,0.404,796,Auto,Own,0,2,2024-06-16,0
LN-B2C65E96,61,157809,12.5,326034,14.75,84,0.113,651,Business,Mortgage,0,1,2020-02-18,0
LN-0BD87C66,49,78937,7,146798,8.81,180,0.39,658,Business,Other,0,3,2024-07-10,0
LN-37FD6BD1,21,159762,3.9,46334,12.62,180,0.549,640,Home,Other,1,1,2020-03-26,0
LN-E2426D80,25,124064,24.8,116712,16.78,60,0.121,685,Home,Rent,0,3,2022-03-16,0
LN-EACF314F,53,114669,18.3,130799,5.82,48,0.576,768,Education,Rent,0,2,2025-03-30,1
LN-C2A024B5,29,40422,18.4,158805,10.79,12,0.113,668,Education,Other,0,2,2023-11-21,0
LN-F9F03C79,34,147187,9.1,226792,15.44,12,0.281,753,Business,Rent,0,3,2022-05-20,0
LN-256BC660,33,47493,16.4,216888,8.72,60,0.571,524,DebtConsolidation,Other,0,0,2025-07-22,0
LN-206AFCB1,42,22542,22.7,314018,6.95,180,0.603,731,Education,Other,1,0,2021-12-19,1
LN-674159CC,61,136875,18.8,256362,5.13,120,0.509,567,DebtConsolidation,Mortgage,0,0,2022-11-22,1
LN-9F6D28A7,36,63420,12.3,141439,10,36,0.598,602,Education,Mortgage,0,2,2025-09-27,0
LN-0C9EA42F,42,124692,16,73152,11.23,120,0.622,697,Medical,Own,0,0,2020-12-15,0
LN-F1E86C1C,57,161363,18.8,265813,5.61,120,0.336,669,Business,Mortgage,0,1,2020-06-18,0
LN-97EBAFBE,40,52081,3.2,298794,6.83,84,0.623,730,DebtConsolidation,Other,0,2,2024-06-09,1
LN-B80FEDBD,32,139055,12,228581,6.85,12,0.197,456,Business,Rent,0,1,2020-09-14,1
LN-7E9CDA39,56,135514,10.1,94355,17.01,60,0.122,838,Business,Rent,1,1,2023-08-29,0
LN-743BBB59,49,24845,16.8,273033,3.67,84,0.206,706,Home,Own,0,3,2024-04-19,1
LN-A520A97A,24,160372,11.8,314937,7.28,240,0.293,724,Business,Rent,0,2,2022-02-01,1
LN-B62B2F9F,49,87648,16.6,338236,8.12,12,0.603,706,Auto,Other,0,3,2025-09-01,1
LN-881C4090,28,27434,16.1,291922,4.85,60,0.386,610,DebtConsolidation,Other,0,0,2025-02-27,0
LN-4E02C679,35,105095,21,283164,16.07,240,0.279,709,Medical,Rent,0,0,2023-10-14,0
LN-1605882A,57,61929,1.9,169807,14.44,84,0.236,680,DebtConsolidation,Mortgage,0,2,2022-03-12,0
LN-4CBCBC28,66,120765,10.2,101052,5.07,48,0.337,719,Medical,Rent,0,0,2021-12-12,0
LN-7C2619C3,66,135987,23.6,171842,7.72,240,0.4,628,Business,Rent,0,1,2025-02-13,0
LN-BB049889,52,137068,21.5,47746,13.06,180,0.334,729,Education,Own,0,1,2023-06-29,1
LN-69F36327,27,104359,12.7,316369,4,120,0.426,561,Business,Own,1,3,2022-05-30,1
LN-B5EC3308,56,167892,13.9,301148,5.9,84,0.104,745,DebtConsolidation,Own,0,2,2023-03-04,0
LN-44E7BC5C,43,95747,22,59056,7.66,48,0.481,659,DebtConsolidation,Other,0,1,2024-12-03,1
LN-4190CE56,63,153203,5,218385,10.55,12,0.198,724,Medical,Own,1,2,2022-04-03,0
LN-B8C80F7A,53,145599,15.8,129956,12.53,180,0.593,622,Medical,Mortgage,1,3,2021-08-18,1
LN-1340E4E3,63,35565,14.8,46173,16.86,12,0.477,692,Medical,Own,0,0,2023-05-04,0
LN-CF0279C0,63,173828,11.8,137509,7.73,12,0.14,850,Home,Other,1,1,2025-08-11,0
LN-AA8E42D8,66,141271,6.8,45859,10.53,360,0.468,757,Home,Rent,1,0,2023-04-02,0
LN-166B98CA,43,40653,3.6,33189,14.3,60,0.591,560,Auto,Other,0,0,2023-01-08,0
LN-819F12D7,62,157231,18.8,273636,8.21,60,0.577,678,Business,Own,0,3,2021-01-14,1
LN-38FF5BDD,38,92801,1.8,31432,6.1,60,0.23,640,Education,Other,0,1,2024-01-13,1
LN-9BC1E4D7,46,42702,10.4,115116,9.97,180,0.335,753,DebtConsolidation,Rent,0,0,2022-10-20,0
LN-F0057F61,55,66485,6.4,94999,16.05,84,0.562,685,Home,Rent,1,3,2025-07-16,1
LN-1E8E81ED,34,27711,18.1,295356,6.43,12,0.214,653,DebtConsolidation,Rent,0,1,2024-07-05,0
LN-C89FD2A5,46,103999,9,310047,9.02,84,0.515,585,Home,Own,0,1,2020-02-03,1
LN-D0884D16,30,157372,21.5,346297,6.18,12,0.325,592,Medical,Other,0,0,2020-02-13,1
LN-71F9537B,68,104092,9.8,111230,4.79,24,0.513,718,Business,Rent,0,3,2021-11-08,1
LN-97808E58,54,43316,8.3,144751,8.07,60,0.373,672,Home,Mortgage,0,1,2021-06-15,1
LN-DA9E6665,36,48975,13.5,329974,10.44,240,0.094,648,Medical,Rent,0,2,2025-06-18,0
LN-50B87AA5,27,161393,9.2,27951,8.08,24,0.188,672,DebtConsolidation,Mortgage,1,1,2025-12-07,0
LN-73C2A15D,54,62695,1.4,37095,17.98,48,0.19,820,Medical,Own,0,0,2024-04-01,0
LN-21C64359,64,112514,22.1,8707,17.93,120,0.141,783,Business,Other,0,0,2021-04-05,0
LN-56F670A9,41,75981,22,219132,7.54,36,0.377,797,DebtConsolidation,Other,0,1,2025-11-06,0
LN-62F09EDF,57,77825,11.5,268004,4.39,48,0.279,698,Auto,Own,0,2,2025-07-15,1
LN-7CCDE01A,67,132490,6.9,135381,7.36,24,0.298,587,DebtConsolidation,Mortgage,0,3,2023-03-24,1
LN-226BA488,47,160760,2.1,161662,16.34,36,0.352,603,DebtConsolidation,Other,0,0,2024-09-18,0
LN-B3C846F9,62,47944,6.7,229713,8.01,240,0.305,662,Education,Other,0,3,2023-03-18,1
LN-D41CA1C3,52,124102,13,68216,10.64,120,0.243,573,Home,Other,0,0,2025-06-18,1
LN-7E76675E,22,137715,23.6,241480,7.17,180,0.649,652,Education,Rent,0,2,2020-07-18,1
LN-0F431378,66,25760,1.9,165059,5.94,180,0.36,662,Business,Own,0,2,2020-04-04,1
LN-5E29ABC9,65,32537,12.6,337064,8.32,360,0.486,682,Education,Mortgage,0,2,2021-04-06,1
LN-3DDB951B,25,101923,16.3,14963,3.91,180,0.628,645,Education,Other,1,3,2025-12-10,1
LN-F1A90B00,55,128709,1.1,282007,7.16,240,0.166,703,Business,Rent,0,2,2021-03-22,1
LN-520C6BC3,65,22406,11.7,164522,14.24,240,0.557,713,DebtConsolidation,Mortgage,1,1,2024-12-14,0
LN-CE2D6921,43,171228,20.7,283824,4.7,240,0.125,736,DebtConsolidation,Other,1,3,2020-01-24,1
LN-CADBD053,67,177859,2,143481,8.75,120,0.626,740,Home,Own,1,0,2020-12-15,1
LN-7B9712B4,42,172280,13.2,206154,4.18,12,0.208,686,Medical,Rent,0,1,2024-04-23,0
LN-41500263,48,158408,15.6,72941,5.91,84,0.408,736,Business,Mortgage,0,0,2022-08-09,0
LN-6F44AB00,33,27481,11.3,193447,11.62,180,0.648,659,Business,Rent,0,0,2021-12-26,1
LN-CBF6735A,61,58759,1.5,305227,16.74,24,0.582,658,Auto,Other,0,0,2023-03-25,0
LN-79BA8B5D,21,75526,1.4,196976,5.21,180,0.48,797,Business,Mortgage,1,1,2021-09-30,0
LN-6C66E4B6,37,67055,16.4,143535,12.61,120,0.26,658,Education,Other,0,2,2025-12-06,0
LN-7992EA5C,29,117830,1.5,64274,6.57,12,0.359,763,Auto,Other,0,3,2025-05-21,1
LN-801FFEA4,48,112397,5.2,115615,3.94,360,0.343,850,Auto,Own,0,1,2024-08-25,0
LN-3687E74F,64,94751,15.6,325070,15.71,48,0.24,662,DebtConsolidation,Own,0,1,2021-11-27,0
LN-78B04F85,62,74525,22.9,253460,12.82,12,0.213,528,Home,Own,1,2,2024-12-30,1
LN-C98A808E,60,163203,23.5,107704,14.62,360,0.181,666,Home,Other,0,1,2023-04-06,0
LN-329C1ECB,55,146111,,344681,17.54,12,0.113,622,Auto,Rent,0,0,2022-01-04,0
LN-57A2A9CC,31,148987,9.5,294100,6.08,84,0.293,764,Auto,Own,1,3,2022-10-12,0
LN-6D17A8C0,35,158600,13.7,112597,15.07,12,0.281,686,Auto,Other,1,3,2025-04-22,1
LN-DF850D04,22,99080,17.4,315193,15.74,48,0.162,668,DebtConsolidation,Own,1,3,2021-02-26,0
LN-46A6754C,45,77879,11,14631,16.25,240,0.587,825,Medical,Mortgage,0,1,2021-06-05,0
LN-4DDC88B1,38,81063,22.4,307090,4.07,24,0.111,643,Business,Mortgage,0,0,2025-08-13,0
LN-82BB169E,32,131365,18.6,128040,12.47,36,0.638,715,Home,Mortgage,1,3,2020-06-16,1
LN-1D297533,43,35719,13.2,241512,9.39,84,0.613,650,DebtConsolidation,Other,0,1,2020-10-11,1
LN-DD8D3819,62,76774,24.3,43344,15.62,84,0.418,628,Education,Own,0,2,2024-05-05,1
LN-DA44F34D,42,74904,13.8,179651,6.32,12,0.584,711,DebtConsolidation,Rent,0,3,2023-06-24,0
LN-DE9C070B,50,22338,1.6,155143,5.44,60,0.376,546,Business,Other,0,2,2023-11-18,1
LN-D1A1F992,66,43524,6.2,34316,5.16,60,0.445,628,DebtConsolidation,Mortgage,0,0,2023-08-26,1
LN-9DE02E40,32,86183,10.1,164299,15.19,36,0.614,674,Home,Own,0,2,2023-07-21,0
LN-0E32D949,64,121944,13.3,282603,16.21,120,0.474,653,Education,Rent,0,2,2024-02-24,1
LN-2E3CC111,21,167246,20.7,331507,11.65,48,0.431,670,Education,Other,0,1,2021-08-27,0
LN-AD18BC7A,46,35270,14.2,188876,17.02,360,0.598,706,Home,Rent,0,3,2021-05-18,1
LN-E29C1E35,60,179000,17.4,259603,10.86,120,0.554,732,Auto,Other,0,0,2023-11-28,0
LN-18B2D12E,25,54101,6.9,339160,15.92,180,0.452,696,Medical,Other,0,3,2023-01-25,1
LN-A048A68B,42,136498,7.2,65644,15.8,60,0.241,547,Auto,Mortgage,0,3,2023-01-23,1
LN-59BE497B,51,115833,24.4,317073,16.62,120,0.157,668,Medical,Other,0,0,2022-09-06,0
LN-2BE72210,52,142878,20.9,344770,9.86,180,0.544,656,Business,Own,0,3,2025-04-19,0
LN-0EC8CC36,42,71903,23.5,93404,13.8,36,0.192,674,Home,Mortgage,0,3,2024-05-29,1
LN-640D26BD,28,70259,12.8,170739,12.32,48,0.399,651,DebtConsolidation,Mortgage,1,2,2024-04-11,1
LN-0A0FC2D6,50,25893,14.5,305826,15.78,60,0.244,628,Auto,Other,0,3,2020-05-27,0
LN-BFCA1959,33,169860,18.5,221593,12.21,36,0.546,595,Business,Own,0,1,2025-02-11,0
LN-53B7290B,63,44166,15.1,326492,16.9,240,0.521,652,DebtConsolidation,Rent,0,0,2020-08-19,1
LN-6C0BC3BF,40,24653,24.1,231853,4.94,180,0.271,643,Auto,Mortgage,0,3,2021-07-05,0
LN-12F31647,25,77624,23,144370,12.47,36,0.527,603,Education,Rent,1,2,2020-07-12,0
LN-FD2FC40E,59,38264,15.4,246368,7.74,36,0.454,583,Education,Mortgage,0,0,2022-07-15,0
LN-C7BAC12A,48,24032,19.3,146770,11.81,48,0.565,663,Medical,Own,0,3,2021-11-26,0
LN-CD971E42,55,55637,5.6,55703,4.25,60,0.58,713,Home,Other,1,2,2023-07-11,1
LN-9537286E,67,143103,17,37012,9.41,120,0.087,850,Business,Mortgage,0,0,2021-01-18,0
LN-F99F2D2C,28,24103,22.9,225514,7.97,360,0.639,728,Education,Own,0,1,2020-07-09,1
LN-C05B7A3D,64,171663,14.5,321198,10.91,360,0.468,651,Auto,Other,0,0,2021-05-12,0
LN-05E0EEB1,47,41860,2.4,239362,18.41,12,0.132,704,Education,Mortgage,0,2,2021-02-11,1
LN-277557DC,60,150400,17.3,180712,8.03,360,0.368,675,DebtConsolidation,Mortgage,1,3,2022-07-23,0
LN-DE4B33AC,49,51342,10,90580,11.23,180,0.431,595,Medical,Own,0,0,2023-09-04,1
LN-2E81F9D3,23,148883,20.4,137566,11.58,84,0.235,637,DebtConsolidation,Rent,0,2,2020-06-22,1
LN-072E98FD,36,109608,22.6,84620,4.06,120,0.302,720,Education,Rent,0,0,2024-08-12,1
LN-EC27C1A3,62,65504,23.2,56246,12.45,36,0.615,557,DebtConsolidation,Rent,0,3,2022-01-26,1
LN-F8F5E260,24,136752,14.6,258037,17.6,48,0.117,659,Medical,Mortgage,0,1,2023-05-28,0
LN-6B1914B0,23,175951,22.2,14058,8.91,120,0.088,637,Home,Own,1,0,2023-07-20,0
LN-6D0E6F41,50,172396,6.8,86414,15.76,180,0.322,694,Business,Rent,0,3,2021-01-10,1
LN-13B51719,52,151312,21.2,275993,9.33,24,0.458,689,Business,Rent,1,1,2021-08-11,0
LN-875DBCEC,30,52837,22.8,273435,14.32,48,0.421,595,DebtConsolidation,Mortgage,0,0,2023-10-21,0
LN-CA9EB8FD,49,179952,10.2,251842,7.33,48,0.472,630,Medical,Rent,0,3,2022-11-04,0
LN-C3F16AC5,21,53410,22.5,18865,12.48,360,0.381,659,Home,Own,0,1,2025-06-10,1
LN-89C98E61,54,87890,0.8,196494,5.33,180,0.223,725,Home,Own,0,0,2023-04-03,0
LN-41480A25,22,53718,5.5,288529,11.47,360,0.339,635,Education,Rent,1,1,2023-12-10,0
LN-B315ED52,43,124706,10.8,91485,7.81,60,0.14,753,Education,Mortgage,0,2,2020-12-22,0
LN-A15B5282,33,124779,3.9,52075,13.35,36,0.565,651,Business,Own,0,0,2020-02-27,0
LN-EDF1A6A0,51,171877,15.7,290821,12.05,360,0.591,596,Auto,Other,0,0,2023-05-28,1
LN-9C032D82,51,173157,3.6,123347,4.43,60,0.436,765,Auto,Own,0,3,2024-03-15,1
LN-B7158784,34,158147,15.5,100621,4.51,12,0.396,827,Home,Mortgage,0,3,2024-08-04,0
LN-F2A2075D,62,53359,7.2,170022,13.44,60,0.187,667,Education,Mortgage,0,3,2022-07-31,1
LN-63A1C821,48,60435,11.4,80129,10.42,24,0.095,571,Home,Own,0,2,2025-09-02,1
LN-E977C1D5,27,113007,3.7,304283,5.24,84,0.499,570,DebtConsolidation,Rent,0,3,2020-03-15,1
LN-A367C943,48,50733,14,7297,16.75,240,0.158,665,DebtConsolidation,Other,0,2,2021-01-10,1
LN-5F1F98C4,24,130348,1.7,26869,12.9,12,0.586,762,Home,Rent,0,0,2024-07-15,0
LN-414750E6,55,79196,13.8,241821,15.04,240,0.335,590,Business,Rent,0,2,2021-03-17,1
LN-7C75E5ED,35,109355,3.2,212157,5.38,60,0.391,626,DebtConsolidation,Mortgage,0,1,2023-10-06,0
LN-BD36F843,26,135951,17.2,107100,8.32,60,0.108,704,Auto,Mortgage,0,2,2021-07-05,1
LN-FED12ACC,31,42873,4,32324,10.82,60,0.201,774,Auto,Own,1,3,2022-05-05,0
LN-C4F91770,37,67975,3.1,229355,7.77,60,0.436,721,Auto,Other,0,0,2025-12-15,1
LN-57DAC851,56,47455,5.4,142915,12.84,60,0.325,647,Education,Other,0,2,2022-01-22,1
LN-6563A0CE,61,88801,4,58141,14.6,120,0.21,680,Business,Rent,1,3,2023-12-05,0
LN-D9112CFC,56,37235,18.6,184568,11.54,180,0.525,751,Auto,Rent,1,2,2021-04-02,0
LN-2A339C77,30,22693,3,238257,6.92,180,0.136,759,Business,Own,0,0,2020-06-23,0
LN-64B794EB,53,152121,2.8,109114,14.94,180,0.601,674,Business,Mortgage,0,1,2021-03-28,1
LN-33285C5B,67,51318,6.7,330930,10.13,120,0.339,671,Education,Own,0,2,2020-07-04,1
LN-AA418155,61,171252,20,178933,4.27,180,0.251,709,DebtConsolidation,Rent,0,1,2024-04-29,0
LN-558B3818,63,50791,18.2,83545,10.88,120,0.283,836,Medical,Other,0,1,2022-06-04,0
LN-E1C53292,23,122297,24,230753,18.35,240,0.291,703,Education,Other,0,0,2023-06-10,1
LN-8A412E6E,63,140214,21.7,275295,13.8,240,0.162,516,Auto,Other,0,1,2024-07-03,0
LN-5DD32ABF,67,129084,,174566,5.97,120,0.296,699,Auto,Own,0,2,2023-02-01,0
LN-82279835,24,170174,6,50241,8.86,36,0.378,693,Auto,Own,0,2,2021-07-23,0
LN-F0CE258C,22,122673,14.7,140054,9.76,180,0.348,737,DebtConsolidation,Own,0,3,2024-12-02,0
LN-F27A8400,53,171966,9.9,187202,5.68,48,0.364,583,Medical,Other,0,2,2022-04-13,0
LN-18BED78E,48,177182,16.7,235834,12.3,84,0.176,663,Business,Own,0,0,2023-11-11,0
LN-96DAD2CC,54,109958,14.5,41608,3.54,84,0.224,566,Home,Other,0,1,2021-03-30,1
LN-89EC6300,63,80010,11.6,39804,4.36,240,0.219,724,Medical,Rent,0,2,2020-07-14,0
LN-70A6C524,63,67487,16.4,238875,6.56,360,0.556,595,Education,Other,0,3,2023-11-10,1
LN-5C37255B,45,127627,5.1,225865,7.32,240,0.113,701,Medical,Rent,0,1,2023-01-14,0
LN-54CC7569,57,136852,16,144686,15.51,12,0.417,659,Home,Mortgage,0,0,2020-02-01,1
LN-A608543C,35,96498,20.6,147702,5.28,60,0.255,630,Education,Other,0,0,2024-06-03,1
LN-0F657398,24,63559,1,61880,6.24,48,0.567,638,Education,Mortgage,0,1,2021-04-13,1
LN-32C0E5D4,67,47667,3,272484,4.64,240,0.261,785,Auto,Own,1,1,2022-01-01,1
LN-E73308AD,34,28890,15,299392,6.35,60,0.471,738,DebtConsolidation,Mortgage,1,3,2024-03-22,1
LN-B1027235,51,125937,23.5,207614,18.18,12,0.349,632,Auto,Mortgage,0,0,2022-12-20,0
LN-AFFF2A6A,63,124495,1,173458,7.04,12,0.394,729,Medical,Rent,0,1,2023-10-02,0
LN-F0D38AF7,52,119948,11.4,309120,17.44,84,0.278,682,Auto,Mortgage,0,3,2020-02-15,0
LN-EDA0387F,30,124766,6.5,10421,17.9,12,0.46,850,DebtConsolidation,Mortgage,0,3,2020-02-19,1
LN-9D5F4659,28,109584,18.1,228818,6.35,120,0.224,619,Medical,Rent,0,3,2022-03-05,0
LN-BC75743D,47,146186,8.7,282546,8.89,240,0.206,730,Education,Other,0,1,2020-03-08,0
LN-B66E1AAD,62,151947,20.8,330172,14.62,60,0.348,581,Business,Mortgage,0,1,2021-02-20,1
LN-4EB3F5FE,38,74201,17.9,265198,7.49,360,0.458,623,Auto,Rent,0,3,2021-10-26,1
LN-6718A9D4,23,39602,4.5,319721,9.17,120,0.333,577,Medical,Own,0,0,2025-06-11,1
LN-D644E9AA,38,174438,14,76937,15.33,84,0.325,693,Medical,Rent,0,0,2022-10-27,0
LN-7D4451ED,67,177851,1.3,228281,4.3,84,0.466,723,DebtConsolidation,Own,0,3,2021-07-03,1
LN-3E3C572C,21,35100,15.4,59900,9.74,240,0.558,643,Auto,Mortgage,0,2,2023-06-05,0
LN-396F22AF,32,63739,6.5,198085,16.27,12,0.534,755,Home,Rent,0,3,2025-08-24,1
LN-A468EAE7,39,68538,7.4,31106,8.78,240,0.645,597,Home,Other,0,1,2021-07-14,0
LN-2FC98278,32,67085,11.1,172585,15.68,360,0.241,753,Business,Other,0,1,2024-03-12,0
LN-7B9CBB36,29,104099,0.7,209113,4.42,24,0.531,764,Medical,Rent,1,3,2020-12-24,1
LN-0EAA56B6,51,82173,21,191565,7.2,360,0.353,614,Auto,Mortgage,0,3,2021-03-02,1
LN-718928E3,67,46180,14.6,32997,10.25,36,0.506,774,DebtConsolidation,Other,0,0,2024-05-07,1
LN-F7739739,32,176817,12.5,324352,9.05,84,0.536,808,Home,Mortgage,1,1,2022-05-28,0
LN-49FB09D7,53,162403,24.8,244840,12.07,120,0.161,807,Auto,Mortgage,0,3,2025-10-02,0
LN-80EEDA8D,49,30722,16.9,100889,13.21,180,0.533,504,DebtConsolidation,Own,0,0,2024-06-13,1
LN-C1FC1B46,38,89465,9.3,269001,12.8,180,0.269,754,Home,Own,0,1,2020-05-17,0
LN-08E9327F,37,126449,22.6,24589,17.1,84,0.492,657,Education,Rent,0,2,2023-06-14,0
LN-81C40137,30,171601,12.4,272652,17.64,12,0.601,716,Home,Other,0,3,2021-09-22,0
LN-85285744,39,26842,8.1,18858,4.26,180,0.605,739,DebtConsolidation,Rent,0,3,2020-02-25,1
LN-3A486716,22,162962,8.3,96995,11.15,36,0.213,551,Education,Rent,0,0,2025-04-05,1
LN-88365132,44,97436,10.8,197567,7.53,180,0.276,768,Medical,Rent,0,2,2021-12-25,0
LN-74160B63,57,123272,15.1,322823,15.08,24,0.187,595,Education,Rent,0,0,2021-03-31,0
LN-B64154DF,38,123547,12.9,316895,9.72,240,0.126,709,Auto,Mortgage,0,0,2020-11-06,0
LN-4B316F3C,46,172558,3,109286,13.8,60,0.511,636,Education,Own,0,1,2020-07-25,0
LN-40248B8A,33,111091,23.8,129961,13.12,36,0.225,647,Auto,Own,1,1,2020-04-13,0
LN-17B4B356,45,34299,,220933,5.64,24,0.308,758,Business,Other,1,2,2024-11-27,1
LN-5E7C675F,62,105684,21.5,153102,13.16,120,0.541,773,DebtConsolidation,Mortgage,0,1,2025-11-26,1
LN-14CACF3A,57,91171,24.4,150893,8.11,360,0.632,597,DebtConsolidation,Other,0,0,2021-04-05,1
LN-811A9740,29,32321,15.5,124941,13.85,36,0.117,735,Medical,Other,0,1,2025-12-16,0
LN-7C244A20,67,92857,11,41166,16.8,36,0.518,645,Auto,Own,1,2,2025-01-02,1
LN-4ECD07A1,64,49048,,23505,17.39,48,0.397,744,DebtConsolidation,Own,0,1,2024-09-10,1
LN-95F77AFA,36,44677,20.7,145035,12.58,48,0.093,736,Auto,Rent,0,1,2020-05-26,1
LN-5BFE336F,36,133110,7,64766,14.48,36,0.336,711,Auto,Own,0,3,2024-05-24,0
LN-ECCBACF2,60,24608,1.5,161090,12.93,48,0.637,662,DebtConsolidation,Own,0,0,2023-07-14,1
LN-C2EF20AF,41,166041,3.6,249390,3.74,60,0.336,736,Business,Rent,0,2,2023-07-02,1
LN-2564E007,51,150903,14,22741,3.55,84,0.397,600,Business,Mortgage,0,3,2024-01-23,0
LN-7B75B138,47,170336,13.9,282756,13,120,0.14,593,Business,Other,0,1,2022-09-12,0
LN-B34C6734,26,128709,9.4,334039,16.12,240,0.339,686,Auto,Mortgage,0,0,2024-03-04,0
LN-954BAB78,34,68280,17,53285,13.12,48,0.527,665,DebtConsolidation,Own,0,3,2021-06-23,0
LN-EC08A2D5,55,178644,22.3,290964,3.97,84,0.539,691,Education,Rent,0,2,2025-07-18,0
LN-946255F8,29,60598,7.1,335223,17.15,360,0.131,681,Auto,Other,0,1,2023-06-26,0
LN-27965BAD,61,130341,15.4,184267,9.45,240,0.641,559,Education,Mortgage,0,3,2022-01-11,1
LN-0046B26F,38,31320,6.4,160507,12.41,60,0.435,647,Auto,Other,0,2,2022-07-03,0
LN-93616B3D,42,101288,22.7,311129,14.25,48,0.457,703,Education,Rent,0,3,2021-09-22,1
LN-EC3E30B9,64,179966,21.8,129350,4.57,12,0.434,756,Business,Rent,1,1,2023-08-27,0
LN-1D4BAB35,45,136909,18.4,272765,11.57,84,0.494,844,Home,Mortgage,0,3,2022-01-14,1
LN-3C26DB97,34,175707,22.7,43070,5.67,180,0.491,661,Business,Rent,0,1,2024-09-07,1
LN-C9A688DA,30,109954,18.4,294809,15.98,36,0.425,561,Auto,Own,0,2,2021-12-04,0
LN-1D7E1EAA,42,155501,23.8,203007,16.23,36,0.611,764,Home,Mortgage,0,1,2021-12-31,1
LN-EA663DB2,45,78280,20.5,321772,12.64,60,0.438,713,Education,Own,0,3,2023-02-03,1
LN-0A4426F8,38,154681,15.4,344804,5.62,48,0.647,591,Business,Other,0,2,2021-11-30,0
LN-2BF02736,56,62091,0.6,314562,15.5,12,0.096,696,DebtConsolidation,Rent,0,3,2023-09-27,1
LN-7DAA71F9,68,153266,2.3,209836,7.01,360,0.58,673,Education,Other,0,1,2023-07-29,1
LN-4EF6C5AD,60,120098,2.4,276982,14.85,360,0.333,550,Home,Mortgage,1,2,2024-05-21,1
LN-DEFD8C91,46,149638,17.5,332881,11.82,360,0.279,728,Business,Rent,0,2,2025-04-16,0
LN-127729F9,50,69636,8.7,320424,14.56,48,0.11,524,DebtConsolidation,Own,0,1,2025-03-14,1
LN-82042BCA,22,132106,24.4,137884,8.73,240,0.565,803,DebtConsolidation,Mortgage,1,2,2021-03-13,0
LN-986A1A20,25,138078,13.3,212447,17.61,24,0.568,683,Education,Own,0,2,2021-03-24,1
LN-A0455862,53,73997,0.7,79491,13.23,36,0.601,639,Medical,Rent,0,1,2021-12-20,0
LN-7A7914B1,52,113339,7.6,321703,17.24,240,0.638,700,DebtConsolidation,Rent,0,2,2021-10-25,1
LN-C20B52E0,57,141988,19.4,175425,7.42,180,0.467,622,Medical,Other,1,0,2022-09-30,0
LN-F5AA11CF,42,33769,24,27896,11.75,24,0.44,767,DebtConsolidation,Own,0,1,2020-01-16,0
LN-6AB0BCEC,56,165529,8.5,143228,9.09,360,0.203,617,DebtConsolidation,Rent,1,0,2022-03-29,0
LN-D5A6B56A,54,139282,24.4,202534,10.71,36,0.372,745,Education,Other,0,2,2024-02-20,0
LN-147784D2,35,73034,3.9,341815,14.83,84,0.586,725,Medical,Rent,1,0,2021-01-29,1
LN-F9D29D9E,67,61464,23.4,59701,17.59,12,0.299,686,Medical,Own,0,0,2021-07-08,0
LN-2F7F570A,34,136146,18.1,259767,17.44,24,0.632,632,Auto,Mortgage,0,3,2024-06-27,0
LN-22D59F18,47,86251,7.5,301616,14.21,120,0.448,752,Auto,Rent,0,2,2021-06-07,1
LN-0E69026F,38,108090,14.6,318638,11.55,12,0.419,728,Education,Own,0,2,2023-11-03,1
LN-6EAA4EC9,50,165025,19.4,196106,12.93,48,0.084,637,Home,Mortgage,0,0,2020-09-23,1
LN-738A3868,56,59951,22.8,178984,7.8,84,0.183,576,DebtConsolidation,Other,0,3,2024-11-20,1
LN-73285F56,35,175533,22.2,14636,14.74,12,0.491,850,Medical,Rent,0,3,2023-06-15,0
LN-E18197DA,41,47076,21.1,222528,7.34,36,0.524,666,Medical,Rent,0,2,2025-09-23,1
LN-20E0E460,61,177112,8.8,60983,13.17,48,0.413,681,Medical,Mortgage,0,2,2021-08-11,1
LN-6809447F,36,138405,16.5,205684,17.42,120,0.283,662,Auto,Own,0,1,2022-03-07,0
LN-7C1F41E9,41,101130,12.8,292376,6.86,360,0.338,657,DebtConsolidation,Rent,0,3,2025-02-06,0
LN-3D1AAF93,41,54481,21.3,181080,10.23,48,0.436,702,DebtConsolidation,Other,0,3,2023-01-02,1
LN-1A1256EB,68,157363,4,119646,13.38,84,0.463,736,Auto,Own,1,3,2021-12-03,0
LN-3FB389D9,46,170422,10.5,9739,4.68,180,0.639,592,Auto,Own,0,0,2025-02-25,1
LN-7C45DCD8,47,143506,13.6,184875,6.14,240,0.319,607,DebtConsolidation,Mortgage,0,3,2025-04-28,1
LN-5737DD4F,28,98128,23.7,38253,17.9,360,0.435,596,Home,Rent,1,3,2021-01-04,1
LN-A164FEC4,59,148372,22.7,41398,4.27,36,0.516,682,Business,Own,0,0,2025-01-31,1
LN-771C28DB,36,52351,4.5,170838,11.14,60,0.58,526,Education,Rent,0,0,2025-12-05,1
LN-7290DC5F,39,36414,6,283932,17.37,48,0.615,743,Medical,Other,1,2,2021-09-23,0
LN-711F2472,38,46062,12,82340,17.64,36,0.282,686,Education,Own,0,3,2023-02-02,1
LN-CE5D3788,67,37629,9.4,227645,17.26,84,0.223,665,Auto,Mortgage,0,0,2025-02-09,1
LN-9E4DF620,33,91988,22.4,126339,14.31,180,0.373,700,DebtConsolidation,Mortgage,0,0,2021-07-07,0
LN-D09D4477,53,158847,8.6,79590,18.27,240,0.393,753,Auto,Rent,0,0,2021-03-04,1
LN-D8C2ABCC,66,58205,18.7,190011,4.78,36,0.527,647,Home,Other,0,3,2024-07-11,1
LN-95732C52,22,111023,8.3,221843,13.85,240,0.25,728,Business,Rent,0,2,2020-02-23,1
LN-47528BE8,66,30529,5.6,119325,15.43,36,0.235,726,Education,Mortgage,0,3,2024-12-05,1
LN-35D36DD3,30,153066,9.5,14511,13.26,12,0.626,803,Business,Rent,0,3,2024-10-13,1
LN-48DF405B,26,75314,,10691,5.99,84,0.627,797,Auto,Mortgage,1,2,2020-11-02,1
LN-AA2C701D,65,118423,23.3,14107,5.64,240,0.571,779,Business,Other,0,2,2022-03-20,1
LN-BE8BA6EB,58,105158,,293277,14.22,240,0.555,720,Education,Mortgage,1,2,2021-04-11,1
LN-47229D06,52,37351,13,14697,14.24,12,0.468,642,DebtConsolidation,Mortgage,0,1,2023-02-10,1
LN-DA0954A9,43,38771,14.2,45860,4.39,24,0.468,689,Home,Own,0,0,2025-09-17,1
LN-89CC822E,27,167147,2.2,315380,10.99,48,0.389,675,Home,Own,0,3,2020-11-01,1
LN-31118233,43,50059,11.7,261780,12.95,180,0.298,715,Medical,Own,0,1,2020-10-23,0
LN-B63A8C17,54,116808,5.9,22491,3.63,120,0.337,660,Business,Mortgage,0,1,2023-06-15,1
LN-0404021F,21,30269,19.8,139019,17.79,36,0.156,649,Medical,Other,0,1,2021-05-16,1
LN-00ADCCBD,21,89937,14.3,24291,3.87,84,0.417,714,Medical,Other,0,2,2025-06-17,1
LN-4DF4B303,47,86482,17.9,335206,17.08,48,0.569,742,Business,Other,0,0,2024-08-17,1
LN-EBA12E30,22,124013,12.5,115378,6.5,180,0.647,650,Auto,Own,0,2,2021-07-05,0
LN-5BEF92DE,65,140060,2.2,236241,15.71,240,0.42,543,Home,Mortgage,0,2,2023-02-13,1
LN-353B5458,22,153918,13.3,242623,7.21,24,0.116,680,Home,Other,0,2,2020-11-13,1
LN-2C32BBA4,64,145875,15,143403,6.86,60,0.533,701,Business,Own,0,1,2022-03-30,0
LN-6520DCB4,64,157391,,12095,16.9,60,0.49,766,Auto,Rent,1,3,2023-06-17,1
LN-FA70D821,48,172553,15.9,62746,10.38,36,0.4,590,Home,Rent,0,3,2024-09-12,1
LN-77A3F301,28,66770,14.8,260849,12.03,180,0.299,611,Auto,Mortgage,0,0,2021-03-07,0
LN-43F93257,63,57377,12.4,199366,5,12,0.379,663,Business,Mortgage,0,1,2020-09-07,1
LN-4F4132F9,28,128370,14.6,287780,4.92,360,0.551,586,Auto,Rent,0,1,2024-02-05,0
LN-0B6C7E13,43,161136,7.7,319435,15.07,120,0.395,614,Business,Own,0,0,2023-12-21,1
LN-42332161,48,130740,11.1,76807,5.67,240,0.316,572,Business,Own,0,3,2024-05-10,1
LN-AE6187C7,30,28726,11.2,250934,9.76,12,0.172,663,Medical,Mortgage,0,0,2020-07-20,0
LN-DEEAF0D4,66,65535,21,332169,13.3,24,0.616,599,Auto,Other,0,2,2021-12-28,1
LN-37F96727,21,58942,12.3,55428,15.64,84,0.386,600,Auto,Rent,0,3,2024-04-15,0
LN-20B19A33,25,173129,23.5,213677,11.08,24,0.167,561,Medical,Mortgage,0,2,2024-03-14,1
LN-928AEDFB,47,90136,18.9,337121,8.61,360,0.223,687,Auto,Own,0,3,2022-09-27,0
LN-1A24E5FB,35,140404,17.5,334077,4.61,60,0.485,751,DebtConsolidation,Other,0,3,2025-12-23,0
LN-342EF7C2,54,72470,14.3,315344,7.89,48,0.098,663,Education,Mortgage,0,3,2025-04-05,0
LN-084AB6E6,39,25499,9.2,170175,9,48,0.569,642,Business,Rent,0,0,2021-07-15,1
LN-E1EFE836,51,131085,,47242,12.14,24,0.454,599,Home,Mortgage,1,2,2024-10-27,1
LN-E208B062,46,86373,15.2,335900,3.54,360,0.345,623,Business,Rent,1,0,2020-10-01,0
LN-FDCF86E5,39,129118,9.1,94188,9.52,12,0.332,648,Business,Mortgage,0,3,2025-06-05,0
LN-2E56A064,27,32086,18.5,342668,12.62,12,0.41,646,Home,Mortgage,0,1,2025-02-03,0
LN-BA2DF7D7,30,45282,11.7,102774,12.57,360,0.57,710,Home,Own,0,1,2020-07-17,0
LN-4CB052EE,53,173262,0.9,139527,7.61,360,0.221,632,Medical,Mortgage,0,0,2023-07-23,0
LN-5FACBE4D,24,167136,6.2,278221,10.35,12,0.595,772,Business,Mortgage,1,1,2024-10-19,0
LN-125A8611,51,55403,15,183354,7.87,60,0.188,535,Education,Own,1,0,2020-07-23,0
LN-F2731A58,50,172544,22.3,149299,11.2,60,0.602,680,Business,Rent,0,0,2023-02-07,0
LN-70A6C820,33,51444,22.4,18246,11.78,180,0.645,764,DebtConsolidation,Own,0,1,2020-08-14,1
LN-65595B93,44,154802,9.7,348267,9.48,48,0.114,607,Medical,Rent,0,2,2021-07-01,1
LN-0BCB611A,66,68696,24,254313,15.52,12,0.353,668,Medical,Mortgage,0,1,2023-03-20,1
LN-97669E3A,37,115895,14.9,49840,12.32,120,0.601,754,Home,Other,0,1,2022-02-09,1
LN-8C078719,61,151019,19.7,240780,9.8,12,0.245,784,Home,Other,0,0,2023-06-10,0
LN-405903D3,38,81333,22.8,170777,12.53,48,0.141,566,DebtConsolidation,Mortgage,0,1,2021-02-26,1
LN-73FFFEAD,22,174147,13.8,119952,11.22,12,0.112,695,Business,Mortgage,0,0,2023-10-16,1
LN-3371BBEF,22,79071,24.8,120633,15.1,120,0.344,729,Medical,Other,0,0,2020-07-08,1
LN-AF9FA072,49,177769,11.2,97765,9.82,84,0.615,711,DebtConsolidation,Rent,0,0,2020-09-26,1
LN-394F430C,39,92868,13,85860,13.55,240,0.371,666,DebtConsolidation,Rent,0,2,2022-07-18,0
LN-8F81BEBC,66,80072,5.6,139946,14.01,12,0.512,850,Auto,Rent,1,2,2025-08-26,0
LN-0F87DBE3,62,160205,12.9,310589,3.57,360,0.498,595,Education,Mortgage,1,1,2022-06-26,0
LN-481120CD,55,24622,18.7,166579,18.3,84,0.272,743,Home,Other,0,1,2020-01-03,0
LN-DEE78966,29,135677,3.2,237630,9.17,12,0.568,658,Education,Other,1,2,2022-02-12,0
LN-0E0F27F5,29,97147,5.6,138554,13.57,48,0.531,675,Business,Own,0,3,2022-10-22,1
LN-6873735D,31,169388,22.4,73265,5.35,120,0.579,652,Auto,Mortgage,0,2,2023-05-13,0
LN-ABAB0617,29,44353,7.8,163423,16.07,60,0.256,778,Medical,Mortgage,0,0,2021-06-01,0
LN-086AF343,41,48908,14.7,96622,8.51,180,0.613,723,DebtConsolidation,Rent,0,1,2020-12-15,0
LN-47728299,68,76308,5.5,234480,9.55,12,0.54,656,Home,Other,1,2,2021-09-15,1
LN-53119D60,65,158001,21.8,322206,4.77,60,0.126,727,Auto,Own,0,3,2020-04-09,0
LN-B88D2B9D,63,143863,0.5,296888,9.07,84,0.543,715,Home,Rent,1,2,2025-09-03,0
LN-6C4C2890,28,22464,14.1,229189,18.38,12,0.195,817,Medical,Own,1,2,2025-08-04,1
LN-2E21A359,62,67812,4.9,7911,14.36,48,0.597,760,Education,Rent,0,2,2022-04-03,1
LN-26E9F3BA,35,34831,4.6,305117,8,240,0.291,682,Business,Rent,0,2,2024-12-06,1
LN-E80CF1D5,59,160781,13.2,92806,7.38,120,0.508,769,Auto,Own,0,2,2020-10-07,1
LN-B9D0977E,21,55893,18.1,283618,9.33,60,0.491,729,Education,Own,0,0,2023-06-25,0
LN-FFBDC55E,24,27309,2.2,91693,12.99,24,0.458,731,Education,Other,0,3,2021-09-16,0
LN-C502F6EA,68,38635,20.6,289508,16.35,24,0.265,644,Auto,Mortgage,1,3,2023-09-11,1
LN-400589C3,53,32997,24.9,29245,15.5,60,0.538,673,Auto,Mortgage,0,1,2020-12-16,1
LN-1518DEF3,26,152006,5.2,302554,4.31,24,0.604,718,Medical,Own,0,1,2025-02-02,0
LN-E264A378,35,94799,11.8,198562,6.41,48,0.103,743,Education,Rent,0,2,2020-04-17,1
LN-EB640D94,58,93787,21.3,156218,14.1,84,0.185,736,Education,Rent,0,2,2020-05-09,1
LN-E7519E74,63,110008,2.5,230380,17.92,36,0.115,813,Auto,Other,0,3,2024-03-15,1
LN-4106F76F,59,94441,24.2,340597,11.49,12,0.381,806,Home,Rent,0,0,2025-06-14,1
LN-14211FF8,44,22767,4.3,189145,8.46,36,0.172,682,Education,Mortgage,0,3,2025-12-12,1
LN-1C711F0A,66,55556,13.5,58898,9.25,12,0.4,561,Home,Mortgage,0,0,2023-12-16,0
LN-AA3E5A45,67,91077,3.7,23454,10.12,84,0.517,641,Medical,Mortgage,0,2,2023-12-08,1
LN-1A16FE63,34,73153,20.1,164917,15.58,120,0.205,621,Business,Rent,0,2,2023-02-14,1
LN-36E33E66,31,124867,5.1,267456,9.42,36,0.163,572,Auto,Rent,0,1,2023-10-24,0
LN-C1227DEC,38,76085,18.5,176482,13.64,360,0.57,617,DebtConsolidation,Rent,1,3,2022-12-21,1
LN-108E9233,28,28443,18.8,9915,15.99,84,0.465,811,DebtConsolidation,Mortgage,0,0,2021-03-02,1
LN-EE74E919,65,93948,10.1,258654,13.5,120,0.381,666,DebtConsolidation,Other,0,2,2020-01-06,0
LN-97B6C1E7,40,160893,16.9,322643,10.64,36,0.425,768,Business,Mortgage,0,1,2023-05-15,1
LN-75E847DF,43,52046,21.7,115296,3.97,240,0.597,650,Auto,Own,1,0,2022-11-03,0
LN-68DD58DF,50,53613,14.9,178084,9.97,240,0.517,764,Home,Own,0,1,2022-11-03,1
LN-4200D6A5,32,54833,6.4,97908,8.33,120,0.457,750,Business,Other,0,3,2023-08-05,1
LN-3B4C5634,38,170785,11.3,228919,12.63,60,0.339,738,Education,Own,0,3,2020-01-16,1
LN-7BD32B59,24,148372,19.9,236002,16.41,12,0.316,735,Auto,Other,1,1,2022-04-14,1
LN-56C4C66D,30,92728,13.1,302416,5.21,12,0.379,585,Medical,Own,0,1,2023-11-20,1
LN-89646D02,30,100987,1.2,193901,5.68,24,0.588,661,Education,Mortgage,0,0,2024-10-07,0
LN-CF763A4F,41,77031,19.2,331330,15.99,84,0.631,761,Home,Rent,0,2,2024-04-14,1
LN-0713A48A,55,111469,14.7,334188,7.62,180,0.464,699,Medical,Mortgage,0,2,2023-07-04,0
LN-1B5C6D7B,34,38540,20.5,156652,16.82,48,0.182,753,Business,Own,1,1,2021-08-09,0
LN-FE698123,59,131616,13.5,174701,18.31,180,0.382,533,Medical,Mortgage,0,3,2023-04-07,1
LN-847656EF,66,120611,16.5,40925,16.21,180,0.197,615,Home,Other,1,3,2022-02-06,0
LN-50921D0C,32,92099,8.8,263539,10.56,180,0.533,610,Auto,Rent,1,3,2025-04-09,0
LN-587E52FB,22,64004,10.6,253283,7.36,180,0.261,654,Education,Other,0,0,2023-08-26,1
LN-B253A34E,67,74279,2.2,249486,15.36,24,0.092,694,Education,Mortgage,1,0,2021-09-07,1
LN-0FA27103,53,37509,19,268986,12.64,24,0.366,604,Medical,Own,0,3,2024-07-29,1
LN-75C12A57,22,102718,8.5,112283,7.7,36,0.417,700,Home,Mortgage,0,0,2022-08-11,0
LN-9FDFEE3C,55,83725,3.8,18908,17.42,120,0.134,611,Auto,Other,1,0,2020-12-22,0
LN-19BFEAD4,26,138351,10.1,36899,15.85,360,0.549,730,Education,Rent,0,3,2024-01-09,0
LN-41F5EB57,40,70286,14.7,13471,14.96,84,0.088,625,Education,Own,0,2,2025-02-13,0
LN-B79624F1,44,146373,0.8,342011,7.72,36,0.335,753,DebtConsolidation,Own,0,2,2020-05-13,0
LN-509767CA,62,23497,10.7,187858,8.2,84,0.336,678,Business,Own,1,1,2020-06-05,1
LN-8F5408AD,53,54678,14.8,199188,10.19,24,0.296,692,DebtConsolidation,Own,0,1,2020-06-16,0
LN-16868B0C,66,85585,19.2,312011,15.26,60,0.082,609,Business,Own,1,1,2021-03-06,1
LN-6D6D1ED6,41,70160,4.6,268326,16.38,12,0.412,813,Auto,Other,0,3,2025-08-30,1
LN-5B37E25D,61,140850,16.1,69623,12.77,84,0.102,731,Business,Rent,0,3,2020-11-02,1
LN-4260D275,24,108347,1.6,328606,14.61,240,0.239,627,Business,Mortgage,0,3,2020-11-18,1
LN-4B27B054,28,70782,14.9,249974,10.36,180,0.368,575,Auto,Rent,0,0,2022-07-04,1
LN-E434B119,32,79373,18.4,306005,12.35,60,0.083,589,Medical,Rent,0,1,2021-12-11,1
LN-5985EC41,55,126191,3.6,173965,6.49,120,0.31,613,DebtConsolidation,Other,0,2,2025-12-03,1
LN-A8F6AEAB,67,138296,14,98875,11.24,360,0.183,655,Education,Rent,1,1,2023-01-13,0
LN-E66F76DC,28,41735,8.9,35857,7.99,24,0.441,762,Education,Own,0,1,2023-07-16,0
LN-D94CF5DA,52,114852,3.6,155431,18.14,240,0.162,762,Business,Rent,0,1,2021-10-12,1
LN-EAF82D9D,56,47332,9.2,277898,9.08,12,0.212,678,Auto,Own,0,3,2022-06-26,0
LN-71EF08BB,28,166886,10.5,231931,15.9,84,0.379,791,DebtConsolidation,Rent,0,1,2021-07-01,1
LN-D564E354,29,73658,4.3,94529,10.35,84,0.397,679,Business,Other,1,2,2025-05-03,1
LN-D9CFDF66,64,126862,6.1,322817,4.85,120,0.217,690,DebtConsolidation,Rent,0,2,2024-02-04,0
LN-3D00FCC0,55,172703,3.4,237567,18.17,12,0.378,712,Business,Rent,1,0,2024-02-25,1
LN-5269E8AB,26,113168,6.6,135337,9.9,12,0.313,772,DebtConsolidation,Other,0,1,2025-09-03,0
LN-308AB349,54,123685,14.6,135730,12.36,48,0.369,589,Business,Mortgage,1,3,2022-09-14,0
LN-3D25B68A,40,38927,11,181900,6.23,180,0.461,760,Education,Rent,0,2,2020-01-07,1
LN-1B3B3B20,29,93353,3.9,129464,16.36,84,0.085,712,Home,Own,0,3,2022-03-11,0
LN-DB4ADE4D,62,125280,10.5,152899,5.83,48,0.141,766,Business,Mortgage,0,1,2021-07-21,0
LN-39F01C1B,38,80920,16.8,68840,15.55,84,0.65,584,Medical,Other,0,1,2020-02-05,1
LN-7B3403B6,61,27581,21.1,314199,8.48,120,0.512,592,Education,Other,0,2,2022-08-16,1
LN-49D5517A,40,149390,11,222126,15.69,180,0.22,617,Education,Mortgage,0,0,2023-11-01,0
LN-0ACCB66E,45,56632,21.8,210936,8.49,36,0.319,598,Medical,Other,0,0,2022-06-01,0
LN-2F58B30E,27,179028,20.4,82108,16.87,180,0.097,711,Home,Own,1,3,2023-12-05,1
LN-45CEC5AE,29,38073,,116974,11.58,240,0.343,658,Medical,Own,0,1,2025-12-05,1
LN-7462F7E3,65,131855,14.2,130774,3.69,180,0.194,698,Medical,Own,0,1,2020-06-30,0
LN-C380F219,40,73455,9.2,281395,9.88,12,0.202,734,Auto,Other,0,3,2021-03-30,1
LN-4D77541E,48,115146,15.6,313250,16.52,84,0.41,623,Medical,Own,0,3,2024-11-22,0
LN-6E4FBF97,51,161895,22.8,102348,4.56,120,0.565,603,Home,Other,0,3,2025-09-08,1
LN-0DC4D3BE,54,120519,23.2,296522,10.54,48,0.3,679,Business,Rent,0,2,2023-01-30,0
LN-30E39FB6,33,70034,3,48468,17.86,84,0.403,571,Medical,Other,0,0,2023-10-11,1
LN-F2ED07A3,22,107901,22.8,243796,8.89,60,0.15,665,Business,Mortgage,0,2,2023-09-02,0
LN-2F2478BF,55,72792,15.4,263235,12.84,60,0.152,484,Medical,Mortgage,0,3,2025-06-09,1
LN-907F15A8,22,114978,10.1,166600,5.21,60,0.521,615,Auto,Mortgage,0,2,2021-08-18,1
LN-D56A0A6E,51,31525,11,311711,17.81,360,0.499,646,Education,Own,0,1,2020-03-25,1
LN-3404BC73,44,161885,17.6,50394,4.96,24,0.576,609,Medical,Own,0,2,2020-02-17,1
LN-6D7F5A8F,57,83427,1,196377,14.37,24,0.586,585,DebtConsolidation,Own,1,2,2021-01-05,1
LN-5C571B78,54,99763,7.1,298615,14.66,36,0.487,543,Education,Own,0,2,2023-11-09,1
LN-B967995B,30,25927,6.7,120594,5.17,48,0.206,763,Medical,Other,0,2,2020-08-14,1
LN-E3AF5CC3,57,179940,2.9,214973,14.98,180,0.152,672,Education,Rent,0,2,2025-12-30,0
LN-A294C1A8,45,109411,10.5,81449,16.87,120,0.318,636,Medical,Other,0,1,2022-05-20,0
LN-156F8347,40,174840,9.3,49494,12.73,24,0.36,707,Home,Other,0,1,2023-06-07,0
LN-CCD5F3BA,25,52061,16.3,128907,14.02,24,0.416,687,Auto,Other,0,1,2025-09-13,0
LN-73608365,48,161469,18.9,239517,10.5,120,0.132,773,DebtConsolidation,Rent,0,2,2020-01-24,1
LN-E7C877DE,56,164095,12.4,344200,16.65,24,0.174,640,Education,Other,1,1,2022-12-23,1
LN-BB9BD7F6,41,91251,14.4,201333,10.58,48,0.522,681,Auto,Other,0,3,2023-02-08,1
LN-840BA828,52,99107,22.4,268380,6.38,60,0.433,645,Home,Own,0,2,2020-07-15,0
LN-A06A1DA0,64,121899,4.5,346032,14.22,240,0.422,661,Medical,Rent,0,1,2025-05-26,0
LN-17B5822F,56,38221,15.4,64172,13.76,240,0.529,536,Medical,Mortgage,1,2,2022-11-28,1
LN-4987E067,25,179073,2.6,177665,7.42,36,0.598,770,Education,Own,0,1,2025-08-22,0