CustomerId,RecencyDays,Frequency,MonetaryTotal,AvgOrderValue,NumReturns,EmailOpenRate,LoyaltyPoints,PreferredChannel,SegmentLabel
CUST-00001,362,46,2843.93,329.3,7,0.07,43959,InStore,LoyalRegular
CUST-00002,241,51,22021.87,92.42,6,0.1,35510,MobileApp,HighValue
CUST-00003,163,30,9371.32,65.46,6,0.07,42645,Online,LoyalRegular
CUST-00004,47,44,17364.4,327.74,8,0.15,41705,Phone,HighValue
CUST-00005,138,56,20853.01,127.21,8,0.24,41376,MobileApp,NewCustomer
CUST-00006,337,55,18043.84,81.23,2,0.65,14257,MobileApp,HighValue
CUST-00007,93,52,2973.72,167.11,3,0.25,38515,InStore,LoyalRegular
CUST-00008,326,47,17758.89,274.33,2,0.25,32505,MobileApp,HighValue
CUST-00009,297,13,11406.92,126.56,4,0.49,33221,InStore,AtRisk
CUST-00010,196,49,823.5,290.74,7,0.5,28791,Online,LoyalRegular
CUST-00011,120,43,870.53,218.26,6,0.5,12379,Phone,LoyalRegular
CUST-00012,268,50,17537.08,88.7,0,0.48,27765,MobileApp,HighValue
CUST-00013,265,35,8485.42,283.57,7,0.13,23500,Online,LoyalRegular
CUST-00014,120,6,4554.15,380.38,1,0.52,37366,Online,AtRisk
CUST-00015,42,12,8853.38,328.05,2,0.28,9338,MobileApp,LoyalRegular
CUST-00016,129,28,14887.89,200.15,1,0.42,25637,MobileApp,HighValue
CUST-00017,130,26,12207.24,112.94,6,0.25,23374,MobileApp,HighValue
CUST-00018,34,36,830.31,62.44,7,0.59,43248,Phone,LoyalRegular
CUST-00019,151,5,14172.95,390.57,7,0.2,16758,Online,AtRisk
CUST-00020,5,55,12338.47,31.06,1,0.4,17768,MobileApp,HighValue
CUST-00021,27,9,5397.21,448.53,4,0.24,8331,InStore,AtRisk
CUST-00022,21,15,15060.54,172.01,1,0.31,10601,MobileApp,AtRisk
CUST-00023,354,37,15935.34,415.67,1,0.27,8287,Phone,HighValue
CUST-00024,234,51,695.56,188.64,0,0.27,22967,Online,LoyalRegular
CUST-00025,326,6,10002.16,102.15,3,0.17,33605,Phone,AtRisk
CUST-00026,95,36,397.88,374.1,7,0.16,45029,InStore,BargainHunter
CUST-00027,280,58,24392.04,225.13,8,0.33,36165,Online,HighValue
CUST-00028,149,12,23272.74,361.38,7,0.16,17323,MobileApp,AtRisk
CUST-00029,185,50,11062.46,151.85,4,0.17,23236,MobileApp,HighValue
CUST-00030,266,27,650.85,355.11,0,0.08,653,Online,LoyalRegular
CUST-00031,104,8,23765.65,362.76,2,0.62,41173,InStore,AtRisk
CUST-00032,172,13,7782.48,458.05,2,0.61,26532,Online,AtRisk
CUST-00033,167,14,15100.44,405.13,0,0.17,16679,Phone,BargainHunter
CUST-00034,142,4,3911.91,466.22,3,0.5,9240,Phone,LoyalRegular
CUST-00035,51,18,23269.84,226.57,3,0.43,24872,InStore,HighValue
CUST-00036,82,4,5663.82,42.05,5,0.18,4094,Phone,AtRisk
CUST-00037,126,4,4707.02,407.55,6,0.21,37209,MobileApp,AtRisk
CUST-00038,67,48,19168.84,34.97,1,0.55,33968,Online,HighValue
CUST-00039,202,14,17070.29,351.2,0,0.26,38698,Online,AtRisk
CUST-00040,226,22,4994.42,60.54,7,0.64,10344,InStore,LoyalRegular
CUST-00041,230,19,726.89,238.96,6,0.27,38065,MobileApp,AtRisk
CUST-00042,192,27,9123.32,59.32,7,0.06,24147,Phone,LoyalRegular
CUST-00043,347,18,11593.17,254.14,4,0.63,30732,Online,HighValue
CUST-00044,271,45,21827.33,252.3,1,0.33,19299,Phone,HighValue
CUST-00045,84,18,4478.13,386.56,0,0.5,3035,InStore,AtRisk
CUST-00046,260,37,12840.29,388.17,8,0.01,37884,Online,LoyalRegular
CUST-00047,305,23,20659.17,175.41,5,0.44,44809,InStore,HighValue
CUST-00048,275,33,8022.45,208.79,4,0.47,23173,Online,LoyalRegular
CUST-00049,134,22,13589.37,298.82,6,0.45,10721,InStore,HighValue
CUST-00050,166,57,8872.52,398.44,1,0.06,31338,Online,LoyalRegular
CUST-00051,330,55,5196.11,375.11,0,0.59,40590,Phone,LoyalRegular
CUST-00052,59,1,358.13,110.24,6,0.51,47310,MobileApp,NewCustomer
CUST-00053,26,35,21827.68,361.36,0,0.57,13435,Online,HighValue
CUST-00054,183,3,11611.21,245.04,2,0.6,35705,MobileApp,NewCustomer
CUST-00055,283,28,226.2,201.03,6,0.5,13157,Phone,LoyalRegular
CUST-00056,248,53,17455.79,494.77,2,0.12,5098,Phone,HighValue
CUST-00057,263,53,9044.13,210.97,3,0.18,47181,MobileApp,LoyalRegular
CUST-00058,172,28,21061.07,411.55,0,0.47,35172,MobileApp,HighValue
CUST-00059,91,2,23295.19,431.83,3,0.54,46814,Online,NewCustomer
CUST-00060,181,30,7589.14,374.91,8,0.37,12911,InStore,HighValue
CUST-00061,78,19,22530.6,308.72,3,0.54,34090,InStore,HighValue
CUST-00062,160,26,7736.6,93.35,6,0.34,6456,InStore,LoyalRegular
CUST-00063,304,36,6354.67,155.8,0,0.48,9759,Online,HighValue
CUST-00064,303,57,22026.41,89.03,3,0.38,1136,Online,HighValue
CUST-00065,318,47,21401.31,372.08,6,0.46,48625,Online,HighValue
CUST-00066,111,44,9221.05,260.7,2,0.26,13418,Phone,LoyalRegular
CUST-00067,179,34,9895.32,271.05,0,0.31,47005,Online,LoyalRegular
CUST-00068,362,8,14683.75,131.9,5,0.06,17231,InStore,AtRisk
CUST-00069,73,16,1887.02,480.9,4,0.49,30140,Phone,AtRisk
CUST-00070,340,56,18452.22,421.29,1,0.27,46671,Phone,HighValue
CUST-00071,292,18,13026.59,158.5,8,0.52,13236,MobileApp,HighValue
CUST-00072,99,4,7315.32,393.88,5,0.05,31643,InStore,AtRisk
CUST-00073,259,20,158.86,303.56,3,0.34,10671,MobileApp,BargainHunter
CUST-00074,163,25,18195.69,436.67,8,0.33,5802,Online,HighValue
CUST-00075,51,57,15243.95,101.62,3,0.64,45206,Phone,HighValue
CUST-00076,201,43,3203.73,106.07,0,0.21,37353,Online,LoyalRegular
CUST-00077,284,42,13975.49,235.34,2,0.26,15625,MobileApp,HighValue
CUST-00078,93,14,20844.58,229.87,2,0.62,12508,InStore,AtRisk
CUST-00079,157,16,4500.91,475.09,8,0.23,37053,MobileApp,AtRisk
CUST-00080,273,47,6900.3,213.89,5,0.54,15173,MobileApp,LoyalRegular
CUST-00081,293,17,24044.81,447.29,3,0.19,14177,Online,HighValue
CUST-00082,297,23,14017.08,98.97,0,0.06,13071,Phone,HighValue
CUST-00083,5,9,6933.33,390.36,3,0.2,2631,MobileApp,AtRisk
CUST-00084,320,58,12633.46,310.79,4,0.18,30814,MobileApp,HighValue
CUST-00085,14,4,20122.03,298.16,8,0.41,32952,Online,AtRisk
CUST-00086,169,19,4589.08,104.34,1,0.43,47841,InStore,AtRisk
CUST-00087,66,51,16432.24,29.1,7,0.59,20256,Phone,HighValue
CUST-00088,180,33,14265.09,189.68,1,0.1,40104,Online,HighValue
CUST-00089,360,5,11898.56,326.86,5,0.17,23783,InStore,AtRisk
CUST-00090,74,43,9378.68,146.46,1,0.64,25505,Phone,LoyalRegular
CUST-00091,19,37,21687.06,168.01,1,0.34,12957,Online,HighValue
CUST-00092,330,34,11611.03,333.54,8,0.21,1155,MobileApp,HighValue
CUST-00093,249,19,23630.64,96.19,7,0.37,33922,MobileApp,HighValue
CUST-00094,4,17,17281.29,229.51,8,0.19,29599,Phone,HighValue
CUST-00095,48,4,16350.31,467.46,7,0.61,20490,InStore,NewCustomer
CUST-00096,119,14,6276.4,437.03,5,0.43,37585,InStore,AtRisk
CUST-00097,334,25,11818.02,185.88,4,0.43,19421,Online,HighValue
CUST-00098,290,23,19864.12,216.08,1,0.64,25799,Online,HighValue
CUST-00099,157,41,24174.58,461.01,7,0.36,32545,Online,HighValue
CUST-00100,353,7,9100.64,60.05,6,0.03,13454,Online,AtRisk
CUST-00101,149,18,16422.81,345.23,1,0.29,41843,Online,HighValue
CUST-00102,345,19,18493.46,100.04,6,0.55,28841,MobileApp,HighValue
CUST-00103,67,16,15855.75,83.92,1,0.54,24296,Online,HighValue
CUST-00104,95,56,12419.19,75.31,0,0.23,17103,InStore,HighValue
CUST-00105,349,33,13569.78,228.24,2,0.49,4200,Online,HighValue
CUST-00106,325,31,6179.54,95.84,5,0.63,32859,Online,LoyalRegular
CUST-00107,352,3,14796.1,289.93,8,0.16,45217,Phone,AtRisk
CUST-00108,133,8,756.48,381.69,7,0.43,23541,Phone,AtRisk
CUST-00109,40,22,4671.99,403.93,5,0.37,38881,Online,LoyalRegular
CUST-00110,57,25,7750.42,26.47,5,0.21,48711,Phone,LoyalRegular
CUST-00111,71,13,19133.06,459.49,7,0.44,30019,Online,AtRisk
CUST-00112,258,10,9707.57,83.95,5,0.15,575,InStore,AtRisk
CUST-00113,105,5,2707.3,334.6,2,0.51,19707,InStore,AtRisk
CUST-00114,47,44,1901.66,342.53,2,0.33,1380,InStore,LoyalRegular
CUST-00115,116,1,16562.91,439.32,5,0.49,11539,InStore,NewCustomer
CUST-00116,100,56,16520.14,221.64,3,0.26,18785,InStore,HighValue
CUST-00117,314,38,888.52,82.15,7,0.03,46380,MobileApp,LoyalRegular
CUST-00118,292,35,23003.15,277.47,1,0.18,16794,MobileApp,HighValue
CUST-00119,303,30,19911.82,294.04,4,0.43,43639,InStore,HighValue
CUST-00120,108,37,6676.02,176.38,1,0.38,4792,MobileApp,AtRisk
CUST-00121,27,25,20636.89,396,5,0.03,9208,InStore,HighValue
CUST-00122,45,57,5590.12,118.87,8,0.1,7255,MobileApp,LoyalRegular
CUST-00123,195,36,2681.8,87.29,3,0.64,38986,MobileApp,LoyalRegular
CUST-00124,244,7,1253.94,223.05,6,0.24,7693,MobileApp,AtRisk
CUST-00125,38,28,6975.85,176.53,5,0.46,29739,Phone,LoyalRegular
CUST-00126,7,18,305.89,481.04,5,0.21,39704,MobileApp,BargainHunter
CUST-00127,365,4,6526.5,316.08,1,0.05,645,MobileApp,AtRisk
CUST-00128,76,60,1245.98,219.39,6,0.1,5597,MobileApp,LoyalRegular
CUST-00129,211,37,15135.24,395.27,1,0.1,14699,MobileApp,HighValue
CUST-00130,49,36,6694.04,297.79,7,0.01,9001,InStore,LoyalRegular
CUST-00131,24,47,18270.01,74.83,3,0.45,13684,Online,HighValue
CUST-00132,86,43,9892.3,498.47,2,0.27,48406,InStore,LoyalRegular
CUST-00133,116,29,16098.94,205.59,6,0.46,47545,Phone,HighValue
CUST-00134,48,53,3595,378.12,7,0.33,13715,MobileApp,LoyalRegular
CUST-00135,51,31,23880.69,62.89,6,0.55,43004,MobileApp,HighValue
CUST-00136,342,6,11201.1,406.21,2,0.1,4085,Online,AtRisk
CUST-00137,333,60,11770.81,116.52,2,0.61,31062,InStore,HighValue
CUST-00138,140,6,1131.63,75.62,8,0.23,8697,Online,AtRisk
CUST-00139,72,12,564.82,52.06,5,0.28,39206,MobileApp,AtRisk
CUST-00140,236,40,11951.17,136.87,5,0.17,32678,Phone,HighValue
CUST-00141,364,15,23496.11,221.43,8,0.42,32386,InStore,AtRisk
CUST-00142,302,18,19901.12,332.75,6,0.19,2959,MobileApp,HighValue
CUST-00143,266,60,19588.77,363.5,1,0.57,44020,Phone,HighValue
CUST-00144,295,52,8986.27,97.03,1,0.2,14956,InStore,LoyalRegular
CUST-00145,229,7,1389.96,316.11,8,0.33,42949,Online,AtRisk
CUST-00146,300,47,7940.59,134.07,1,0.56,49792,MobileApp,LoyalRegular
CUST-00147,311,15,15046,330.08,7,0.59,5414,Phone,AtRisk
CUST-00148,201,55,12443.19,41.88,0,0.55,49362,MobileApp,HighValue
CUST-00149,243,47,23087.43,32.26,2,0.64,47254,Online,HighValue
CUST-00150,83,4,20311.67,21.14,8,0.02,33943,Phone,AtRisk
CUST-00151,301,45,5088.8,429.5,0,0.13,24703,InStore,LoyalRegular
CUST-00152,70,28,23474.26,423.1,0,0.46,37076,Online,HighValue
CUST-00153,252,10,18329.67,337.09,2,0.03,30982,MobileApp,AtRisk
CUST-00154,121,56,3534.14,196.36,8,0.15,21883,Phone,LoyalRegular
CUST-00155,258,5,11013.98,456.75,2,0.53,15512,MobileApp,AtRisk
CUST-00156,185,52,12235.9,269.29,6,0.18,10547,InStore,NewCustomer
CUST-00157,101,37,15511.17,15.9,8,0.46,8953,Phone,HighValue
CUST-00158,99,14,13679.54,370.67,3,0.33,32071,InStore,NewCustomer
CUST-00159,137,20,23866.35,114.36,2,0.05,43041,Phone,HighValue
CUST-00160,319,56,11906.71,380.67,5,0.25,39857,InStore,HighValue
CUST-00161,110,32,4532.29,303.8,7,0.17,4171,InStore,LoyalRegular
CUST-00162,76,31,20699.59,74.56,5,0.32,10214,MobileApp,NewCustomer
CUST-00163,301,16,2645.75,466.79,5,0.36,13374,Online,AtRisk
CUST-00164,183,34,18231.71,168.29,6,0.33,37523,Online,HighValue
CUST-00165,167,43,17492.64,29.32,8,0.37,42795,InStore,HighValue
CUST-00166,118,14,6387.6,435.01,0,0.38,29276,InStore,AtRisk
CUST-00167,300,52,2620.12,306.45,5,0.25,20995,MobileApp,LoyalRegular
CUST-00168,171,37,16281.65,254.24,3,0.47,38644,Online,HighValue
CUST-00169,96,36,9462.66,448.28,2,0.51,48663,MobileApp,LoyalRegular
CUST-00170,120,48,2793.2,407.79,0,0.43,15488,InStore,LoyalRegular
CUST-00171,255,58,1739.21,303.3,1,0.54,11268,Phone,LoyalRegular
CUST-00172,16,43,2809,102.46,8,0.39,37457,Online,LoyalRegular
CUST-00173,84,48,14213.17,466.57,4,0.38,15766,Phone,HighValue
CUST-00174,105,7,15031.55,123.58,5,0.39,25801,MobileApp,AtRisk
CUST-00175,166,7,8438.66,24.76,4,0.08,42628,Online,AtRisk
CUST-00176,220,38,22636.06,321.66,5,0.38,41981,Phone,HighValue
CUST-00177,133,1,6833.86,79.77,0,0.27,4914,MobileApp,NewCustomer
CUST-00178,81,18,14909.82,263.28,6,0.07,21558,Phone,HighValue
CUST-00179,228,14,13593.73,182.41,6,0.25,14155,Online,AtRisk
CUST-00180,265,23,3022.99,141.72,6,0.26,7190,InStore,LoyalRegular
CUST-00181,205,48,864.02,449.13,8,0.36,31169,Phone,LoyalRegular
CUST-00182,86,54,18670.18,24.1,4,0.02,21062,Phone,HighValue
CUST-00183,291,54,22081.97,183.48,7,0.64,44064,Phone,HighValue
CUST-00184,86,55,21808.99,51.41,4,0.57,42234,Online,HighValue
CUST-00185,246,30,15835.49,221.99,7,0.5,11986,Online,HighValue
CUST-00186,341,14,21830.08,246.19,8,0.14,39815,MobileApp,AtRisk
CUST-00187,291,18,18372.11,51.77,8,0.44,13288,InStore,HighValue
CUST-00188,273,47,6149.3,243.76,5,0.03,20758,Online,LoyalRegular
CUST-00189,119,9,13610.67,233.41,0,0.18,5035,Online,NewCustomer
CUST-00190,191,23,16013.63,303.28,6,0.4,11209,Phone,HighValue
CUST-00191,76,52,7082.26,190.1,8,0.01,35944,MobileApp,LoyalRegular
CUST-00192,212,35,20185.62,329.94,2,0.27,4839,Phone,HighValue
CUST-00193,102,4,15035.97,31.43,5,0.05,8317,Phone,AtRisk
CUST-00194,207,44,17788.48,76.92,5,0.43,8346,InStore,HighValue
CUST-00195,35,4,17347.66,176.84,8,0.28,44423,Online,AtRisk
CUST-00196,142,44,14194.83,212.93,3,0.21,41029,Phone,HighValue
CUST-00197,297,14,10644.69,468.35,4,0.13,41997,MobileApp,AtRisk
CUST-00198,58,57,23313.53,371.8,2,0.07,5877,MobileApp,HighValue
CUST-00199,258,32,21327.61,56.11,2,0.02,40154,MobileApp,HighValue
CUST-00200,17,6,4804.67,22.78,6,0.56,47931,MobileApp,AtRisk
CUST-00201,101,5,23613.5,213.93,7,0.18,13903,MobileApp,AtRisk
CUST-00202,246,44,9569.3,154.42,7,0.51,33251,Online,LoyalRegular
CUST-00203,172,45,20489.56,25.82,0,0.42,27246,Phone,HighValue
CUST-00204,359,7,18534.78,344.46,6,0.19,2244,InStore,AtRisk
CUST-00205,345,59,14583.42,177.73,7,0.16,30473,Online,HighValue
CUST-00206,365,20,21710.17,72.08,8,0.16,16923,Online,HighValue
CUST-00207,186,10,18612.43,154.71,1,0.48,48799,Online,AtRisk
CUST-00208,141,35,22845.97,425.84,0,0.34,2960,MobileApp,HighValue
CUST-00209,282,14,23515.13,326.57,5,0.54,1901,MobileApp,AtRisk
CUST-00210,275,11,19933.9,103.89,6,0.07,34943,Online,AtRisk
CUST-00211,80,18,14140.31,156.1,6,0.21,33996,Online,HighValue
CUST-00212,346,3,10294.69,17.25,1,0.64,22336,MobileApp,AtRisk
CUST-00213,323,16,7101.29,171.58,0,0.6,8674,Phone,AtRisk
CUST-00214,115,16,15855.15,106.21,5,0.28,8441,InStore,HighValue
CUST-00215,199,18,787.9,346.88,0,0.31,10934,InStore,AtRisk
CUST-00216,99,18,15024.29,184.24,7,0.34,1423,Phone,HighValue
CUST-00217,108,44,13401.99,299.18,3,0.21,5772,Phone,HighValue
CUST-00218,315,16,20696.72,93.05,2,0.11,19988,Phone,HighValue
CUST-00219,278,45,22640.98,430.2,0,0.59,25319,MobileApp,HighValue
CUST-00220,76,1,7831.36,19.05,1,0.24,24837,InStore,NewCustomer
CUST-00221,165,32,23598.63,169.66,1,0.23,12575,Online,HighValue
CUST-00222,278,28,15921.34,339.23,2,0.21,9134,Online,HighValue
CUST-00223,131,50,24890.59,223.32,8,0.63,17188,Online,HighValue
CUST-00224,123,1,21254.46,480.08,2,0.29,27164,Phone,NewCustomer
CUST-00225,225,38,13540.56,191.27,8,0.14,4428,InStore,HighValue
CUST-00226,238,13,10681.82,257.15,8,0.32,39350,Online,AtRisk
CUST-00227,126,21,57.61,148.69,0,0.44,32486,MobileApp,LoyalRegular
CUST-00228,297,17,5605.44,143.91,1,0.49,31535,InStore,AtRisk
CUST-00229,181,39,11531.22,283.74,4,0.19,47374,MobileApp,HighValue
CUST-00230,290,30,15429.63,474.94,1,0.25,31747,Online,HighValue
CUST-00231,68,2,9737.09,360.07,7,0.3,987,MobileApp,NewCustomer
CUST-00232,77,27,15825.01,445.47,6,0.15,28778,InStore,HighValue
CUST-00233,228,47,2214.96,482.11,4,0.21,17779,MobileApp,LoyalRegular
CUST-00234,353,19,17886.43,443.74,1,0.16,22877,MobileApp,HighValue
CUST-00235,321,39,16654.15,230.47,2,0.42,27119,InStore,HighValue
CUST-00236,322,10,1074.35,62.47,5,0.47,48606,MobileApp,AtRisk
CUST-00237,142,60,5296.89,19.8,2,0.01,6324,MobileApp,LoyalRegular
CUST-00238,203,39,21185.44,301.72,4,0.13,20865,InStore,HighValue
CUST-00239,233,18,20134.97,276.72,5,0.19,16576,MobileApp,HighValue
CUST-00240,145,16,7216.29,30.06,6,0.42,12709,Phone,AtRisk
CUST-00241,308,51,17564.9,309.59,4,0.17,13555,InStore,HighValue
CUST-00242,341,9,1374.47,413.05,3,0.63,38067,InStore,AtRisk
CUST-00243,19,31,7150.27,254.66,0,0.54,28747,Phone,LoyalRegular
CUST-00244,138,5,4303.55,103.08,2,0.1,20337,MobileApp,AtRisk
CUST-00245,103,18,15367.73,152.58,4,0.31,45248,Online,HighValue
CUST-00246,209,59,17334.34,34.73,0,0.32,28054,Phone,HighValue
CUST-00247,10,34,9657.62,256.1,8,0.01,37948,Phone,LoyalRegular
CUST-00248,159,21,24463.3,197.65,6,0.09,18498,InStore,HighValue
CUST-00249,258,12,12613.95,106.21,3,0.06,47143,Online,AtRisk
CUST-00250,211,1,21312.66,458.75,2,0.22,9604,InStore,NewCustomer
CUST-00251,220,18,5912.15,360.66,2,0.22,35612,InStore,AtRisk
CUST-00252,313,1,19534.95,212.38,2,0.37,14811,Online,NewCustomer
CUST-00253,89,2,5954.49,217.97,7,0.19,37396,InStore,NewCustomer
CUST-00254,133,52,5097.34,204.6,7,0.58,22631,MobileApp,LoyalRegular
CUST-00255,170,11,6486,373.43,3,0.1,1252,Online,AtRisk
CUST-00256,204,58,3626.81,65,3,0.09,17421,MobileApp,LoyalRegular
CUST-00257,312,28,23758.94,485.97,0,0.53,46525,MobileApp,HighValue
CUST-00258,111,59,12223.78,274.77,7,0.05,6274,Online,HighValue
CUST-00259,200,54,14527.91,331.82,7,0.28,43484,MobileApp,HighValue
CUST-00260,97,5,9504.08,352.19,7,0.56,19461,MobileApp,AtRisk
CUST-00261,28,51,11502.07,48.64,3,0.64,36154,InStore,HighValue
CUST-00262,309,51,1065.59,357.7,1,0.11,2935,InStore,LoyalRegular
CUST-00263,64,46,2074.07,440.47,6,0.4,36236,MobileApp,LoyalRegular
CUST-00264,331,14,1123,415.4,5,0.13,5399,InStore,AtRisk
CUST-00265,61,18,18811.28,463.17,6,0.19,736,MobileApp,HighValue
CUST-00266,281,11,2736.24,497.98,5,0.24,15700,Phone,AtRisk
CUST-00267,277,7,4487.86,460.09,0,0.61,26173,Phone,AtRisk
CUST-00268,141,41,13771.6,218.19,5,0.1,9552,InStore,HighValue
CUST-00269,57,16,1578.16,333.46,0,0.56,43145,Online,AtRisk
CUST-00270,171,18,14057.08,472.68,7,0.06,26240,InStore,HighValue
CUST-00271,281,21,23673.63,210.62,8,0.06,19201,InStore,HighValue
CUST-00272,262,23,23894.81,218.37,2,0.43,20420,Phone,HighValue
CUST-00273,324,52,11808.71,290.56,8,0.54,47437,Online,HighValue
CUST-00274,305,58,18403.97,78.42,3,0.42,25945,Online,HighValue
CUST-00275,293,11,8125.32,388.86,4,0.15,48880,InStore,AtRisk
CUST-00276,184,49,2072.4,106.98,1,0.17,27271,MobileApp,LoyalRegular
CUST-00277,205,7,1193.51,25.86,7,0.28,35674,Phone,AtRisk
CUST-00278,125,23,9878.63,85.91,7,0.15,47855,Phone,LoyalRegular
CUST-00279,249,59,9974.14,461.33,5,0.65,4475,MobileApp,LoyalRegular
CUST-00280,349,19,6238.07,90.06,3,0.5,18015,MobileApp,AtRisk
CUST-00281,114,5,2418.33,58.33,1,0.4,49557,MobileApp,AtRisk
CUST-00282,268,11,7540.41,487.05,8,0.2,34649,InStore,AtRisk
CUST-00283,296,8,18877.94,44.3,7,0.13,43000,Phone,AtRisk
CUST-00284,208,5,16106.82,134.45,5,0.14,31133,Online,AtRisk
CUST-00285,365,31,20013.87,427.07,4,0.12,730,Phone,HighValue
CUST-00286,95,49,1143.01,257.33,0,0.05,32604,MobileApp,LoyalRegular
CUST-00287,340,10,13319.73,472.09,3,0.24,4560,MobileApp,AtRisk
CUST-00288,243,60,23000.93,442.43,2,0.35,42506,Online,HighValue
CUST-00289,321,6,10304.6,478.58,5,0.41,42874,MobileApp,AtRisk
CUST-00290,170,54,23783.24,239.66,4,0.62,47918,Phone,HighValue
CUST-00291,34,60,24161.95,266.06,6,0.47,32971,MobileApp,HighValue
CUST-00292,328,3,3642.18,107.64,3,0.35,46190,Phone,AtRisk
CUST-00293,81,7,15112.49,418.64,4,0.04,31639,InStore,AtRisk
CUST-00294,7,35,14656.93,83.39,2,0.55,22431,Online,HighValue
CUST-00295,313,33,2301.96,423.9,8,0.14,8514,InStore,LoyalRegular
CUST-00296,45,42,20364.07,405.37,5,0.4,5454,Phone,HighValue
CUST-00297,37,34,12069.06,302.73,2,0.38,22843,MobileApp,HighValue
CUST-00298,80,18,15087.64,385.65,3,0.3,10274,Phone,HighValue
CUST-00299,108,42,15153.68,358.52,7,0.31,30772,InStore,HighValue
CUST-00300,61,33,24334.83,149.15,3,0.29,38115,Phone,HighValue
CUST-00301,237,40,22679.75,244.11,8,0.04,42748,MobileApp,HighValue
CUST-00302,226,53,10811.38,391.46,4,0.21,21008,Online,HighValue
CUST-00303,77,14,4977.08,113.74,3,0.08,45036,MobileApp,AtRisk
CUST-00304,222,33,3699.91,86.15,4,0.19,22753,Online,LoyalRegular
CUST-00305,162,25,9402.86,466.4,5,0.07,39123,MobileApp,LoyalRegular
CUST-00306,201,55,9909.12,419.88,2,0.39,37275,Phone,LoyalRegular
CUST-00307,111,29,13989.34,126.83,6,0.56,19892,InStore,HighValue
CUST-00308,121,60,11064,352.04,4,0.65,47354,MobileApp,HighValue
CUST-00309,178,24,1633.35,485.26,6,0.39,15183,Online,LoyalRegular
CUST-00310,282,51,5448.11,402.2,7,0.51,34600,Phone,LoyalRegular
CUST-00311,71,31,12275.9,169.99,3,0.26,29616,Online,HighValue
CUST-00312,256,14,20470.98,73.99,0,0.19,5934,Online,AtRisk
CUST-00313,193,41,4773.91,450.27,6,0.43,34562,Online,LoyalRegular
CUST-00314,72,55,8915.36,49.57,8,0.23,47844,InStore,LoyalRegular
CUST-00315,291,38,4425.66,465.94,1,0.2,9967,Phone,LoyalRegular
CUST-00316,321,35,15464.36,256.83,7,0.05,24323,InStore,HighValue
CUST-00317,6,43,13283.03,182.14,6,0.01,41097,InStore,HighValue
CUST-00318,63,59,4996.96,425.43,7,0.24,28080,MobileApp,LoyalRegular
CUST-00319,85,20,13285.13,200.71,0,0.37,6098,MobileApp,LoyalRegular
CUST-00320,160,29,5903.29,100.76,2,0.31,17574,MobileApp,LoyalRegular
CUST-00321,174,58,18363.57,369.05,1,0.58,3370,Online,HighValue
CUST-00322,129,23,2885.89,318.27,8,0.13,23054,InStore,LoyalRegular
CUST-00323,173,34,10371.44,59.17,3,0.57,1145,Phone,HighValue
CUST-00324,325,54,13572.38,203.48,4,0.24,21161,MobileApp,HighValue
CUST-00325,182,21,7630.63,290.91,2,0.59,38467,Online,LoyalRegular
CUST-00326,189,60,14350.19,56.57,4,0.41,4568,Online,HighValue
CUST-00327,111,47,15782.45,423.07,1,0.49,15124,MobileApp,NewCustomer
CUST-00328,159,41,22165.88,374.49,7,0.28,47713,Online,HighValue
CUST-00329,163,36,8909.25,166.7,6,0.58,21388,Online,LoyalRegular
CUST-00330,273,18,13136.8,139.27,2,0.38,46447,Online,HighValue
CUST-00331,273,54,3692.72,374.32,7,0.22,13679,Online,LoyalRegular
CUST-00332,328,51,9598.89,131.84,1,0.43,41197,MobileApp,LoyalRegular
CUST-00333,269,58,19809.6,478.2,3,0.28,18615,InStore,HighValue
CUST-00334,18,51,16826.26,216.12,8,0.2,38395,Phone,HighValue
CUST-00335,121,10,21009.47,83.18,8,0.15,2436,Online,AtRisk
CUST-00336,299,10,15454.28,379.09,1,0.2,13453,Online,AtRisk
CUST-00337,170,17,7194.91,54.4,7,0.63,4173,Online,AtRisk
CUST-00338,320,34,7506.76,262.11,7,0.06,7259,InStore,LoyalRegular
CUST-00339,139,40,2790.53,452.38,4,0.5,13489,Online,BargainHunter
CUST-00340,9,4,21212.74,483.46,4,0.09,19467,Online,AtRisk
CUST-00341,313,1,7283.5,167.49,5,0.2,41651,MobileApp,NewCustomer
CUST-00342,94,30,14143.98,438.92,0,0.21,30199,Online,HighValue
CUST-00343,17,34,12883.58,378.82,7,0.12,6272,InStore,NewCustomer
CUST-00344,106,37,2393.35,121.45,8,0.35,35645,Phone,AtRisk
CUST-00345,112,46,19202.62,402.85,5,0.36,24923,Phone,HighValue
CUST-00346,287,9,17255.32,44.6,3,0.41,1094,Phone,AtRisk
CUST-00347,210,23,9303.06,404.1,4,0.15,32101,MobileApp,LoyalRegular
CUST-00348,122,45,6561.63,483.59,0,0.37,19058,InStore,LoyalRegular
CUST-00349,262,7,12143.64,304.6,0,0.14,45477,MobileApp,AtRisk
CUST-00350,225,5,21846.34,24.39,1,0.64,31605,Phone,AtRisk
CUST-00351,35,28,17107.57,109.03,8,0.52,18732,Phone,HighValue
CUST-00352,63,4,4679.65,495.7,3,0.32,9500,MobileApp,AtRisk
CUST-00353,343,57,5080.47,303.82,4,0.47,18443,Online,LoyalRegular
CUST-00354,308,35,24736.2,346.68,4,0.62,33702,InStore,HighValue
CUST-00355,251,52,6327.89,215.88,2,0.42,33774,Online,LoyalRegular
CUST-00356,217,34,23534.39,90.49,1,0.53,43511,InStore,HighValue
CUST-00357,264,26,4294.52,266.26,5,0.58,40059,MobileApp,LoyalRegular
CUST-00358,192,14,21123.17,191.45,4,0.52,46149,MobileApp,AtRisk
CUST-00359,266,11,11171.21,44.7,2,0.2,14795,MobileApp,AtRisk
CUST-00360,365,9,21812.96,233.8,7,0.26,38912,MobileApp,AtRisk
CUST-00361,265,4,17882.99,330.17,1,0.52,34438,Phone,AtRisk
CUST-00362,322,31,12195.11,75.95,2,0.55,31332,Phone,HighValue
CUST-00363,38,33,1433.35,221.81,8,0.29,40625,Online,LoyalRegular
CUST-00364,137,4,11494.66,399.02,8,0.07,36669,MobileApp,AtRisk
CUST-00365,243,44,20523.2,223.73,8,0.19,38138,Phone,HighValue
CUST-00366,82,27,10704.1,270.78,2,0.01,47576,MobileApp,HighValue
CUST-00367,290,46,8846.45,356.77,4,0.22,14343,MobileApp,LoyalRegular
CUST-00368,80,47,11836.78,452.49,6,0.1,37981,InStore,HighValue
CUST-00369,295,14,21634.12,259.38,2,0.43,39041,MobileApp,AtRisk
CUST-00370,318,31,11789.12,19.91,0,0.12,44684,MobileApp,HighValue
CUST-00371,276,45,13591.89,441.25,2,0.08,8779,Online,HighValue
CUST-00372,2,7,20501.44,296.16,1,0,18669,Phone,AtRisk
CUST-00373,237,33,4394.79,140.29,8,0.15,8695,InStore,LoyalRegular
CUST-00374,348,10,336.93,464.02,5,0.31,33945,InStore,BargainHunter
CUST-00375,30,49,5956.51,39.85,4,0.18,2219,MobileApp,LoyalRegular
CUST-00376,135,29,21997.97,432.77,3,0.55,25984,Phone,HighValue
CUST-00377,4,12,17223.31,96.17,6,0.6,16095,Phone,AtRisk
CUST-00378,163,43,5873.68,236.42,6,0.64,15873,MobileApp,HighValue
CUST-00379,158,6,11404.75,311.05,2,0.29,5019,MobileApp,AtRisk
CUST-00380,298,60,19881.56,366.74,5,0.3,20499,InStore,HighValue
CUST-00381,136,43,3571.54,165.68,0,0.3,6565,InStore,LoyalRegular
CUST-00382,161,8,3520.4,260.45,8,0.5,18760,Online,AtRisk
CUST-00383,131,27,8820.82,47.65,2,0.15,34775,InStore,LoyalRegular
CUST-00384,295,30,22842.9,32.12,0,0.25,6257,MobileApp,HighValue
CUST-00385,128,34,7779.76,137.68,2,0.42,32594,Online,LoyalRegular
CUST-00386,242,36,14785.12,218.31,1,0.51,40528,Online,HighValue
CUST-00387,35,32,9124.46,77.3,7,0.22,36542,Online,LoyalRegular
CUST-00388,78,27,439.82,294.68,5,0.35,8667,Phone,LoyalRegular
CUST-00389,249,48,24725.35,58.05,5,0.08,42165,InStore,HighValue
CUST-00390,65,49,22315.38,423.57,5,0.55,34565,MobileApp,LoyalRegular
CUST-00391,328,23,20896.67,354.87,4,0.3,33918,Phone,HighValue
CUST-00392,39,34,10682.69,453.36,0,0.64,41130,Phone,HighValue
CUST-00393,49,7,978.12,24.12,6,0.44,22812,MobileApp,AtRisk
CUST-00394,275,12,6187.48,269.59,5,0.12,26616,MobileApp,AtRisk
CUST-00395,237,13,10967.7,74.66,5,0.38,34323,Online,AtRisk
CUST-00396,92,19,15388.29,118.76,1,0.54,43216,MobileApp,HighValue
CUST-00397,226,9,13899.12,220.77,5,0.24,23866,Phone,AtRisk
CUST-00398,249,42,5114.7,178.76,1,0.01,43713,Online,LoyalRegular
CUST-00399,31,56,16131.95,78.57,6,0.44,41567,Online,HighValue
CUST-00400,319,13,14867.51,340.07,6,0.33,17269,MobileApp,AtRisk
CUST-00401,148,12,1583.93,441.47,1,0.62,44310,InStore,AtRisk
CUST-00402,49,26,945.98,372.23,2,0.01,27615,MobileApp,LoyalRegular
CUST-00403,335,46,22840.68,411.12,2,0.2,42680,Phone,HighValue
CUST-00404,193,48,15256.6,140.71,6,0.57,46174,InStore,HighValue
CUST-00405,259,10,11083.66,94.08,5,0.07,37285,MobileApp,AtRisk
CUST-00406,343,57,14644.93,421.6,7,0.59,27495,Phone,HighValue
CUST-00407,105,60,6593.46,115.56,8,0.07,832,MobileApp,LoyalRegular
CUST-00408,217,47,12984.13,322.08,7,0.63,11691,InStore,HighValue
CUST-00409,226,57,1660.2,159.93,4,0.06,8144,MobileApp,LoyalRegular
CUST-00410,50,18,7201.47,306.86,3,0.63,41078,MobileApp,AtRisk
CUST-00411,328,44,15803.9,253.28,5,0.4,17203,InStore,HighValue
CUST-00412,335,15,2281.98,179.78,6,0.22,43102,Phone,AtRisk
CUST-00413,161,45,15296.57,491.76,5,0.25,1388,InStore,HighValue
CUST-00414,231,27,18145.94,81.14,2,0.55,35355,InStore,HighValue
CUST-00415,160,15,24248.86,407.45,4,0.59,34840,Phone,AtRisk
CUST-00416,8,31,18199.35,450.84,1,0.04,35028,InStore,HighValue
CUST-00417,96,25,11715.4,60.78,8,0.13,19252,InStore,HighValue
CUST-00418,108,47,20579.63,118.29,3,0.47,31623,MobileApp,HighValue
CUST-00419,361,1,244.09,285.99,6,0.58,49279,InStore,NewCustomer
CUST-00420,253,31,10395.82,129.21,5,0.37,47135,MobileApp,HighValue
CUST-00421,56,42,9251.39,153.67,3,0.51,10732,Phone,LoyalRegular
CUST-00422,199,46,7209.63,438.43,8,0.47,2566,Phone,LoyalRegular
CUST-00423,11,46,17384.06,28.09,0,0.47,26825,InStore,HighValue
CUST-00424,250,22,5088.68,355.37,7,0.4,23056,Online,LoyalRegular
CUST-00425,332,49,24351.92,176.99,5,0.17,41871,Online,HighValue
CUST-00426,184,20,274.25,84.42,7,0,46346,Phone,BargainHunter
CUST-00427,12,42,2649.77,272.66,4,0.04,36923,MobileApp,LoyalRegular
CUST-00428,39,3,10274.36,201.3,3,0.45,37122,Phone,AtRisk
CUST-00429,238,13,20625.24,418.51,0,0.53,32412,Online,AtRisk
CUST-00430,112,21,18093.54,42.37,7,0.46,3076,Online,HighValue
CUST-00431,122,40,16424.86,291.09,1,0.02,37810,Phone,HighValue
CUST-00432,341,15,16991.35,128.68,7,0.11,38825,InStore,AtRisk
CUST-00433,256,31,11554.42,231.8,3,0.43,15381,MobileApp,HighValue
CUST-00434,279,58,16885.36,212.77,3,0.29,35775,Online,HighValue
CUST-00435,73,4,6119.21,453.67,1,0.48,39312,Online,LoyalRegular
CUST-00436,309,12,7727.66,370.56,3,0.37,6508,Phone,AtRisk
CUST-00437,254,50,5464.25,198.66,3,0.21,19686,MobileApp,LoyalRegular
CUST-00438,63,16,6989.92,255.57,1,0.13,16573,Online,AtRisk
CUST-00439,210,27,17698.71,394.01,7,0.27,10283,MobileApp,HighValue
CUST-00440,196,15,16345.67,498.85,7,0.23,22991,Online,AtRisk
CUST-00441,188,9,11207.24,30.92,3,0.1,43677,Online,AtRisk
CUST-00442,292,46,12423.3,121.98,0,0.09,41821,Phone,BargainHunter
CUST-00443,129,47,585.68,147.05,1,0.35,45387,MobileApp,LoyalRegular
CUST-00444,338,52,23872.21,431.77,8,0.36,43635,InStore,HighValue
CUST-00445,41,42,8647.5,377.44,2,0.47,39756,Phone,LoyalRegular
CUST-00446,23,36,14904.98,242.99,8,0.37,23043,Phone,HighValue
CUST-00447,114,22,20392.26,430.63,3,0.04,27226,InStore,HighValue
CUST-00448,88,46,2026.76,331.91,0,0.51,38683,Online,LoyalRegular
CUST-00449,34,59,8091.58,127.12,1,0.02,19780,Online,LoyalRegular
CUST-00450,137,33,16996.29,255.54,1,0.37,6348,Phone,HighValue
CUST-00451,187,3,15330.65,476.93,5,0.59,28682,Online,AtRisk
CUST-00452,238,15,18548.38,314.41,7,0.51,34926,Phone,AtRisk
CUST-00453,168,2,16865.8,296.39,1,0.3,2802,Online,NewCustomer
CUST-00454,90,50,20910.92,488.71,5,0.19,32453,MobileApp,HighValue
CUST-00455,92,43,14765.21,98.32,0,0.18,8548,Phone,HighValue
CUST-00456,193,49,14986.44,170.01,6,0.47,37739,InStore,HighValue
CUST-00457,320,51,12540.12,59.38,7,0.52,18772,Phone,HighValue
CUST-00458,276,11,14302.66,28.31,3,0.58,37284,Online,AtRisk
CUST-00459,271,25,23866.35,384.8,4,0.03,36511,MobileApp,HighValue
CUST-00460,52,57,663.45,88.65,5,0.39,34624,Online,LoyalRegular
CUST-00461,155,16,10101.51,40.59,4,0.53,32000,Phone,HighValue
CUST-00462,307,59,15370.32,381.26,1,0.25,43054,Phone,HighValue
CUST-00463,115,29,22985.46,46.49,7,0.33,19625,Online,HighValue
CUST-00464,161,38,15015.53,216.94,7,0.33,22243,Phone,HighValue
CUST-00465,283,25,16919.67,319.63,3,0.13,2544,InStore,HighValue
CUST-00466,148,15,24398.98,381.33,8,0.11,24755,InStore,AtRisk
CUST-00467,42,39,20466.78,73.96,4,0.33,11248,Phone,HighValue
CUST-00468,261,8,17102.2,40.23,1,0.11,14566,MobileApp,AtRisk
CUST-00469,296,44,10178.88,33.34,2,0.46,27576,InStore,HighValue
CUST-00470,338,16,19309.08,170.34,5,0.35,35230,MobileApp,HighValue
CUST-00471,354,21,20619.85,291.55,8,0.25,20121,MobileApp,HighValue
CUST-00472,212,40,3458.27,152.47,1,0.62,16768,Phone,LoyalRegular
CUST-00473,237,45,10201.36,147.82,2,0.49,24367,Online,HighValue
CUST-00474,9,16,18125.1,470.48,2,0.27,35135,InStore,HighValue
CUST-00475,67,35,16052.73,70.13,0,0.01,13862,Phone,HighValue
CUST-00476,117,42,1521.28,428.91,1,0.4,40862,MobileApp,LoyalRegular
CUST-00477,43,55,8366.76,300.64,7,0.17,17378,InStore,LoyalRegular
CUST-00478,66,35,8861.67,256.42,7,0.33,36557,MobileApp,LoyalRegular
CUST-00479,148,14,1013.34,184.48,4,0.27,42545,Phone,AtRisk
CUST-00480,163,46,12417.86,101.72,3,0.09,27865,Phone,HighValue
CUST-00481,305,4,8569.43,350.77,2,0.32,47110,MobileApp,AtRisk
CUST-00482,360,5,19300.82,387.18,8,0.24,10104,InStore,AtRisk
CUST-00483,14,10,20621.95,330.78,0,0.1,47480,InStore,AtRisk
CUST-00484,276,9,11333.14,214.91,6,0.42,41156,Phone,AtRisk
CUST-00485,8,59,7438.74,39.2,0,0.55,27784,MobileApp,LoyalRegular
CUST-00486,234,27,7482.51,399.53,0,0.23,5015,Phone,BargainHunter
CUST-00487,178,2,15009.02,187.67,1,0.41,10125,Online,NewCustomer
CUST-00488,2,52,10971.86,486.26,7,0.25,23147,Phone,HighValue
CUST-00489,205,48,13033.56,407.58,4,0.3,37387,InStore,HighValue
CUST-00490,183,26,18956.16,144.51,1,0.43,15565,Online,HighValue
CUST-00491,320,32,10703.72,458.33,3,0.17,40508,InStore,HighValue
CUST-00492,343,56,1789.21,117.78,3,0.26,7836,Phone,LoyalRegular
CUST-00493,347,27,23168.74,420.65,3,0.31,33845,InStore,HighValue
CUST-00494,139,18,15528.98,221.19,2,0.35,8051,Phone,HighValue
CUST-00495,153,17,5829.47,392.1,8,0.37,42409,InStore,AtRisk
CUST-00496,284,60,19619.93,52.92,5,0.38,46691,Online,HighValue
CUST-00497,248,3,23823.83,203.56,0,0.4,12629,Phone,AtRisk
CUST-00498,111,28,17005.82,228.78,5,0.46,15234,MobileApp,HighValue
CUST-00499,317,16,19083.66,197.19,2,0.02,27287,MobileApp,HighValue
CUST-00500,185,55,11339.08,172.4,6,0.48,782,InStore,HighValue
CUST-00501,280,35,6514.79,72.17,6,0.53,20968,MobileApp,LoyalRegular
CUST-00502,173,9,8396.52,324.21,3,0.39,21938,InStore,AtRisk
CUST-00503,292,38,15974.16,469.85,7,0.08,7972,InStore,HighValue
CUST-00504,4,4,4893.59,474.06,1,0.64,15443,InStore,AtRisk
CUST-00505,103,59,6684.01,111.85,1,0.39,26451,Online,LoyalRegular
CUST-00506,236,45,16594.67,387.62,3,0.34,30833,Online,HighValue
CUST-00507,218,6,8713.26,149.83,2,0,17056,Online,AtRisk
CUST-00508,227,28,866.09,164.1,5,0.06,30877,InStore,LoyalRegular
CUST-00509,23,50,21570.32,402.41,3,0.44,28784,Online,HighValue
CUST-00510,140,54,4821.36,93.92,3,0.02,41775,Online,LoyalRegular
CUST-00511,76,52,3039.48,87.24,7,0.51,46420,MobileApp,LoyalRegular
CUST-00512,241,13,14044.11,258.82,1,0.54,10777,Phone,AtRisk
CUST-00513,312,22,21188.36,391.6,1,0.61,6686,InStore,HighValue
CUST-00514,210,48,9844.22,358.63,7,0.19,32549,InStore,LoyalRegular
CUST-00515,225,14,11605.02,231.17,6,0.58,35756,MobileApp,NewCustomer
CUST-00516,57,25,20855.26,137.71,3,0.61,19153,Phone,HighValue
CUST-00517,134,52,3894,411.53,5,0.51,18570,InStore,LoyalRegular
CUST-00518,179,9,475.07,140.54,1,0.13,24442,InStore,BargainHunter
CUST-00519,103,41,16097.64,299.03,6,0.57,13401,Online,HighValue
CUST-00520,148,43,13552.29,82.73,3,0.42,14208,Online,HighValue
CUST-00521,189,36,10689.3,52.41,2,0.64,35833,MobileApp,HighValue
CUST-00522,18,22,13233.23,476.22,7,0.41,11434,InStore,HighValue
CUST-00523,270,54,10589.48,466.9,0,0.3,40039,InStore,HighValue
CUST-00524,141,41,23737.36,472.54,7,0.24,45210,Phone,HighValue
CUST-00525,127,29,6941.91,188.58,0,0.22,29789,MobileApp,LoyalRegular
CUST-00526,90,30,6745.86,135.48,6,0.59,13317,Online,LoyalRegular
CUST-00527,122,40,16660.21,83.86,7,0.35,5228,MobileApp,HighValue
CUST-00528,365,14,13108.73,323.75,0,0.2,13082,MobileApp,AtRisk
CUST-00529,300,51,9646.79,480.11,7,0.39,13933,MobileApp,LoyalRegular
CUST-00530,92,13,13528.31,195.32,0,0.15,23578,Online,AtRisk
CUST-00531,252,36,12121.86,491.48,2,0.01,46853,MobileApp,HighValue
CUST-00532,346,2,11895.59,83.69,1,0.08,44152,MobileApp,NewCustomer
CUST-00533,136,18,8871.8,30.97,7,0.64,24906,MobileApp,HighValue
CUST-00534,178,51,4060.16,123.08,1,0.18,47256,InStore,LoyalRegular
CUST-00535,97,15,10644.97,415.66,2,0.54,37509,MobileApp,AtRisk
CUST-00536,12,46,12066.89,252.83,5,0.02,38520,InStore,HighValue
CUST-00537,300,40,8562.12,102.41,8,0.44,43565,Phone,LoyalRegular
CUST-00538,132,48,2972.94,208.5,1,0,16343,MobileApp,LoyalRegular
CUST-00539,83,60,10240.95,290.54,6,0.3,49608,InStore,HighValue
CUST-00540,33,36,19629.81,400.74,0,0.48,17893,Online,HighValue
CUST-00541,185,30,11005.05,112.02,1,0.58,3719,Online,HighValue
CUST-00542,332,22,21651.36,100.31,5,0.26,37429,Online,NewCustomer
CUST-00543,85,24,15588.16,62.42,1,0.6,49192,Phone,HighValue
CUST-00544,216,30,8772.82,499.73,0,0.6,27058,Phone,LoyalRegular
CUST-00545,147,36,8341.63,47.55,8,0.04,12531,Phone,LoyalRegular
CUST-00546,333,21,3811.16,73.19,2,0.35,42729,MobileApp,LoyalRegular
CUST-00547,137,38,5496.63,250.71,6,0.59,12563,MobileApp,LoyalRegular
CUST-00548,290,56,20563.96,355.26,2,0.32,49760,Online,BargainHunter
CUST-00549,204,46,18765.92,225.23,2,0.63,11641,Phone,HighValue
CUST-00550,33,36,13636.65,107.77,2,0.27,3581,Online,HighValue
CUST-00551,256,50,10826.48,314.51,5,0.12,26298,Online,HighValue
CUST-00552,1,57,10013.06,322.54,8,0.17,41785,Online,HighValue
CUST-00553,90,38,9408.35,220.38,5,0.4,36023,MobileApp,LoyalRegular
CUST-00554,169,35,10849.48,382.62,0,0.29,21119,Online,HighValue
CUST-00555,359,41,14199.64,393.96,8,0.62,36497,InStore,HighValue
CUST-00556,255,33,2664.56,245.71,8,0.53,17687,InStore,LoyalRegular
CUST-00557,135,50,627.62,443.07,2,0.14,34184,Phone,LoyalRegular
CUST-00558,34,53,4568.99,78.55,7,0.3,9519,Online,LoyalRegular
CUST-00559,338,17,7801.22,242.32,0,0.52,731,MobileApp,AtRisk
CUST-00560,110,59,16420.62,362.9,4,0.43,46096,Phone,HighValue
CUST-00561,123,6,3918.45,481.43,2,0.43,13880,Online,AtRisk
CUST-00562,19,43,4406.57,182.85,2,0.45,47689,Online,LoyalRegular
CUST-00563,318,18,21547.24,102.7,2,0.2,30806,Online,HighValue
CUST-00564,307,11,15692.65,359.95,8,0.18,20938,MobileApp,AtRisk
CUST-00565,90,7,16364.31,16.55,2,0.38,40517,Online,AtRisk
CUST-00566,104,53,1892.03,291.28,3,0.64,36071,Online,LoyalRegular
CUST-00567,52,46,4807.69,259.85,4,0.34,1795,Phone,LoyalRegular
CUST-00568,274,7,15606.28,52.17,3,0.35,36664,Phone,AtRisk
CUST-00569,61,52,12350.52,30.17,7,0.34,40821,InStore,LoyalRegular
CUST-00570,331,21,8208.65,323.17,0,0.26,34164,MobileApp,LoyalRegular
CUST-00571,112,58,13983.48,134.25,8,0.21,9866,Online,HighValue
CUST-00572,29,53,19230.54,122.35,2,0.59,4094,Online,HighValue
CUST-00573,113,7,6517.14,491.93,1,0.49,19357,InStore,AtRisk
CUST-00574,15,44,15490.38,394.41,0,0.01,31914,MobileApp,HighValue
CUST-00575,60,6,5347.38,101.78,0,0.34,33671,Online,AtRisk
CUST-00576,45,51,15120.35,200.63,6,0.35,14599,InStore,HighValue
CUST-00577,22,54,20270.43,397.19,7,0.4,46188,InStore,HighValue
CUST-00578,6,10,319.53,221.27,4,0.11,1337,MobileApp,BargainHunter
CUST-00579,336,34,10566,300.76,3,0.64,25593,MobileApp,NewCustomer
CUST-00580,187,23,22720.27,116.03,8,0.08,43711,InStore,HighValue
CUST-00581,352,15,2897.09,499.45,2,0.36,47142,Phone,AtRisk
CUST-00582,360,48,17520.74,326.63,8,0.45,32217,MobileApp,HighValue
CUST-00583,335,31,5954.89,355.38,0,0.41,28702,MobileApp,LoyalRegular
CUST-00584,85,5,7257.01,117.58,7,0.57,23480,Phone,AtRisk
CUST-00585,75,1,7696.5,187.54,5,0.31,24339,InStore,NewCustomer
CUST-00586,181,11,12182.54,357.39,6,0.44,2625,Online,AtRisk
CUST-00587,92,34,13350.37,463.74,1,0.17,46724,Phone,HighValue
CUST-00588,208,12,11909.63,233.41,4,0.36,2477,Phone,AtRisk
CUST-00589,251,59,17864.55,392.61,0,0.37,15585,Online,HighValue
CUST-00590,147,56,15391.68,360.73,4,0.15,19694,Phone,HighValue
CUST-00591,271,5,24196.39,234.74,2,0.39,6625,InStore,AtRisk
CUST-00592,240,45,20067.24,155.39,3,0.24,13290,InStore,HighValue
CUST-00593,148,58,22024.96,406.7,2,0.55,32154,InStore,HighValue
CUST-00594,359,2,3033.32,251.06,1,0.09,6752,MobileApp,NewCustomer
CUST-00595,70,4,14764.69,208.16,7,0.1,32532,InStore,AtRisk
CUST-00596,113,13,6513.25,406.75,8,0.01,1978,Online,AtRisk
CUST-00597,307,27,276.5,200.89,1,0.17,33223,Phone,LoyalRegular
CUST-00598,286,40,24996.66,406.98,7,0.04,27298,Online,HighValue
CUST-00599,65,53,17894.31,314.33,8,0.12,12010,MobileApp,HighValue
CUST-00600,320,18,16107.32,251.55,8,0.15,4564,MobileApp,HighValue
CUST-00601,262,23,22920.49,25.84,3,0.62,41538,Phone,HighValue
CUST-00602,49,10,4230.37,187.22,4,0.23,44232,Online,AtRisk
CUST-00603,37,6,15139.11,265.6,3,0.57,27996,Phone,AtRisk
CUST-00604,228,50,22505.37,489.69,7,0.24,15392,InStore,HighValue
CUST-00605,325,57,21908.67,144.26,8,0.18,38836,InStore,HighValue
CUST-00606,38,25,3784.62,153.67,4,0.43,2260,InStore,LoyalRegular
CUST-00607,231,1,16516.2,207.05,0,0.12,13912,InStore,NewCustomer
CUST-00608,100,44,20202.76,292.61,8,0.22,35068,Phone,HighValue
CUST-00609,93,18,20226.12,160.21,0,0.36,15261,Online,HighValue
CUST-00610,251,52,13387.8,136.32,6,0.5,35784,InStore,HighValue
CUST-00611,339,2,70.23,314.03,0,0.22,9193,MobileApp,NewCustomer
CUST-00612,268,1,16244.45,126.48,4,0.49,26207,MobileApp,NewCustomer
CUST-00613,313,12,17464.03,274.69,4,0.03,22014,MobileApp,AtRisk
CUST-00614,159,42,12155.69,149.36,3,0.23,42026,Phone,HighValue
CUST-00615,349,53,15705.63,252.32,0,0.53,41626,MobileApp,HighValue
CUST-00616,334,52,10729.3,465.75,4,0.57,4442,InStore,HighValue
CUST-00617,341,3,2642.55,274.75,4,0,8957,InStore,AtRisk
CUST-00618,255,7,16477.25,145.78,1,0.24,16388,Phone,AtRisk
CUST-00619,245,8,22766.05,87.35,6,0.56,37034,InStore,AtRisk
CUST-00620,234,23,2816.36,82.36,2,0.18,13346,Phone,LoyalRegular
CUST-00621,19,21,20739.19,188.93,0,0.64,43965,Online,HighValue
CUST-00622,274,10,16344.07,421.58,7,0.32,25194,Online,AtRisk
CUST-00623,236,24,4523.09,206.1,8,0.29,36875,Online,LoyalRegular
CUST-00624,52,48,14884.12,272.99,7,0.44,19939,InStore,HighValue
CUST-00625,155,39,7585.92,415.56,7,0.13,21477,MobileApp,LoyalRegular
CUST-00626,120,38,18529.87,38.09,0,0.34,14484,Phone,HighValue
CUST-00627,93,57,16091.8,126.88,2,0.58,9914,Phone,HighValue
CUST-00628,62,6,5383.34,50.13,5,0.33,18950,MobileApp,AtRisk
CUST-00629,113,22,8904.26,188.35,0,0.03,37831,MobileApp,LoyalRegular
CUST-00630,195,27,16813.31,419.62,8,0.21,21522,Phone,HighValue
CUST-00631,296,54,17028.05,179.86,6,0.02,40861,MobileApp,HighValue
CUST-00632,249,30,20010.02,142.77,4,0.07,20718,Online,HighValue
CUST-00633,223,34,23035.01,278.03,1,0,30619,Online,HighValue
CUST-00634,320,39,14163.82,453.44,1,0.56,4400,InStore,HighValue
CUST-00635,47,36,16841.95,323.87,1,0.18,26504,Online,HighValue
CUST-00636,237,37,18558.91,278.11,2,0.59,31582,Online,HighValue
CUST-00637,55,44,8626.54,429.21,6,0.32,10561,InStore,LoyalRegular
CUST-00638,85,13,20576.61,21.85,2,0.24,15598,Phone,AtRisk
CUST-00639,108,5,22812.53,434.71,1,0.47,11091,Phone,AtRisk
CUST-00640,331,13,5191.95,89.96,0,0.14,30787,Phone,AtRisk
CUST-00641,69,17,20639.31,126.27,3,0.19,15011,Phone,HighValue
CUST-00642,155,7,8102.81,62.22,7,0.17,24773,Phone,AtRisk
CUST-00643,194,20,10341.9,211.14,3,0.42,38596,Online,HighValue
CUST-00644,228,60,12658.53,201.67,8,0.1,10985,MobileApp,AtRisk
CUST-00645,170,34,23585.38,383.78,1,0.34,39552,InStore,HighValue
CUST-00646,111,6,4400.18,221.38,2,0.48,9909,InStore,AtRisk
CUST-00647,213,54,7087.17,390.17,8,0.28,4417,InStore,LoyalRegular
CUST-00648,108,60,11499.11,220.23,7,0.06,36932,Online,HighValue
CUST-00649,202,43,2062.24,166.16,5,0.19,17229,Online,LoyalRegular
CUST-00650,163,41,14215.09,363.91,2,0.51,797,Online,HighValue
CUST-00651,197,22,22252.48,462.23,5,0.38,26964,InStore,HighValue
CUST-00652,238,46,17975.73,482.73,6,0.25,3378,MobileApp,HighValue
CUST-00653,129,27,23047.39,473.88,5,0.11,46425,MobileApp,HighValue
CUST-00654,264,2,20549.92,29.55,6,0.18,811,Phone,NewCustomer
CUST-00655,335,54,13236.12,464.69,0,0.08,15414,MobileApp,HighValue
CUST-00656,90,59,24763.8,376.81,6,0.37,44193,Phone,HighValue
CUST-00657,271,51,16354.7,180.85,7,0.13,16414,Phone,HighValue
CUST-00658,161,22,22085.39,148.37,3,0.35,40246,MobileApp,HighValue
CUST-00659,214,37,11270.54,261.81,0,0.62,2477,InStore,HighValue
CUST-00660,326,12,19514.32,92.6,2,0.31,47953,InStore,AtRisk
CUST-00661,297,22,14114.36,240.86,2,0.36,21943,InStore,HighValue
CUST-00662,238,7,58.58,189.75,4,0.47,48524,Online,BargainHunter
CUST-00663,156,29,3507.5,214.97,4,0.52,24223,InStore,LoyalRegular
CUST-00664,315,46,23899.93,231.15,1,0.36,16230,InStore,HighValue
CUST-00665,71,51,1669.73,372.62,6,0.5,40228,Phone,LoyalRegular
CUST-00666,354,31,5243.37,246.92,1,0.04,27686,Online,LoyalRegular
CUST-00667,182,45,12779.37,15.92,3,0.63,47434,MobileApp,HighValue
CUST-00668,310,21,14820.75,347.11,1,0.16,19915,InStore,HighValue
CUST-00669,357,12,12665.77,214.91,6,0.39,5014,Online,AtRisk
CUST-00670,313,50,21872.67,477.56,5,0.1,19950,InStore,HighValue
CUST-00671,222,50,5176.95,302.11,6,0.41,547,InStore,LoyalRegular
CUST-00672,82,31,4728.17,280.18,2,0.21,31487,InStore,LoyalRegular
CUST-00673,330,2,22274.66,185.7,7,0.35,24959,MobileApp,NewCustomer
CUST-00674,247,32,23213.63,390.89,0,0.14,22448,InStore,HighValue
CUST-00675,141,4,17116.72,194.25,7,0.18,44471,MobileApp,AtRisk
CUST-00676,315,20,15188.96,347.73,2,0.43,14503,InStore,HighValue
CUST-00677,139,3,12231.69,349.21,0,0.45,42185,Phone,AtRisk
CUST-00678,361,19,2166.86,66.29,1,0.27,11193,Online,AtRisk
CUST-00679,140,43,8847.62,408.78,4,0.41,7637,Phone,LoyalRegular
CUST-00680,356,46,4896.11,274.67,6,0.49,48283,InStore,LoyalRegular
CUST-00681,197,41,7676.39,302.01,4,0.11,21931,MobileApp,LoyalRegular
CUST-00682,320,25,22649.26,47.8,4,0.14,19935,InStore,NewCustomer
CUST-00683,97,42,21793.65,303.5,0,0.06,25344,InStore,HighValue
CUST-00684,252,2,1832.98,486.5,1,0.27,48426,Phone,NewCustomer
CUST-00685,183,16,1382.16,405.27,3,0.24,47402,MobileApp,AtRisk
CUST-00686,229,21,15964.08,69.08,6,0.51,24294,Phone,HighValue
CUST-00687,49,7,5700.63,177.04,1,0.29,44499,MobileApp,AtRisk
CUST-00688,332,57,4403.35,117.01,3,0.05,20038,Phone,LoyalRegular
CUST-00689,111,57,21436.94,246.15,4,0.05,35647,MobileApp,HighValue
CUST-00690,176,8,11788.78,339.57,2,0.48,25266,MobileApp,HighValue
CUST-00691,216,5,22375.41,461.1,1,0.36,9644,Phone,NewCustomer
CUST-00692,2,19,23234.11,342.5,3,0.58,12024,Phone,HighValue
CUST-00693,122,49,15264.26,250.61,6,0.27,38598,MobileApp,NewCustomer
CUST-00694,336,34,12759.53,19.56,0,0.12,21009,Online,HighValue
CUST-00695,321,29,12728.14,312.14,6,0.57,20140,Online,HighValue
CUST-00696,100,4,132.24,410.55,2,0.54,19570,Phone,BargainHunter
CUST-00697,33,27,23358.64,62.55,0,0.31,46793,InStore,HighValue
CUST-00698,107,33,16273.09,67.22,6,0.05,43911,Online,HighValue
CUST-00699,256,55,23453.03,251.34,4,0.01,47858,Phone,HighValue
CUST-00700,219,48,12625.1,96.36,2,0.24,29996,InStore,HighValue
CUST-00701,68,13,23758.34,323.31,2,0.29,34849,InStore,AtRisk
CUST-00702,197,25,8976.21,155.15,6,0.37,17387,MobileApp,LoyalRegular
CUST-00703,154,20,2330.26,304.4,6,0.21,2672,Phone,AtRisk
CUST-00704,182,48,6923.23,320.88,8,0.36,27876,Phone,LoyalRegular
CUST-00705,240,48,21369.35,76.96,3,0.51,41004,MobileApp,HighValue
CUST-00706,263,13,7380.61,95.44,7,0.08,27126,Online,AtRisk
CUST-00707,33,39,15875.14,353.29,6,0.42,12327,MobileApp,HighValue
CUST-00708,357,8,5989.17,377.35,3,0.21,38397,MobileApp,AtRisk
CUST-00709,344,60,19169.31,229.98,0,0.17,30850,Phone,HighValue
CUST-00710,324,29,24030.44,166.08,5,0.15,20652,MobileApp,HighValue