TransactionId,CardId,TransactionAmount,MerchantCategory,TransactionHour,DistanceFromHome,IsOnline,IsInternational,PreviousFraudFlag,AvgTransactionAmount30d,TransactionCount24h,DeviceType,IsFraud
TXN-0000001,CARD-9112,2090.98,Restaurant,8,98.7,0,0,0,51.31,1,Mobile,0
TXN-0000002,CARD-8210,796.9,Gas,16,229,1,0,0,40.09,4,Desktop,0
TXN-0000003,CARD-5568,1155.11,Grocery,4,23.7,1,0,0,329.59,10,ATM,0
TXN-0000004,CARD-4213,2039.97,Travel,7,126.8,0,0,0,265.64,8,POS,0
TXN-0000005,CARD-1267,2063.78,Healthcare,0,454,1,0,0,335.12,11,POS,0
TXN-0000006,CARD-7148,272.88,OnlineRetail,16,109.5,0,0,0,382.3,6,POS,0
TXN-0000007,CARD-5831,1400.1,OnlineRetail,16,65.2,0,0,0,53.54,4,ATM,0
TXN-0000008,CARD-3362,2147.07,Healthcare,16,51.7,0,0,0,304.83,4,Mobile,0
TXN-0000009,CARD-5908,1963.38,Travel,15,283.5,0,0,0,228.24,11,POS,0
TXN-0000010,CARD-2059,596.79,Restaurant,3,427.7,0,0,0,377.1,11,POS,0
TXN-0000011,CARD-5602,1514.27,Gas,12,178.8,0,0,0,256.46,2,POS,0
TXN-0000012,CARD-6390,1897.14,Grocery,0,140.7,0,0,0,135.53,9,,0
TXN-0000013,CARD-1595,1390.8,Grocery,17,85.2,1,0,0,216.89,5,POS,0
TXN-0000014,CARD-6707,1023.08,Grocery,8,418.1,1,0,0,375.2,15,ATM,0
TXN-0000015,CARD-2915,690.84,Gas,23,218.5,1,0,0,391.66,1,ATM,0
TXN-0000016,CARD-8749,1900.76,OnlineRetail,4,4.3,1,0,0,80.33,3,Mobile,0
TXN-0000017,CARD-4173,2119.02,Grocery,0,121.7,1,1,0,352.03,13,Desktop,1
TXN-0000018,CARD-1027,428.53,Grocery,9,342.8,0,0,0,358.2,5,Desktop,0
TXN-0000019,CARD-9485,2250.28,Grocery,1,12.4,1,1,0,319.68,10,,0
TXN-0000020,CARD-4050,2226.44,Healthcare,1,19.8,1,0,0,160.93,13,Desktop,0
TXN-0000021,CARD-6039,766.99,Restaurant,9,95.1,0,0,0,75.67,10,POS,0
TXN-0000022,CARD-8429,1444.16,Restaurant,21,133.1,1,1,0,181.06,13,ATM,0
TXN-0000023,CARD-3116,2267.73,Entertainment,9,,0,0,0,354.62,2,POS,0
TXN-0000024,CARD-6174,981.4,Restaurant,9,326.7,1,0,0,155.85,11,Mobile,0
TXN-0000025,CARD-5277,1880.24,Grocery,22,,0,0,0,321.2,14,Mobile,0
TXN-0000026,CARD-1877,1543.75,Grocery,14,494.8,0,0,0,317.85,12,Mobile,0
TXN-0000027,CARD-2071,743.55,Grocery,22,368.4,1,0,1,177.43,6,Mobile,0
TXN-0000028,CARD-6829,2056.37,Restaurant,20,222.2,1,0,0,207.17,3,Desktop,0
TXN-0000029,CARD-5481,2040.56,Grocery,13,115,0,0,0,188.55,1,POS,0
TXN-0000030,CARD-4298,2411.09,Electronics,22,221.4,0,0,0,338.54,12,Desktop,0
TXN-0000031,CARD-3668,996.66,Travel,17,193,0,0,0,140.06,9,Mobile,0
TXN-0000032,CARD-6806,1790.24,Gas,19,11.7,1,0,0,82.88,1,,1
TXN-0000033,CARD-8535,476.6,Travel,8,126.5,1,0,0,165.17,7,Desktop,0
TXN-0000034,CARD-3991,1923.86,Restaurant,19,348,1,0,0,24.85,6,Desktop,0
TXN-0000035,CARD-2120,1670.46,Grocery,15,473.3,1,0,0,206.78,2,Desktop,1
TXN-0000036,CARD-6153,2273.84,Travel,3,467.1,1,0,0,267.94,2,,0
TXN-0000037,CARD-1209,427.81,Healthcare,20,247.6,1,1,0,224.17,8,POS,0
TXN-0000038,CARD-8772,2346.48,Grocery,23,134.8,1,0,0,370.95,9,Mobile,0
TXN-0000039,CARD-3666,84.45,OnlineRetail,1,146.2,1,0,0,382.41,2,,0
TXN-0000040,CARD-4661,1165.61,Healthcare,22,,1,0,0,78.36,10,Desktop,0
TXN-0000041,CARD-3935,206.52,Restaurant,7,423.6,1,0,0,23.64,1,Desktop,0
TXN-0000042,CARD-2837,987.34,Travel,3,286,1,0,0,126.67,3,POS,0
TXN-0000043,CARD-7038,1988.47,Restaurant,1,151.5,1,0,0,398.07,7,ATM,0
TXN-0000044,CARD-5015,818.99,OnlineRetail,1,368.8,0,0,0,359.96,5,,0
TXN-0000045,CARD-5311,1454.9,Gas,20,371.4,1,0,0,190.49,1,Mobile,0
TXN-0000046,CARD-8974,613.79,Entertainment,6,200.3,0,1,0,174.68,12,,1
TXN-0000047,CARD-4153,2149.18,Gas,9,453.8,0,0,0,311.59,15,,0
TXN-0000048,CARD-8865,1785.34,OnlineRetail,22,457.3,1,0,0,370.91,9,Desktop,0
TXN-0000049,CARD-5317,1943.01,Healthcare,15,20.5,0,0,0,282.32,5,POS,0
TXN-0000050,CARD-7146,747.85,Gas,1,242.4,1,0,0,312.31,3,POS,0
TXN-0000051,CARD-7440,1238.22,Electronics,6,395.4,1,0,0,115.33,3,,0
TXN-0000052,CARD-1549,1758.42,Restaurant,21,394.6,0,0,0,128.3,15,ATM,0
TXN-0000053,CARD-7664,439.5,OnlineRetail,11,441,1,0,0,107.6,4,Desktop,0
TXN-0000054,CARD-2097,2294.06,OnlineRetail,15,266.5,1,0,0,155.41,4,Desktop,0
TXN-0000055,CARD-3952,308.61,Gas,1,237.9,0,0,0,139.24,3,,0
TXN-0000056,CARD-4586,1317.84,Healthcare,5,299.4,0,0,0,142.13,11,Desktop,0
TXN-0000057,CARD-4135,1115.32,OnlineRetail,15,32.5,1,0,0,99.83,2,ATM,0
TXN-0000058,CARD-6519,1190.17,Restaurant,12,82.9,0,0,0,162.89,3,POS,0
TXN-0000059,CARD-2447,378.22,Restaurant,14,,1,0,0,96.28,2,Mobile,0
TXN-0000060,CARD-9351,409.32,Electronics,3,477.5,0,0,0,235.46,1,POS,0
TXN-0000061,CARD-6709,18.04,Restaurant,13,488.3,0,0,0,203.81,11,POS,0
TXN-0000062,CARD-2797,1041.59,Grocery,11,61.5,1,1,0,345.58,14,ATM,0
TXN-0000063,CARD-3887,1987.31,Restaurant,13,259.6,0,0,0,147.79,6,ATM,0
TXN-0000064,CARD-9615,178.17,Grocery,22,77.3,1,1,0,204.37,11,Desktop,0
TXN-0000065,CARD-2071,124.9,Grocery,14,3.6,1,0,0,276.51,10,ATM,0
TXN-0000066,CARD-9754,41.83,Electronics,19,318.7,1,0,0,280.14,7,Mobile,0
TXN-0000067,CARD-3411,1210.9,Entertainment,21,157.7,1,0,0,49.89,8,Mobile,0
TXN-0000068,CARD-5376,1234.23,Gas,7,362.2,0,0,0,230.19,1,,0
TXN-0000069,CARD-1221,2143.16,OnlineRetail,2,478.5,0,1,0,214.66,5,Mobile,0
TXN-0000070,CARD-7083,270.03,Entertainment,6,429.3,0,0,0,397.79,2,Desktop,0
TXN-0000071,CARD-5447,2155.24,Entertainment,2,326.5,1,0,0,141.66,15,,0
TXN-0000072,CARD-4887,416.49,Restaurant,21,122.6,1,0,0,69.37,3,,0
TXN-0000073,CARD-8843,1351.04,Restaurant,17,471.5,0,0,0,233.61,14,,0
TXN-0000074,CARD-3949,2190.91,Travel,23,288,1,1,0,111.81,1,POS,0
TXN-0000075,CARD-1509,1636.59,Gas,4,133.3,1,0,0,295.7,2,Desktop,0
TXN-0000076,CARD-4021,1503.26,Restaurant,13,450.5,1,0,0,30.91,3,Mobile,0
TXN-0000077,CARD-7044,2204.02,Travel,20,343.1,0,0,0,381.7,2,Desktop,0
TXN-0000078,CARD-8657,2110.64,Restaurant,6,244.6,1,0,0,259.64,4,,0
TXN-0000079,CARD-6938,860.93,Healthcare,9,202.6,0,0,0,144.02,8,ATM,0
TXN-0000080,CARD-3173,815.19,Healthcare,22,431.4,1,0,0,72.51,3,POS,0
TXN-0000081,CARD-4234,1100.54,Grocery,12,246,0,0,0,42.45,15,ATM,0
TXN-0000082,CARD-9136,2346.41,Electronics,17,333.7,1,0,0,111.62,11,,0
TXN-0000083,CARD-9589,770.95,Entertainment,0,295.8,1,0,0,302.48,10,Desktop,0
TXN-0000084,CARD-5275,288.64,Electronics,3,82.9,1,0,0,364.66,11,POS,0
TXN-0000085,CARD-1484,328.72,Healthcare,8,291.3,1,0,0,134.41,8,ATM,0
TXN-0000086,CARD-7402,1234.26,Restaurant,7,301.6,0,0,0,241.17,3,POS,0
TXN-0000087,CARD-4064,9.47,OnlineRetail,20,291.2,1,0,0,269.51,15,ATM,0
TXN-0000088,CARD-2245,701.43,Electronics,0,137.8,1,0,0,297.55,15,ATM,0
TXN-0000089,CARD-9005,299.84,Entertainment,7,312.4,1,0,0,180.66,3,,0
TXN-0000090,CARD-3426,887.26,OnlineRetail,3,491.6,0,0,0,188.44,11,Mobile,0
TXN-0000091,CARD-4623,1110.07,Healthcare,20,210.1,0,0,0,123.4,9,ATM,0
TXN-0000092,CARD-3624,2454.94,Entertainment,0,45.6,0,0,0,77.89,7,POS,0
TXN-0000093,CARD-5870,1753.54,Grocery,4,318.7,1,0,0,375.79,8,ATM,0
TXN-0000094,CARD-3419,1631.15,Restaurant,19,240,1,0,0,394.7,11,Mobile,0
TXN-0000095,CARD-6813,1806.96,Electronics,23,173.6,1,0,0,225.07,1,ATM,0
TXN-0000096,CARD-7687,22.85,Healthcare,21,245.4,0,0,0,231.9,4,Desktop,0
TXN-0000097,CARD-9965,628.02,Grocery,8,,0,0,0,318.6,1,,0
TXN-0000098,CARD-8397,1063.23,Restaurant,23,118.5,1,0,0,173.54,10,,0
TXN-0000099,CARD-6119,1147.51,OnlineRetail,7,186.5,1,0,0,397.52,1,,0
TXN-0000100,CARD-4992,2287.4,Entertainment,20,179.7,1,0,0,37.64,13,Mobile,0
TXN-0000101,CARD-8778,2020.67,Travel,9,,1,0,0,151.98,12,ATM,1
TXN-0000102,CARD-8443,1218.53,OnlineRetail,4,259.2,0,0,0,179.31,7,ATM,0
TXN-0000103,CARD-8135,2262.08,Electronics,13,380.1,1,0,0,104.66,3,Desktop,0
TXN-0000104,CARD-5169,87.22,OnlineRetail,10,372.7,0,0,0,173.84,1,,0
TXN-0000105,CARD-4468,1114.98,Healthcare,22,145.4,1,0,0,300.95,7,POS,0
TXN-0000106,CARD-4684,1135.67,Grocery,14,173.5,0,0,0,153.73,2,Desktop,0
TXN-0000107,CARD-1582,593.37,OnlineRetail,18,189.8,1,0,0,343.52,12,,0
TXN-0000108,CARD-1458,2415.01,Entertainment,19,75.2,0,0,0,79.24,14,Desktop,0
TXN-0000109,CARD-4983,1985.95,Gas,4,354.6,0,0,0,265.94,5,POS,0
TXN-0000110,CARD-4856,946.82,Entertainment,23,493.4,0,0,0,158.16,12,Desktop,0
TXN-0000111,CARD-6868,1279.71,OnlineRetail,18,28.4,1,0,0,279.09,14,Mobile,0
TXN-0000112,CARD-6440,2483.64,Electronics,7,213.4,1,0,0,76.75,5,Mobile,0
TXN-0000113,CARD-2612,2361.06,Gas,21,344.6,0,0,0,332.92,13,POS,0
TXN-0000114,CARD-8508,1605.63,Electronics,17,66.4,0,0,0,297.08,15,ATM,0
TXN-0000115,CARD-7624,393.42,Grocery,23,113.5,1,0,0,197.18,14,Desktop,0
TXN-0000116,CARD-7985,1550.85,Electronics,18,186.3,1,0,0,308.58,8,,0
TXN-0000117,CARD-1671,16.97,Restaurant,5,246.1,1,0,0,129.77,13,Desktop,0
TXN-0000118,CARD-1162,1486.84,Healthcare,21,422.3,0,0,0,280.65,8,Desktop,0
TXN-0000119,CARD-1513,1700.03,Restaurant,11,384.5,0,0,0,359.13,11,ATM,0
TXN-0000120,CARD-3632,1988.32,Entertainment,10,,0,0,0,189.95,5,POS,0
TXN-0000121,CARD-8759,231.94,Travel,20,200.7,0,0,0,31.47,12,Desktop,1
TXN-0000122,CARD-3786,1880.88,Gas,15,404.7,0,0,0,280.53,5,ATM,0
TXN-0000123,CARD-3163,1169.7,Electronics,1,414,0,0,0,310.61,12,ATM,0
TXN-0000124,CARD-9193,1385.42,Restaurant,0,453.3,1,0,0,337.02,1,Desktop,0
TXN-0000125,CARD-8382,545.35,OnlineRetail,5,138.1,1,0,0,238.78,13,ATM,0
TXN-0000126,CARD-3486,2216.3,Gas,14,179.6,0,0,0,97.25,7,Mobile,0
TXN-0000127,CARD-9174,1115.14,Electronics,3,412,1,0,0,364.23,10,POS,0
TXN-0000128,CARD-3149,397.67,Healthcare,14,147.3,1,0,0,313.93,6,Desktop,0
TXN-0000129,CARD-6243,251.86,Gas,7,428.4,0,0,0,247.86,11,ATM,0
TXN-0000130,CARD-7525,1641.15,Electronics,10,191.9,0,0,0,114.02,1,POS,0
TXN-0000131,CARD-1400,344.77,OnlineRetail,10,265.4,1,0,0,375.21,2,Mobile,0
TXN-0000132,CARD-1395,1374.28,Travel,8,403.9,1,0,0,305,4,Desktop,0
TXN-0000133,CARD-5549,1436.46,Grocery,12,438.6,1,0,0,234.4,12,,0
TXN-0000134,CARD-5255,1242.56,OnlineRetail,6,303.8,1,0,0,40.36,15,POS,0
TXN-0000135,CARD-3335,2306.72,Travel,1,308.7,0,0,0,102.41,15,POS,0
TXN-0000136,CARD-2354,1347.93,Entertainment,4,30.1,1,0,0,335.14,5,ATM,0
TXN-0000137,CARD-7354,332.59,OnlineRetail,6,213.8,1,0,0,283.27,13,ATM,0
TXN-0000138,CARD-5373,592.84,Gas,1,139.5,0,1,0,160.44,12,Mobile,0
TXN-0000139,CARD-8167,312,Entertainment,23,185.5,0,0,0,383.38,13,Mobile,0
TXN-0000140,CARD-9651,625.28,Electronics,12,54.4,1,0,0,77.98,9,POS,0
TXN-0000141,CARD-8834,1670.08,Travel,4,,1,0,0,394.27,10,Mobile,0
TXN-0000142,CARD-7476,1873.47,Restaurant,13,485.1,0,0,0,301.01,14,POS,1
TXN-0000143,CARD-4597,1548.52,Electronics,12,284.3,1,0,0,58.1,13,,0
TXN-0000144,CARD-9123,2111.71,Gas,1,88.4,1,0,0,182.24,7,ATM,0
TXN-0000145,CARD-3003,780.61,Entertainment,18,19.4,1,0,0,102.82,5,Desktop,0
TXN-0000146,CARD-8560,167.86,Restaurant,3,45.3,1,0,0,59.94,2,,0
TXN-0000147,CARD-7773,475.35,Travel,12,377.8,0,0,0,354.73,9,ATM,0
TXN-0000148,CARD-8101,472.45,Healthcare,18,288.9,0,0,0,114.05,1,ATM,0
TXN-0000149,CARD-2223,2220.32,Gas,8,288.5,1,0,0,130.72,1,ATM,0
TXN-0000150,CARD-2177,1669.02,Electronics,17,180.5,1,0,0,264.86,2,POS,0
TXN-0000151,CARD-5645,940.19,Gas,9,207.4,0,0,0,32.58,7,ATM,0
TXN-0000152,CARD-9452,2004.87,Electronics,4,391.6,1,0,0,91.42,13,,0
TXN-0000153,CARD-1716,252.98,Restaurant,9,407.1,0,0,0,121.57,6,,0
TXN-0000154,CARD-4163,917.72,Healthcare,3,15.8,1,0,0,193.79,4,,0
TXN-0000155,CARD-2961,2313.16,Healthcare,1,321.1,1,0,0,227.45,8,Desktop,0
TXN-0000156,CARD-7385,392.86,Healthcare,22,68.2,0,1,0,90.16,14,POS,0
TXN-0000157,CARD-4088,1583.44,Entertainment,3,285.3,0,0,0,286.55,1,,0
TXN-0000158,CARD-9262,161.22,Grocery,19,171.3,1,1,0,304.95,8,Mobile,0
TXN-0000159,CARD-9956,661.58,Restaurant,1,59.5,1,0,0,375.75,10,ATM,0
TXN-0000160,CARD-3076,1086.83,Entertainment,13,228.9,1,0,0,296.5,1,Desktop,0
TXN-0000161,CARD-4611,2024.39,Healthcare,8,476.3,1,0,0,75.31,12,,0
TXN-0000162,CARD-9542,2491.75,Restaurant,4,378.3,1,0,0,159.8,10,ATM,0
TXN-0000163,CARD-8864,1410,Travel,10,47.6,0,0,0,126.61,13,Mobile,0
TXN-0000164,CARD-5947,724.28,Electronics,16,292.8,0,0,0,38.97,4,ATM,0
TXN-0000165,CARD-1239,2299.88,Entertainment,14,477.3,0,0,0,282.91,1,Desktop,0
TXN-0000166,CARD-5757,1776.88,Gas,5,395.7,1,0,0,182.75,14,POS,0
TXN-0000167,CARD-3745,752.9,Healthcare,16,380.1,1,1,0,22.18,5,Desktop,0
TXN-0000168,CARD-8964,1580.72,Entertainment,5,178,0,0,0,360.62,14,ATM,0
TXN-0000169,CARD-5476,621.82,Entertainment,13,463.5,1,0,0,334.33,3,POS,0
TXN-0000170,CARD-9385,1371.67,Restaurant,22,72.1,1,0,0,63.95,14,ATM,0
TXN-0000171,CARD-4980,1164.01,Travel,3,44.2,1,0,0,272.67,1,POS,0
TXN-0000172,CARD-9516,1685.42,Grocery,13,252.1,0,0,0,172.6,11,Desktop,0
TXN-0000173,CARD-2794,834.91,Electronics,22,,0,0,0,104.83,10,,0
TXN-0000174,CARD-8251,792,Grocery,4,286.4,0,0,0,319.05,2,ATM,0
TXN-0000175,CARD-7543,746.23,Electronics,22,333,1,0,0,356.36,12,POS,0
TXN-0000176,CARD-9211,1144.62,Healthcare,14,498.4,1,0,0,277.05,14,Desktop,0
TXN-0000177,CARD-3920,528.31,Grocery,2,428.3,0,0,0,73.3,11,ATM,0
TXN-0000178,CARD-3133,1.44,Electronics,3,223.7,0,1,0,50.16,6,POS,0
TXN-0000179,CARD-9008,450.71,OnlineRetail,10,258.6,1,0,0,331.53,3,ATM,0
TXN-0000180,CARD-8931,1433.86,OnlineRetail,7,243.4,0,0,0,236.69,2,ATM,0
TXN-0000181,CARD-4112,1736.3,Electronics,21,359.1,1,0,0,31.82,3,POS,0
TXN-0000182,CARD-3369,1910.4,Electronics,8,497.2,0,0,0,278.25,3,,1
TXN-0000183,CARD-9130,186.8,Electronics,15,307.1,1,0,0,362.19,15,ATM,0
TXN-0000184,CARD-1892,794.38,Gas,4,424,1,0,0,83.72,1,ATM,0
TXN-0000185,CARD-3023,1995.73,Gas,7,81.4,1,1,0,138.29,5,Mobile,0
TXN-0000186,CARD-6858,932.25,Electronics,9,249.5,1,1,0,394.4,3,Mobile,0
TXN-0000187,CARD-7023,483.14,Healthcare,16,,1,0,0,20.19,15,Mobile,0
TXN-0000188,CARD-8628,1168.57,Electronics,13,319.6,1,0,0,227.85,13,ATM,0
TXN-0000189,CARD-1066,2211.46,Gas,18,27.5,0,0,0,82.42,15,,0
TXN-0000190,CARD-3727,2080.84,Healthcare,6,258.5,1,0,0,34.56,7,Mobile,0
TXN-0000191,CARD-6026,1179.07,Electronics,8,,1,0,0,51.2,11,Desktop,0
TXN-0000192,CARD-4363,1028.96,Travel,15,350.2,1,0,0,47.51,5,ATM,0
TXN-0000193,CARD-7591,2273.8,Electronics,5,480.8,1,0,0,70.59,13,Desktop,1
TXN-0000194,CARD-5382,2023.42,Gas,13,327.1,1,1,0,321.08,12,Mobile,0
TXN-0000195,CARD-4163,1569.01,Entertainment,7,283.1,1,0,0,32.44,1,Desktop,0
TXN-0000196,CARD-5321,1635.01,Gas,4,440.7,1,0,0,165.43,10,Desktop,0
TXN-0000197,CARD-8712,1338.01,Travel,4,321.5,1,0,0,253.14,8,Desktop,0
TXN-0000198,CARD-5692,1062.8,Travel,10,85.3,1,0,0,195.02,8,Mobile,0
TXN-0000199,CARD-6075,1782.16,OnlineRetail,6,22.6,1,0,0,118.01,3,,0
TXN-0000200,CARD-8799,1807.26,Entertainment,8,377.8,0,0,0,169.04,13,POS,0
TXN-0000201,CARD-9966,1032.32,Electronics,19,184.4,0,0,0,298.83,9,POS,0
TXN-0000202,CARD-2836,1974.01,Healthcare,16,312.7,1,0,0,330.42,8,ATM,0
TXN-0000203,CARD-8229,1765.53,Gas,7,144.5,1,0,0,125.27,9,POS,0
TXN-0000204,CARD-8216,1392.48,Grocery,3,445.8,1,0,0,385.97,13,ATM,0
TXN-0000205,CARD-9507,1737.67,Electronics,23,149.3,1,0,0,250.38,14,ATM,1
TXN-0000206,CARD-8063,160.91,Travel,15,444.8,1,0,0,64.08,3,ATM,0
TXN-0000207,CARD-3470,1361.7,Travel,21,483.4,1,0,0,330.36,7,ATM,0
TXN-0000208,CARD-8454,1083.96,Entertainment,15,110.6,0,0,0,121.64,1,Desktop,0
TXN-0000209,CARD-5621,1380.84,Grocery,4,395.5,1,0,0,53.77,14,ATM,0
TXN-0000210,CARD-1399,409.58,Entertainment,10,,1,0,0,307.48,12,ATM,1
TXN-0000211,CARD-9727,1832.51,Electronics,11,208.9,1,0,1,198.56,15,Mobile,0
TXN-0000212,CARD-8078,527.01,Healthcare,18,387.2,0,0,0,178.17,14,Desktop,0
TXN-0000213,CARD-9001,1231.14,Travel,15,69.4,0,0,0,388.68,3,ATM,0
TXN-0000214,CARD-7411,421.59,Electronics,18,373.2,0,0,0,27.14,6,Desktop,0
TXN-0000215,CARD-2641,2488.99,OnlineRetail,11,495,0,0,0,166.39,2,POS,0
TXN-0000216,CARD-8218,2459.01,OnlineRetail,17,290.3,1,0,0,143.06,8,Desktop,0
TXN-0000217,CARD-4693,363.42,Restaurant,15,449.8,1,0,0,397.65,15,,0
TXN-0000218,CARD-2405,677.95,Gas,16,230.7,1,0,0,193.02,7,Mobile,0
TXN-0000219,CARD-8066,1074.93,Travel,3,446.6,1,0,0,166.56,14,,0
TXN-0000220,CARD-7712,1899.07,Travel,15,345.8,1,0,0,234.67,5,POS,0
TXN-0000221,CARD-2325,1277.06,Restaurant,4,248.2,1,0,0,84.51,6,ATM,0
TXN-0000222,CARD-4448,2491.31,Healthcare,10,315.3,1,0,0,243.25,1,Mobile,0
TXN-0000223,CARD-5596,607.88,Healthcare,12,222.9,0,0,0,136.71,10,Desktop,0
TXN-0000224,CARD-3786,1576.81,Gas,10,223.8,1,1,0,365.63,8,,1
TXN-0000225,CARD-1503,976.8,Healthcare,4,210.6,0,0,0,344.46,1,Desktop,0
TXN-0000226,CARD-4047,1295.3,Travel,3,233.9,1,0,0,128.77,14,Desktop,0
TXN-0000227,CARD-1862,788.66,Travel,4,210.9,1,0,0,232.71,1,Desktop,0
TXN-0000228,CARD-1089,1749.18,Restaurant,17,12.5,1,0,0,276.09,11,Mobile,1
TXN-0000229,CARD-2542,506.88,Healthcare,17,23.4,0,0,0,376.43,12,Desktop,0
TXN-0000230,CARD-6555,1664.73,Healthcare,23,302.3,1,0,0,359.98,13,Mobile,0
TXN-0000231,CARD-1091,2364.08,Entertainment,6,194.7,0,0,0,122.58,14,Mobile,0
TXN-0000232,CARD-8968,78.42,Travel,23,98.4,0,0,0,78.73,1,Mobile,0
TXN-0000233,CARD-2602,1306.05,Gas,10,163.7,1,0,0,287.3,2,Mobile,0
TXN-0000234,CARD-3537,1822.09,Restaurant,18,313,0,0,0,247.05,4,,0
TXN-0000235,CARD-5509,152.92,Restaurant,18,349,0,0,0,390.4,15,,0
TXN-0000236,CARD-1170,1507.44,OnlineRetail,15,289.9,0,0,0,104.84,13,Desktop,1
TXN-0000237,CARD-9986,938.94,Travel,7,408.5,0,0,0,237.9,14,Mobile,1
TXN-0000238,CARD-6828,167.16,Travel,6,246.8,0,0,0,270.68,10,,0
TXN-0000239,CARD-6132,2056.13,Entertainment,6,162.5,0,0,0,267.09,7,POS,0
TXN-0000240,CARD-7444,2024.22,Grocery,3,281.6,0,0,0,82.9,9,Mobile,0
TXN-0000241,CARD-2445,354.69,OnlineRetail,15,370.7,1,0,0,261.81,7,Mobile,0
TXN-0000242,CARD-9494,2175.24,Grocery,5,1.8,1,0,0,116.75,14,,0
TXN-0000243,CARD-4573,261.86,Healthcare,9,231.9,0,0,0,121.65,5,Mobile,0
TXN-0000244,CARD-5868,2019.25,Entertainment,5,437.2,1,1,0,202.15,8,Mobile,0
TXN-0000245,CARD-8491,1278.47,Entertainment,2,101.9,1,0,0,263.26,12,Mobile,0
TXN-0000246,CARD-8749,219.45,Entertainment,16,331.3,1,0,0,258.69,9,,0
TXN-0000247,CARD-4462,1234.9,Restaurant,21,202.4,1,0,0,69.72,9,ATM,0
TXN-0000248,CARD-4534,593.36,Entertainment,15,417.7,0,0,0,130.16,13,Mobile,0
TXN-0000249,CARD-3698,1282.25,OnlineRetail,9,,0,0,0,272.36,8,Mobile,0
TXN-0000250,CARD-8324,572.78,Gas,4,404.5,0,0,0,170.66,8,Mobile,0
TXN-0000251,CARD-7685,1902.09,Gas,3,491.8,0,0,0,125.07,13,Mobile,0
TXN-0000252,CARD-3534,1227.72,Restaurant,16,276.2,1,0,0,331.7,1,Desktop,0
TXN-0000253,CARD-2529,1028.47,Electronics,2,213.7,1,0,0,245.1,7,,0
TXN-0000254,CARD-2312,304.69,Grocery,17,94.6,1,0,0,242.66,15,Desktop,0
TXN-0000255,CARD-3712,2127.6,Gas,9,277,0,0,0,63.81,13,Mobile,0
TXN-0000256,CARD-3080,2000.68,Restaurant,0,380.5,1,0,0,340.95,7,ATM,0
TXN-0000257,CARD-7400,2487.89,Entertainment,18,317.2,1,0,0,136.95,14,ATM,0
TXN-0000258,CARD-7236,1080.32,Grocery,3,398.7,1,0,0,30.95,1,Desktop,0
TXN-0000259,CARD-2831,1937.94,Healthcare,23,476.5,0,0,0,398.82,13,,0
TXN-0000260,CARD-3436,433.86,OnlineRetail,2,335.2,1,0,0,319.83,13,Desktop,0
TXN-0000261,CARD-4992,1243.33,Healthcare,14,228.5,1,0,0,236.37,13,ATM,0
TXN-0000262,CARD-2611,1158.99,Entertainment,11,194.7,1,0,0,304.67,11,Desktop,0
TXN-0000263,CARD-3414,1942.33,OnlineRetail,13,382.8,1,0,0,102.36,13,,0
TXN-0000264,CARD-1450,2025.38,OnlineRetail,22,498.8,1,0,0,94.15,14,ATM,0
TXN-0000265,CARD-6127,1119.61,Entertainment,18,404.8,1,0,0,207.71,14,,0
TXN-0000266,CARD-5452,401.73,Grocery,8,213.4,1,0,0,399.22,6,POS,0
TXN-0000267,CARD-3163,821.99,Travel,9,262.4,1,0,0,111.3,12,POS,1
TXN-0000268,CARD-9116,252.49,Grocery,6,371.4,1,0,0,202.57,11,POS,0
TXN-0000269,CARD-8448,1027.32,Gas,14,447.4,1,1,0,50.1,12,,0
TXN-0000270,CARD-9490,1948.93,Healthcare,2,343.7,0,0,0,233.67,7,Desktop,0
TXN-0000271,CARD-3144,2291.46,Grocery,5,34.8,0,0,0,127.84,7,Desktop,0
TXN-0000272,CARD-3344,1008.39,OnlineRetail,23,272,1,0,0,204.95,5,ATM,0
TXN-0000273,CARD-4547,17.46,Restaurant,16,287.8,0,0,0,91.13,13,POS,0
TXN-0000274,CARD-9755,1457.27,Entertainment,10,312.4,0,0,0,65.14,12,Desktop,0
TXN-0000275,CARD-1133,288.96,Grocery,19,276.5,1,0,0,104.67,15,Mobile,1
TXN-0000276,CARD-6909,555.49,Gas,22,92.7,1,0,0,356.33,2,Mobile,0
TXN-0000277,CARD-5497,882.02,Grocery,20,119.9,1,0,0,144.12,8,ATM,0
TXN-0000278,CARD-3470,202.91,Restaurant,7,430.8,1,0,0,119.84,15,POS,0
TXN-0000279,CARD-8517,1942.53,Electronics,1,443.4,0,0,0,329.71,6,Desktop,0
TXN-0000280,CARD-5844,1218.64,Travel,10,296.3,1,0,0,72.49,8,Desktop,0
TXN-0000281,CARD-2043,1007.16,Grocery,10,17.5,1,0,0,328.42,11,ATM,0
TXN-0000282,CARD-2642,995.11,Grocery,6,84.1,1,0,0,146.64,9,ATM,0
TXN-0000283,CARD-1989,1579.6,Grocery,18,,0,0,0,332.66,8,,0
TXN-0000284,CARD-8482,2306.41,Electronics,20,205.7,0,0,0,394.04,15,,0
TXN-0000285,CARD-8982,2372.16,Electronics,8,439.6,0,0,0,181.21,10,ATM,0
TXN-0000286,CARD-8465,1263.74,Grocery,5,376,0,0,0,35.24,2,Desktop,0
TXN-0000287,CARD-4920,463.04,Restaurant,14,243,0,0,0,227.74,7,Mobile,0
TXN-0000288,CARD-7499,501.65,Travel,18,85.2,1,0,0,336.08,4,ATM,0
TXN-0000289,CARD-9332,259.65,Healthcare,16,241.7,1,1,0,323.53,5,,0
TXN-0000290,CARD-3178,1610.48,Gas,10,157,0,0,0,163.51,13,ATM,0
TXN-0000291,CARD-4742,1985.77,Gas,0,448.9,0,0,0,61.01,10,Mobile,0
TXN-0000292,CARD-9850,641.21,Travel,23,229.4,1,1,0,75.31,10,Mobile,0
TXN-0000293,CARD-8426,298.05,Gas,18,47.4,1,1,0,229.98,6,,0
TXN-0000294,CARD-1281,947.44,Grocery,15,469.9,0,0,0,266.83,13,,0
TXN-0000295,CARD-5419,1676.02,Restaurant,11,98.3,0,0,0,373.5,3,ATM,0
TXN-0000296,CARD-8410,1237.15,Travel,11,165,0,0,0,43.91,6,ATM,0
TXN-0000297,CARD-2057,2240.77,Gas,16,219.8,0,0,0,204.92,10,Mobile,0
TXN-0000298,CARD-2286,86.54,Gas,0,17.3,1,0,0,262.1,9,Desktop,0
TXN-0000299,CARD-9593,2432.97,Electronics,13,426.7,1,0,0,378.1,2,Mobile,0
TXN-0000300,CARD-9489,2118.05,Gas,7,481.4,1,0,0,35.91,7,ATM,0
TXN-0000301,CARD-8327,732.25,Entertainment,4,100.2,1,0,0,238.18,11,,1
TXN-0000302,CARD-7525,582.07,Restaurant,20,54.5,1,0,0,249.29,3,Desktop,0
TXN-0000303,CARD-2262,1196.65,Gas,14,312,1,0,0,126.03,14,ATM,0
TXN-0000304,CARD-5034,1079.03,Healthcare,16,82.6,1,0,0,328.47,8,Mobile,0
TXN-0000305,CARD-1169,2249.59,OnlineRetail,14,205.1,1,0,0,269.84,12,POS,0
TXN-0000306,CARD-7520,1264.4,Grocery,20,107.6,0,0,0,282.71,13,,0
TXN-0000307,CARD-8589,1013.31,OnlineRetail,20,133.9,1,0,0,102.18,15,POS,0
TXN-0000308,CARD-5958,314.96,Entertainment,17,,1,0,0,322.78,14,POS,1
TXN-0000309,CARD-4050,1378.59,Restaurant,10,112.5,1,0,0,375.1,3,Mobile,0
TXN-0000310,CARD-9891,167.24,Entertainment,3,59.5,0,0,0,340.64,6,,0
TXN-0000311,CARD-2811,2101.44,Travel,17,81.1,0,0,0,99.24,4,Desktop,0
TXN-0000312,CARD-4296,2012.75,Healthcare,14,184.4,0,1,0,89.05,7,POS,0
TXN-0000313,CARD-7877,603.12,OnlineRetail,21,,1,0,0,393.99,12,ATM,1
TXN-0000314,CARD-3438,168.14,Restaurant,3,83.9,1,0,0,70.33,7,ATM,0
TXN-0000315,CARD-1265,1935.27,OnlineRetail,18,247,0,0,0,235.04,2,ATM,0
TXN-0000316,CARD-8000,2267.57,Travel,21,,1,0,0,87.52,9,,0
TXN-0000317,CARD-2447,793.51,Restaurant,7,84.6,1,0,0,221.59,7,Mobile,0
TXN-0000318,CARD-4860,1542.41,Gas,16,310,0,0,0,299.08,2,Mobile,0
TXN-0000319,CARD-4675,2464.69,Restaurant,22,,0,0,0,253.44,13,Mobile,0
TXN-0000320,CARD-4589,331.91,Electronics,23,133.8,1,0,0,145.51,13,,0
TXN-0000321,CARD-6477,1386.58,Restaurant,12,126.6,1,0,0,309.36,14,ATM,0
TXN-0000322,CARD-4092,2076.09,Healthcare,17,27.4,1,1,0,58.65,5,,0
TXN-0000323,CARD-8751,2472.36,OnlineRetail,18,196.6,1,0,0,30.67,1,POS,1
TXN-0000324,CARD-3312,2409.77,Restaurant,17,443.3,0,0,0,222.55,4,,0
TXN-0000325,CARD-9678,81.87,Grocery,21,460.2,1,0,0,225.66,10,POS,0
TXN-0000326,CARD-8346,1343.46,Entertainment,15,407.3,0,0,0,357.96,15,Desktop,0
TXN-0000327,CARD-4323,705.67,Grocery,2,112.8,1,0,0,250,13,ATM,0
TXN-0000328,CARD-9080,808.49,Entertainment,21,341.6,0,1,0,261.92,2,Desktop,0
TXN-0000329,CARD-8573,137.9,Healthcare,8,445.8,1,1,0,32.98,4,ATM,0
TXN-0000330,CARD-9264,1496.06,Grocery,7,408.6,1,1,0,112.27,11,ATM,0
TXN-0000331,CARD-5166,1002.59,Healthcare,2,339.8,0,0,0,234.28,11,POS,0
TXN-0000332,CARD-4844,384.01,Entertainment,14,212.7,0,0,0,25.32,3,Desktop,0
TXN-0000333,CARD-1877,629.3,Electronics,9,199.7,0,0,0,176.21,7,ATM,0
TXN-0000334,CARD-3341,1392.52,Restaurant,11,336,0,0,0,172.03,1,ATM,0
TXN-0000335,CARD-1940,66.37,Travel,17,359.7,1,0,0,265.94,4,POS,0
TXN-0000336,CARD-2994,431.28,Entertainment,7,19.8,1,0,0,187.69,15,Desktop,0
TXN-0000337,CARD-1406,1745.16,Gas,21,9.8,1,0,0,362.39,4,Mobile,0
TXN-0000338,CARD-1549,1665.44,Entertainment,11,459.1,1,0,0,229.26,10,POS,0
TXN-0000339,CARD-5889,2192.68,Healthcare,19,355.7,0,0,0,396,7,Mobile,0
TXN-0000340,CARD-8624,2262.87,Healthcare,13,155.9,1,0,0,193.26,14,,0
TXN-0000341,CARD-3886,1256.78,OnlineRetail,4,438.2,1,0,0,33.72,11,Mobile,0
TXN-0000342,CARD-3715,1459.79,Grocery,8,442.3,1,0,0,369.27,11,Desktop,0
TXN-0000343,CARD-7979,1056,OnlineRetail,11,172.8,1,1,0,53.46,2,Mobile,0
TXN-0000344,CARD-1189,1597.33,Travel,5,76.5,1,0,0,318.02,9,ATM,0
TXN-0000345,CARD-5088,1537.9,Healthcare,2,34.7,1,0,0,267.84,14,,0
TXN-0000346,CARD-7900,2237.45,Entertainment,1,390.8,0,0,0,108.82,1,Desktop,0
TXN-0000347,CARD-6338,1131.07,Grocery,21,241.2,0,0,0,59.01,7,POS,0
TXN-0000348,CARD-1311,2172.16,Travel,10,418.3,1,1,0,40.11,1,POS,0
TXN-0000349,CARD-9859,1378.09,Travel,11,,0,0,0,175.89,4,Mobile,0
TXN-0000350,CARD-3588,287.28,Grocery,5,,1,0,0,115.74,15,Mobile,0
TXN-0000351,CARD-7985,364.75,Grocery,0,303.3,1,0,0,35.65,4,Desktop,0
TXN-0000352,CARD-3929,1819.48,Travel,1,275.2,0,0,0,295.59,7,Mobile,0
TXN-0000353,CARD-2733,927.25,OnlineRetail,0,18.2,1,0,0,253.32,13,ATM,0
TXN-0000354,CARD-8116,806.96,Entertainment,14,35.4,1,0,0,358.07,9,Desktop,0
TXN-0000355,CARD-4412,2218.96,OnlineRetail,4,456.7,1,0,0,395.84,6,POS,0
TXN-0000356,CARD-8148,1556.63,Electronics,8,186.3,0,0,0,285.59,9,,0
TXN-0000357,CARD-7348,548.08,Healthcare,3,131.4,1,0,0,330.03,6,Desktop,0
TXN-0000358,CARD-3462,125.55,OnlineRetail,18,,0,0,0,29.79,1,POS,0
TXN-0000359,CARD-7963,651.33,Healthcare,19,244.6,1,0,0,265.09,11,Desktop,0
TXN-0000360,CARD-8861,496.51,Travel,14,417.6,1,0,0,71.23,14,ATM,0
TXN-0000361,CARD-5714,1205.9,Entertainment,19,311,0,0,0,148.36,11,POS,0
TXN-0000362,CARD-9852,1820.1,Gas,23,104.4,1,0,0,192.19,13,POS,0
TXN-0000363,CARD-9416,1621.01,Electronics,3,111.3,0,0,0,42.91,11,Desktop,0
TXN-0000364,CARD-3965,2337.99,Entertainment,19,435.2,1,0,0,32.48,9,POS,0
TXN-0000365,CARD-8806,2295.33,Restaurant,17,233,1,0,0,376.8,14,Desktop,1
TXN-0000366,CARD-9415,1661.84,Restaurant,23,407.7,1,0,0,99.45,6,,0
TXN-0000367,CARD-7165,1244.26,Gas,2,,1,0,0,82.48,2,,0
TXN-0000368,CARD-3731,102.09,Travel,21,285.4,1,0,0,270.62,3,Desktop,0
TXN-0000369,CARD-2216,2119.83,Grocery,12,,1,0,0,52.55,10,POS,0
TXN-0000370,CARD-4539,1881.32,Gas,8,98.8,0,0,0,381.84,7,POS,0
TXN-0000371,CARD-8428,1241.71,Grocery,13,348.2,0,0,0,77.13,11,Desktop,0
TXN-0000372,CARD-4713,2234.75,Healthcare,7,432.4,0,0,0,310.93,3,ATM,0
TXN-0000373,CARD-8675,860.78,Electronics,8,444.4,1,0,0,244.76,15,Mobile,0
TXN-0000374,CARD-6725,847.4,Entertainment,6,64.6,0,0,0,200.75,8,Desktop,0
TXN-0000375,CARD-4290,2034.26,Gas,4,411.4,1,0,0,316.78,2,Mobile,0
TXN-0000376,CARD-5431,1296.68,Grocery,11,79.2,1,0,0,111.5,4,Mobile,0
TXN-0000377,CARD-5070,598.08,Grocery,10,,0,0,0,333.64,4,ATM,0
TXN-0000378,CARD-1205,2242.41,Electronics,22,111.1,1,0,0,35.83,11,POS,0
TXN-0000379,CARD-1809,781.29,Entertainment,11,304.3,1,0,0,215.93,15,POS,0
TXN-0000380,CARD-9126,1915.09,Travel,17,178.6,0,0,0,45.72,9,POS,0
TXN-0000381,CARD-2560,693.36,Healthcare,7,422.4,1,0,0,192.93,5,POS,0
TXN-0000382,CARD-5649,665.5,Entertainment,16,201.8,0,0,0,306.66,3,Desktop,0
TXN-0000383,CARD-1018,1249.6,Travel,1,7.4,0,0,0,258.84,3,Mobile,0
TXN-0000384,CARD-7804,1562.98,Grocery,4,,1,1,0,280.65,8,ATM,0
TXN-0000385,CARD-8880,1740.96,Grocery,2,498.2,1,0,0,287.95,15,ATM,0
TXN-0000386,CARD-5616,951.64,Entertainment,1,285.3,0,0,0,211.77,10,Desktop,0
TXN-0000387,CARD-2354,65.17,Electronics,11,174.9,1,0,0,379.44,14,,0
TXN-0000388,CARD-1402,1475.93,Grocery,1,317.1,1,0,0,241.11,10,POS,0
TXN-0000389,CARD-4238,2216.92,Travel,17,83.2,0,0,0,322.3,11,POS,0
TXN-0000390,CARD-8628,2048.87,Restaurant,19,213.9,1,0,0,224.07,12,ATM,0
TXN-0000391,CARD-1119,577.64,Entertainment,18,483.6,1,0,0,225.77,4,Mobile,0
TXN-0000392,CARD-3258,2228.6,Grocery,6,103.6,1,0,0,186.56,9,,0
TXN-0000393,CARD-3689,1730.8,Grocery,9,326.6,1,1,0,233.31,9,Mobile,0
TXN-0000394,CARD-2687,2297.56,Entertainment,16,146.6,1,0,0,384.09,15,ATM,0
TXN-0000395,CARD-4008,1580.32,Restaurant,6,221,1,1,0,172.1,4,Desktop,1
TXN-0000396,CARD-2205,2426.4,Restaurant,6,174.6,0,0,0,88.82,8,,0
TXN-0000397,CARD-3484,300.54,Restaurant,3,,1,0,0,305.48,4,ATM,0
TXN-0000398,CARD-4372,2402.28,Gas,12,185.4,0,1,0,182.23,10,POS,0
TXN-0000399,CARD-1941,82.08,OnlineRetail,9,376,1,1,0,82.33,2,ATM,0
TXN-0000400,CARD-2792,749.09,Electronics,18,63.2,1,0,0,311.33,7,POS,0
TXN-0000401,CARD-5455,1480.58,Healthcare,8,256.4,1,0,0,39.4,7,Desktop,0
TXN-0000402,CARD-3854,2282.28,Entertainment,14,135.5,1,0,0,54,4,ATM,0
TXN-0000403,CARD-6273,970.47,Grocery,20,251.3,1,1,0,258.77,5,Desktop,0
TXN-0000404,CARD-5864,2438.19,Gas,6,302.6,1,0,0,107.3,5,ATM,0
TXN-0000405,CARD-9006,2231.84,Healthcare,7,444.8,1,0,0,328.17,8,Mobile,0
TXN-0000406,CARD-7652,239.69,Healthcare,2,459.6,0,0,0,366.82,10,,0
TXN-0000407,CARD-3240,426.46,Electronics,15,221.8,1,0,0,301.78,4,Mobile,0
TXN-0000408,CARD-5500,1544.05,OnlineRetail,22,446.1,1,0,0,226.78,5,Desktop,0
TXN-0000409,CARD-6404,21.76,Entertainment,12,275.5,0,0,0,229.71,10,Desktop,0
TXN-0000410,CARD-6052,10.26,Electronics,10,201.3,1,0,0,273.99,9,Desktop,0
TXN-0000411,CARD-8190,2285.51,Entertainment,15,101.4,1,0,0,175.69,8,Desktop,0
TXN-0000412,CARD-2165,1814.25,Gas,23,398.9,1,0,0,42.52,8,ATM,0
TXN-0000413,CARD-1099,560.74,Electronics,10,457.3,0,0,0,289.37,1,Mobile,0
TXN-0000414,CARD-5650,2273.56,Travel,17,384.9,1,0,0,321.83,5,POS,0
TXN-0000415,CARD-2618,267,Entertainment,3,179.3,1,0,0,373.57,12,Desktop,0
TXN-0000416,CARD-4842,807.03,Entertainment,13,448.4,1,0,0,341.58,3,Mobile,0
TXN-0000417,CARD-9271,2185.11,OnlineRetail,16,94.4,1,0,0,389.88,2,Desktop,0
TXN-0000418,CARD-4756,2365.75,Gas,7,128.2,0,0,0,199.51,8,Desktop,0
TXN-0000419,CARD-8920,2367.66,Grocery,0,407.4,0,0,0,273.3,9,ATM,0
TXN-0000420,CARD-1613,297.32,Grocery,9,265.6,1,0,0,199.66,14,Mobile,0
TXN-0000421,CARD-1896,967.26,Grocery,7,245.6,1,1,0,204.37,8,ATM,0
TXN-0000422,CARD-9214,1997.42,OnlineRetail,3,79.7,1,0,0,154.1,5,POS,0
TXN-0000423,CARD-3980,1239.59,OnlineRetail,12,434.9,0,0,0,272.95,2,,0
TXN-0000424,CARD-3063,2042.57,Gas,7,107.2,1,0,0,241.68,2,POS,0
TXN-0000425,CARD-5678,1337.97,Travel,21,145.2,1,0,0,73.89,11,Mobile,0
TXN-0000426,CARD-2660,38.05,Entertainment,14,144.4,0,0,0,143.99,2,Desktop,0
TXN-0000427,CARD-2766,754.36,Gas,1,351.9,0,0,0,77.06,13,POS,1
TXN-0000428,CARD-8266,1570.15,Grocery,23,297.9,1,0,0,236.27,8,Mobile,0
TXN-0000429,CARD-2203,2228.73,Electronics,7,380.9,1,0,0,313.94,3,Mobile,0
TXN-0000430,CARD-2406,130.61,Restaurant,0,371.7,1,1,0,221.47,6,,0
TXN-0000431,CARD-1095,664.1,Electronics,12,415.8,1,0,0,356.5,4,Desktop,0
TXN-0000432,CARD-2418,526.97,Travel,9,12.8,0,0,0,248.2,13,,1
TXN-0000433,CARD-5357,1590.3,Travel,9,400.1,1,0,1,276.66,6,Desktop,0
TXN-0000434,CARD-2963,1256.36,Electronics,7,8.4,0,0,0,88.75,6,Desktop,0
TXN-0000435,CARD-6451,1481.62,Electronics,10,9.9,1,0,0,30.7,4,POS,0
TXN-0000436,CARD-6183,611.68,Healthcare,18,,1,0,0,399.12,2,,0
TXN-0000437,CARD-2854,1449.19,Healthcare,14,412.3,0,0,0,313.98,11,Desktop,0
TXN-0000438,CARD-5268,408.76,Healthcare,15,247.8,0,0,0,393.39,10,Desktop,0
TXN-0000439,CARD-9942,638.86,Entertainment,19,446.4,1,0,0,321.27,13,,1
TXN-0000440,CARD-8692,356.04,Entertainment,2,400.9,1,0,0,127.95,12,POS,0
TXN-0000441,CARD-4818,1996.79,OnlineRetail,14,391.2,1,0,0,20.17,8,POS,0
TXN-0000442,CARD-3336,55.78,Restaurant,2,147.8,1,0,0,214.87,8,Mobile,0
TXN-0000443,CARD-4184,1316.72,Travel,16,263.8,0,0,0,288.12,6,Mobile,0
TXN-0000444,CARD-1700,877.75,Grocery,0,471.8,1,0,0,22.68,12,,1
TXN-0000445,CARD-6392,1779.12,Restaurant,8,368.2,0,0,0,326.17,2,Desktop,0
TXN-0000446,CARD-3103,2341.2,Entertainment,7,90,1,0,0,154.37,15,POS,0
TXN-0000447,CARD-4509,139.28,Healthcare,22,329.3,0,0,0,70.32,15,POS,0
TXN-0000448,CARD-1678,1525.89,OnlineRetail,23,193.5,1,0,0,217.76,4,Mobile,0
TXN-0000449,CARD-6875,1728.03,OnlineRetail,23,295.8,0,0,0,24.45,15,POS,0
TXN-0000450,CARD-3996,1292.68,Gas,8,463.9,1,0,0,357.29,10,ATM,0
TXN-0000451,CARD-3496,1723.16,OnlineRetail,21,292.8,1,0,0,94.55,15,ATM,0
TXN-0000452,CARD-6682,1048.14,Grocery,6,166.3,1,0,0,394.49,7,,0
TXN-0000453,CARD-6241,978.64,Gas,6,31.6,0,0,0,229.31,8,Desktop,0
TXN-0000454,CARD-8799,1348.42,OnlineRetail,16,436.3,0,0,0,236.78,14,ATM,0
TXN-0000455,CARD-4896,1618.21,Healthcare,1,,0,1,0,342.44,2,ATM,0
TXN-0000456,CARD-8786,1249.52,Healthcare,23,270.2,0,0,0,23.77,13,POS,1
TXN-0000457,CARD-5361,2152.74,OnlineRetail,2,237.2,1,0,0,131.14,3,Mobile,0
TXN-0000458,CARD-4807,1294.11,Restaurant,14,55.1,1,0,0,353.17,4,Desktop,0
TXN-0000459,CARD-9671,602.28,OnlineRetail,12,312.5,1,0,0,378.67,11,ATM,0
TXN-0000460,CARD-6165,1942.65,Electronics,14,,1,0,0,178.18,6,,0
TXN-0000461,CARD-8332,2420.59,Electronics,16,487.6,1,0,0,331.38,2,Mobile,0
TXN-0000462,CARD-2036,1260.3,Restaurant,2,259.6,0,0,0,153.35,14,POS,0
TXN-0000463,CARD-9143,2119.99,Healthcare,23,41.5,1,0,0,366.49,13,ATM,0
TXN-0000464,CARD-8511,480.79,Gas,8,67.7,1,0,0,386.11,5,Mobile,0
TXN-0000465,CARD-2846,1392.38,Healthcare,22,411,0,1,0,173.14,10,Mobile,0
TXN-0000466,CARD-8874,985.61,Travel,9,187.7,0,0,0,65.66,14,Mobile,0
TXN-0000467,CARD-4478,502.24,Restaurant,12,233.5,1,0,0,154.33,12,ATM,0
TXN-0000468,CARD-9416,2453.68,Healthcare,20,333.5,1,0,0,100.55,5,POS,0
TXN-0000469,CARD-1047,928.5,Gas,4,31.1,1,1,0,35.62,13,POS,0
TXN-0000470,CARD-2994,1979.55,OnlineRetail,8,108,1,1,0,201.3,3,Mobile,0
TXN-0000471,CARD-6292,1310.52,Entertainment,3,429.3,0,0,0,26.92,12,Mobile,0
TXN-0000472,CARD-6636,978.81,Electronics,15,294.9,1,0,0,383.75,7,POS,0
TXN-0000473,CARD-1226,971.33,Grocery,15,253.6,1,0,0,126.28,11,Mobile,0
TXN-0000474,CARD-9982,1719.2,Grocery,2,226.3,1,0,0,255.1,12,Desktop,1
TXN-0000475,CARD-9228,1768.7,Restaurant,8,368.6,1,0,0,388.06,9,Desktop,0
TXN-0000476,CARD-3179,839.35,Travel,12,375.5,0,0,0,90.37,3,ATM,0
TXN-0000477,CARD-2256,238.16,Travel,11,151.4,0,0,0,43.85,5,Desktop,0
TXN-0000478,CARD-8687,2132.16,Travel,4,440.2,1,0,0,40.35,12,Mobile,0
TXN-0000479,CARD-4192,860.33,Grocery,19,366.1,1,0,0,282.09,14,,0
TXN-0000480,CARD-9108,597.04,Restaurant,2,165,1,0,0,137.76,9,POS,0
TXN-0000481,CARD-3592,884.04,Gas,19,324.3,1,0,0,57.87,14,Desktop,0
TXN-0000482,CARD-2122,1100.98,Electronics,15,162.1,0,0,0,362.48,14,Desktop,0
TXN-0000483,CARD-8134,117.45,Grocery,17,337.2,1,0,0,262.55,1,ATM,0
TXN-0000484,CARD-5063,1496.82,Restaurant,1,237,1,0,0,346.25,12,Mobile,0
TXN-0000485,CARD-8831,910.75,Electronics,3,266.5,1,1,0,225.03,10,Desktop,0
TXN-0000486,CARD-2426,1273.08,Entertainment,10,471.5,0,0,0,93.93,12,Desktop,0
TXN-0000487,CARD-1060,1355.83,Entertainment,3,202.4,0,0,0,271.84,11,,0
TXN-0000488,CARD-1286,1387.1,Healthcare,18,56.2,0,1,0,365.78,1,Desktop,0
TXN-0000489,CARD-5246,829.24,Gas,16,166.2,0,0,0,377.96,6,,0
TXN-0000490,CARD-9461,1910.61,Gas,4,475.2,1,0,0,179.06,5,POS,0
TXN-0000491,CARD-4937,399.74,Entertainment,9,357.9,1,0,0,29.59,3,,0
TXN-0000492,CARD-8796,1725.81,Travel,23,440.7,1,0,0,333.92,5,Desktop,0
TXN-0000493,CARD-9194,911.37,Restaurant,0,384.9,1,0,0,221.9,13,ATM,0
TXN-0000494,CARD-8458,1250.87,Grocery,5,316.1,1,0,0,288.8,14,ATM,0
TXN-0000495,CARD-5999,918.64,Gas,5,279.2,1,0,0,67.96,15,Mobile,1
TXN-0000496,CARD-7168,240.73,Electronics,15,126.7,1,0,0,344.8,2,ATM,0
TXN-0000497,CARD-2023,1209.44,Electronics,5,118.3,0,0,0,306.21,14,Mobile,0
TXN-0000498,CARD-5420,2264.49,Healthcare,17,,1,0,0,128.28,13,Mobile,1
TXN-0000499,CARD-2254,1793.09,OnlineRetail,11,51,1,0,0,77.81,11,Desktop,0
TXN-0000500,CARD-4322,832.75,Electronics,23,271.6,1,0,0,134.37,8,Desktop,0
TXN-0000501,CARD-7880,1915.79,Restaurant,12,458.6,1,0,0,148.61,7,Desktop,0
TXN-0000502,CARD-6050,748.82,Entertainment,15,122.1,1,0,0,323.73,6,Mobile,0
TXN-0000503,CARD-2845,1286.05,Grocery,13,71.8,0,0,0,232.93,14,Desktop,0
TXN-0000504,CARD-7981,1767.27,Restaurant,4,267.2,0,0,0,334.25,12,POS,0
TXN-0000505,CARD-6465,563.93,OnlineRetail,13,,1,0,0,147.63,14,ATM,0
TXN-0000506,CARD-9787,2185.95,Grocery,2,133.3,1,1,0,170.78,15,POS,0
TXN-0000507,CARD-4392,1197.74,Restaurant,10,496.6,0,0,0,284.33,7,Mobile,0
TXN-0000508,CARD-6513,1168.29,OnlineRetail,4,216.2,1,0,0,229.18,4,Desktop,0
TXN-0000509,CARD-3522,1573.26,Restaurant,14,147.7,0,0,0,385.43,7,Desktop,0
TXN-0000510,CARD-7755,585.21,Travel,15,391.3,1,0,0,103.37,7,Mobile,0
TXN-0000511,CARD-7222,2254.96,Travel,0,475.1,1,0,0,120.33,14,,0
TXN-0000512,CARD-3239,505.77,Entertainment,9,375.1,0,0,0,186.6,13,ATM,0
TXN-0000513,CARD-8332,2417.19,Grocery,5,474.5,1,0,0,75.54,14,,0
TXN-0000514,CARD-1083,2385.89,Electronics,2,293.3,0,0,0,308.51,10,ATM,0
TXN-0000515,CARD-6580,915.09,OnlineRetail,21,352.8,0,0,0,226.84,1,,0
TXN-0000516,CARD-1921,506.99,Electronics,3,223.1,0,0,0,347.83,7,ATM,0
TXN-0000517,CARD-3625,2211.44,Healthcare,23,272.4,1,0,0,95.16,10,POS,0
TXN-0000518,CARD-7998,318.75,Gas,5,120.8,1,0,0,158.91,7,Mobile,0
TXN-0000519,CARD-6130,688.18,Travel,21,8.7,1,0,0,221.6,10,POS,0
TXN-0000520,CARD-7411,602.77,Gas,5,,0,1,0,260.36,8,POS,0
TXN-0000521,CARD-8028,1787.09,Electronics,7,95.3,1,0,0,312.32,13,Desktop,0
TXN-0000522,CARD-2090,2334.3,Grocery,11,,0,1,0,218.98,12,,0
TXN-0000523,CARD-6146,911.74,OnlineRetail,20,387,1,0,0,277.95,6,,0
TXN-0000524,CARD-1335,1335.45,Restaurant,1,25.3,1,0,0,73.57,7,POS,0
TXN-0000525,CARD-5947,1008.42,Grocery,8,464.3,0,0,0,393.98,13,Desktop,0
TXN-0000526,CARD-9347,2447.15,Restaurant,13,176.8,1,0,0,49.12,2,POS,0
TXN-0000527,CARD-5685,997,OnlineRetail,10,221,1,1,0,360.52,1,ATM,1
TXN-0000528,CARD-5075,481.49,OnlineRetail,22,292.3,1,1,0,91.67,1,,0
TXN-0000529,CARD-6775,1227.4,Gas,22,27.1,1,0,0,88.05,10,,0
TXN-0000530,CARD-9335,300.67,Electronics,11,40.8,0,0,0,23.56,6,Desktop,0
TXN-0000531,CARD-8095,302.76,Healthcare,22,57.8,0,0,0,303.84,15,POS,0
TXN-0000532,CARD-7969,2148.72,Restaurant,5,71.1,1,0,0,234.14,15,ATM,0
TXN-0000533,CARD-3109,2258.31,Grocery,3,136.1,1,0,0,308.48,4,Desktop,0
TXN-0000534,CARD-1194,1440.19,Restaurant,12,56.6,0,0,0,25.55,3,,0
TXN-0000535,CARD-1624,574.24,OnlineRetail,20,374.2,1,0,0,371.26,1,ATM,0
TXN-0000536,CARD-5560,1717.75,Electronics,23,318.7,1,0,0,141.3,5,Desktop,0
TXN-0000537,CARD-2421,371.69,OnlineRetail,16,116.2,0,0,0,249.59,2,,0
TXN-0000538,CARD-5969,1068.5,Electronics,11,306.3,0,0,0,159.2,3,,0
TXN-0000539,CARD-4631,1749.28,Grocery,18,494.3,0,0,0,203.59,5,POS,0
TXN-0000540,CARD-4067,1937.3,Restaurant,2,,0,0,0,112.39,3,POS,0
TXN-0000541,CARD-4427,1889.76,Travel,22,311.6,0,0,0,24.32,10,,0
TXN-0000542,CARD-1965,495.16,Restaurant,13,314.3,1,0,0,201.06,15,Mobile,0
TXN-0000543,CARD-5606,951.6,Electronics,12,388.1,1,0,0,166.34,15,Desktop,0
TXN-0000544,CARD-2691,1119.37,Travel,18,475.7,1,0,0,374.02,3,ATM,0
TXN-0000545,CARD-9385,1999.46,Travel,10,439.9,1,0,0,291.08,7,,0
TXN-0000546,CARD-3881,589.21,Healthcare,16,418.5,1,0,0,64.37,7,,0
TXN-0000547,CARD-9941,1831.78,OnlineRetail,2,458.4,0,0,0,92.02,3,Mobile,0
TXN-0000548,CARD-1455,503.55,Restaurant,8,49.4,1,0,0,26.66,14,POS,0
TXN-0000549,CARD-2224,2455.77,Travel,0,167.7,0,0,0,123.79,14,POS,0
TXN-0000550,CARD-4570,2176.37,Healthcare,5,281.7,1,0,0,92.1,14,Desktop,0
TXN-0000551,CARD-6004,2387.86,Electronics,19,86.9,1,0,0,174.88,5,Mobile,0
TXN-0000552,CARD-8325,1458.13,Healthcare,15,97.3,1,0,0,56.96,11,,0
TXN-0000553,CARD-1268,13.46,Electronics,15,93.5,1,0,0,203.53,11,POS,0
TXN-0000554,CARD-6091,1094.08,Healthcare,23,428.2,1,0,0,292.28,1,Desktop,0
TXN-0000555,CARD-7813,1974.73,Electronics,0,345.8,0,0,0,200.86,1,Mobile,0
TXN-0000556,CARD-8500,447.25,Restaurant,11,365.1,1,0,0,97.95,4,Mobile,0
TXN-0000557,CARD-5099,188.52,OnlineRetail,23,186.2,1,0,0,66.99,3,ATM,0
TXN-0000558,CARD-2265,1294.77,OnlineRetail,13,250.4,1,0,0,380.15,8,POS,0
TXN-0000559,CARD-9149,1392.22,OnlineRetail,11,426.7,0,0,0,299.61,11,Desktop,0
TXN-0000560,CARD-3436,1508.42,Entertainment,12,419.4,1,0,0,140.86,1,POS,0
TXN-0000561,CARD-6749,1955.77,Healthcare,20,123.5,1,0,0,234.57,15,,0
TXN-0000562,CARD-9932,710.15,Travel,15,87.1,0,0,0,26.19,12,,0
TXN-0000563,CARD-6493,2126.78,Gas,19,403.5,1,0,0,235.84,10,Mobile,0
TXN-0000564,CARD-7340,2304.82,Healthcare,20,383.3,0,0,0,123.13,15,Desktop,0
TXN-0000565,CARD-8312,1416.27,Grocery,5,481.2,0,0,0,140.32,14,Mobile,0
TXN-0000566,CARD-4730,2245.18,Travel,5,414.5,0,1,0,399.04,8,Desktop,0
TXN-0000567,CARD-4194,23.71,Travel,21,478.1,0,0,0,297.36,3,Mobile,0
TXN-0000568,CARD-1280,1691.35,Electronics,3,366.5,1,1,0,152.53,15,ATM,0
TXN-0000569,CARD-4834,2264.56,OnlineRetail,19,495.2,0,0,0,309.42,8,Mobile,0
TXN-0000570,CARD-6607,1011.58,Gas,23,409.5,0,1,0,227.35,3,POS,0
TXN-0000571,CARD-7072,548.51,Grocery,23,489.4,1,0,0,35.25,2,Desktop,0
TXN-0000572,CARD-2892,20.61,Healthcare,3,102,1,0,0,260.95,13,,0
TXN-0000573,CARD-1923,802.21,Healthcare,4,291.7,1,0,0,333.47,14,Mobile,0
TXN-0000574,CARD-4061,2149.06,Healthcare,5,110.5,0,0,0,262.02,13,,0
TXN-0000575,CARD-8679,1552,Grocery,10,409.3,1,0,0,172.91,13,Desktop,0
TXN-0000576,CARD-3858,2228.92,Gas,0,244.7,0,0,0,351.7,2,,0
TXN-0000577,CARD-8356,309.21,Grocery,23,423.6,1,0,0,324.83,10,Desktop,0
TXN-0000578,CARD-8686,748.17,Gas,18,380.5,0,0,0,91.05,14,POS,0
TXN-0000579,CARD-1881,1.23,Travel,16,61.2,1,0,0,85.07,8,ATM,0
TXN-0000580,CARD-1392,864.01,OnlineRetail,21,187.4,0,0,0,307.44,14,Desktop,1
TXN-0000581,CARD-7967,176.65,Entertainment,7,390.8,1,0,0,70.42,3,Mobile,0
TXN-0000582,CARD-7096,1322.97,Healthcare,13,444.1,1,0,0,395.14,2,Desktop,0
TXN-0000583,CARD-7999,912.34,Gas,8,232.7,0,0,0,150.11,15,POS,0
TXN-0000584,CARD-8200,453.2,Travel,13,90,1,0,0,235.43,4,POS,0
TXN-0000585,CARD-1479,1160.33,Entertainment,11,,1,0,1,37.41,3,,0
TXN-0000586,CARD-7710,276.98,Travel,1,497.5,1,0,0,201.41,4,,0
TXN-0000587,CARD-4600,77.65,Travel,2,252,1,0,1,392.01,2,Mobile,0
TXN-0000588,CARD-8222,2087.15,Grocery,3,129.2,1,0,0,168.89,1,POS,0
TXN-0000589,CARD-5178,720.63,Entertainment,14,399,0,0,0,157.81,12,ATM,0
TXN-0000590,CARD-9201,2116.9,Entertainment,14,109.5,1,1,0,144.39,4,Desktop,1
TXN-0000591,CARD-7384,491.59,Restaurant,4,263.6,1,0,0,110.44,1,Desktop,0
TXN-0000592,CARD-6384,1417.46,Electronics,0,224.3,1,0,0,220.28,13,,0
TXN-0000593,CARD-7619,477.15,Electronics,20,265.9,0,0,0,119.71,6,ATM,0
TXN-0000594,CARD-1447,1023.84,Electronics,7,,1,0,0,143.37,3,,0
TXN-0000595,CARD-7219,1552.3,Grocery,15,318.6,1,0,0,362.55,12,Desktop,1
TXN-0000596,CARD-6595,740.25,Travel,12,279.6,0,0,0,223.36,9,Desktop,0
TXN-0000597,CARD-9825,2024.93,Grocery,11,408.9,1,0,0,250.09,2,Desktop,0
TXN-0000598,CARD-2362,1491.73,OnlineRetail,11,362.8,1,0,0,309.66,11,POS,0
TXN-0000599,CARD-7611,896.01,Entertainment,2,84.1,1,0,0,386.34,4,Mobile,0
TXN-0000600,CARD-3639,1329.25,Gas,1,137.7,1,0,0,305.4,10,Desktop,0
TXN-0000601,CARD-7349,1034.59,Gas,18,68.7,1,0,0,389.17,14,ATM,0
TXN-0000602,CARD-9597,1160.97,Entertainment,21,,0,0,0,308.12,2,Desktop,0
TXN-0000603,CARD-8339,1222.01,Entertainment,16,271.7,0,0,0,154.89,9,Desktop,0
TXN-0000604,CARD-2370,2445.28,Electronics,22,197.3,1,0,0,280.95,14,ATM,0
TXN-0000605,CARD-4191,2409.25,Entertainment,6,68.8,0,0,0,23.46,10,ATM,0
TXN-0000606,CARD-1994,1247.34,Electronics,5,370.9,1,0,0,270.77,1,POS,0
TXN-0000607,CARD-7699,408.04,Gas,9,55.2,0,0,0,205.08,5,Mobile,0
TXN-0000608,CARD-5656,656.95,Restaurant,0,356,0,0,0,295.67,7,Mobile,0
TXN-0000609,CARD-9625,2189.93,Entertainment,16,174.3,1,0,0,24.52,9,ATM,0
TXN-0000610,CARD-5170,1812.9,Entertainment,7,253.6,1,0,0,148.54,2,Desktop,0
TXN-0000611,CARD-7445,1600.53,Restaurant,18,119,1,0,0,397.51,5,,0
TXN-0000612,CARD-5160,1599.05,Electronics,19,,1,0,0,96.86,11,Desktop,0
TXN-0000613,CARD-6085,558.1,OnlineRetail,3,45,1,0,0,258.42,10,ATM,0
TXN-0000614,CARD-4824,2139.35,Healthcare,15,161.4,0,0,0,179.66,2,POS,0
TXN-0000615,CARD-8381,1287.74,Entertainment,16,138.9,1,0,0,112.25,13,POS,0
TXN-0000616,CARD-7989,286.05,Grocery,2,467.2,1,0,0,212.19,6,,0
TXN-0000617,CARD-2843,1789.02,OnlineRetail,4,450.8,1,0,0,389.66,11,,0
TXN-0000618,CARD-7349,1343.81,Healthcare,22,237.1,0,0,0,396.96,15,ATM,0
TXN-0000619,CARD-4641,2410.58,Entertainment,23,186.6,1,1,0,345.68,3,ATM,1
TXN-0000620,CARD-9555,626.88,Grocery,9,174.4,0,0,0,372.22,1,ATM,0
TXN-0000621,CARD-8934,1291.83,Healthcare,18,56.5,0,0,0,211.96,10,,0
TXN-0000622,CARD-7377,1602.65,Restaurant,22,125.6,1,1,0,108.97,12,Desktop,0
TXN-0000623,CARD-8386,1098.44,Entertainment,1,478.7,0,0,0,83.66,8,Mobile,0
TXN-0000624,CARD-9214,476.69,Gas,17,396.9,1,0,0,313.34,1,POS,0
TXN-0000625,CARD-1976,1744.87,Healthcare,10,329.7,0,0,0,202.89,7,Mobile,0
TXN-0000626,CARD-6733,1679.07,Healthcare,10,201.8,1,0,0,38.33,4,,0
TXN-0000627,CARD-6154,538.19,Electronics,4,459.2,1,0,0,105.82,3,Desktop,0
TXN-0000628,CARD-2370,1654.62,Healthcare,5,104.8,1,0,0,226.34,4,Mobile,0
TXN-0000629,CARD-7032,795.67,Healthcare,12,348.4,1,0,0,361.87,1,Mobile,0
TXN-0000630,CARD-4324,1449.72,OnlineRetail,22,229.3,0,0,0,377.39,9,Mobile,0
TXN-0000631,CARD-4639,2404,Grocery,7,446.7,1,0,0,173.55,12,ATM,0
TXN-0000632,CARD-4419,291.31,Travel,16,466.4,1,1,0,196.12,11,Mobile,0
TXN-0000633,CARD-1715,1669.14,Travel,11,401.4,0,0,0,298.75,8,ATM,0
TXN-0000634,CARD-2356,2101.35,OnlineRetail,6,216.5,1,0,0,361.7,8,ATM,0
TXN-0000635,CARD-5358,2144.63,Travel,20,,1,0,0,20.8,9,Desktop,0
TXN-0000636,CARD-2518,1601.54,Electronics,21,89.5,0,0,0,96.1,1,,0
TXN-0000637,CARD-6950,262.56,Gas,10,68.1,1,0,0,178.69,8,ATM,0
TXN-0000638,CARD-6225,1472.97,Entertainment,22,208,1,0,0,208.82,4,Mobile,0
TXN-0000639,CARD-7885,2049.54,Grocery,9,58,0,0,0,107.32,2,,0
TXN-0000640,CARD-3002,201.56,Gas,18,82,1,0,0,119.29,3,POS,0
TXN-0000641,CARD-9287,2135.36,Gas,19,448,0,0,0,205.2,4,Mobile,0
TXN-0000642,CARD-2918,121.3,Gas,7,244.6,1,0,0,200.2,10,ATM,0
TXN-0000643,CARD-9347,1327.6,Healthcare,18,266.9,0,0,0,219.73,10,ATM,0
TXN-0000644,CARD-3134,1753.14,Electronics,22,219.6,1,0,0,35.89,11,Mobile,1
TXN-0000645,CARD-2606,472.62,Travel,9,66.2,1,0,0,216.88,6,,0
TXN-0000646,CARD-1599,1771.24,Restaurant,19,422.7,1,0,0,276.93,15,POS,0
TXN-0000647,CARD-1133,2338.17,Electronics,22,,1,0,0,265.59,5,Desktop,1
TXN-0000648,CARD-3257,1805.23,Entertainment,23,336.5,1,0,0,126.51,5,Mobile,1
TXN-0000649,CARD-7160,2467.06,Gas,9,343.3,1,0,0,313.23,7,POS,0
TXN-0000650,CARD-8717,848.44,Travel,21,160.7,1,0,0,87.87,9,POS,0
TXN-0000651,CARD-6532,243.73,Travel,13,308.4,0,1,0,39.77,7,,0
TXN-0000652,CARD-9905,1663.7,OnlineRetail,22,164,0,0,0,58.86,7,POS,0
TXN-0000653,CARD-5525,1129.49,Healthcare,21,449,1,0,0,316.3,13,ATM,0
TXN-0000654,CARD-9333,1065.96,Grocery,21,168.3,0,1,0,189.45,3,ATM,0
TXN-0000655,CARD-3043,2144.7,Gas,5,477.4,1,0,0,232.72,5,,1
TXN-0000656,CARD-5632,1698.24,Entertainment,15,199.5,0,0,0,304.17,8,,0
TXN-0000657,CARD-4017,1462.19,Entertainment,3,327.2,0,0,0,224.03,13,Mobile,0
TXN-0000658,CARD-6036,1014.83,OnlineRetail,19,290.8,1,0,0,63.63,5,ATM,0
TXN-0000659,CARD-1049,2088.34,Entertainment,1,15.6,0,0,0,310.83,10,POS,0
TXN-0000660,CARD-6539,1942.59,Travel,16,490.5,0,0,0,87.17,4,POS,0
TXN-0000661,CARD-3562,317,Restaurant,0,271.9,0,0,0,218.94,13,,0
TXN-0000662,CARD-6888,2098.07,Electronics,3,85.1,1,0,0,91.47,14,Desktop,0
TXN-0000663,CARD-8307,1673.41,Grocery,5,295.1,1,0,0,209.76,2,Mobile,0
TXN-0000664,CARD-2702,1446.8,Electronics,15,112.6,0,0,0,364.87,7,,0
TXN-0000665,CARD-7753,1362.51,Entertainment,18,269.1,1,0,0,44.04,11,ATM,0
TXN-0000666,CARD-7207,867.3,Travel,9,92.1,1,0,0,102.56,2,ATM,0
TXN-0000667,CARD-5884,2352.78,Healthcare,15,404,1,0,0,115.72,1,,0
TXN-0000668,CARD-7593,2352.06,Gas,5,293.7,1,0,0,170.11,11,Desktop,0
TXN-0000669,CARD-7108,1538.87,Restaurant,9,242.2,1,0,0,136.53,14,ATM,0
TXN-0000670,CARD-8376,2354.88,Restaurant,20,148.6,0,0,0,384.59,12,,0
TXN-0000671,CARD-5175,2339.9,Grocery,14,271.5,1,0,0,359.02,2,Desktop,0
TXN-0000672,CARD-6537,2143.92,Gas,13,251.7,0,1,0,127.87,12,ATM,0
TXN-0000673,CARD-1782,2274.71,Electronics,4,455.5,1,0,0,271.58,1,Mobile,0
TXN-0000674,CARD-6541,1468.44,Grocery,6,468.3,1,0,0,210.19,6,POS,0
TXN-0000675,CARD-8684,773.27,Electronics,2,207.3,1,0,0,206.65,5,Desktop,0
TXN-0000676,CARD-5634,1981.21,Healthcare,1,395.6,1,0,0,89.12,15,Mobile,0
TXN-0000677,CARD-9245,2273.29,Entertainment,2,172.1,1,0,0,391.7,8,Desktop,0
TXN-0000678,CARD-7605,2.45,OnlineRetail,7,261.3,1,1,0,227.67,15,,0
TXN-0000679,CARD-6427,684.52,Entertainment,16,231.3,1,0,0,89.55,11,Desktop,0
TXN-0000680,CARD-6073,74.26,Healthcare,5,137.9,0,0,0,347.57,9,Mobile,0
TXN-0000681,CARD-9670,1002.15,Healthcare,5,474.9,0,0,0,305.76,15,Desktop,0
TXN-0000682,CARD-4829,1308.66,Electronics,0,220.4,1,0,0,51.19,6,POS,0
TXN-0000683,CARD-9370,1112.54,Gas,4,215.2,0,1,0,290.46,2,Mobile,0
TXN-0000684,CARD-3570,2221.41,Grocery,12,335.8,1,0,0,175.68,4,POS,0
TXN-0000685,CARD-6302,481.86,Healthcare,13,444.9,1,0,0,30.01,10,,0
TXN-0000686,CARD-2901,306.62,Entertainment,9,282.8,0,1,0,20.12,13,ATM,0
TXN-0000687,CARD-9151,1382.41,OnlineRetail,1,427.8,1,0,0,56.47,12,POS,0
TXN-0000688,CARD-8816,1685.6,Healthcare,17,343.8,0,1,0,199.48,1,,0
TXN-0000689,CARD-5757,1620.3,OnlineRetail,12,44.4,1,0,0,100.21,2,Desktop,0
TXN-0000690,CARD-8439,1382.24,Restaurant,19,471,1,0,0,137.96,7,ATM,0
TXN-0000691,CARD-4661,1303.47,Entertainment,12,497.7,1,0,0,111.01,10,Desktop,0
TXN-0000692,CARD-9919,2179.54,Travel,14,368.7,0,0,0,160.33,8,,0
TXN-0000693,CARD-1642,1239.44,Gas,12,474.1,1,0,0,272.49,14,Desktop,0
TXN-0000694,CARD-1326,1310.06,Electronics,6,96.6,1,0,0,315.58,12,Mobile,0
TXN-0000695,CARD-2234,982.21,Electronics,12,356.6,0,0,0,258.9,13,POS,0
TXN-0000696,CARD-8764,2446.49,Entertainment,22,400,0,0,0,90.61,2,,0
TXN-0000697,CARD-6849,1958.45,Healthcare,10,218.5,1,0,0,342.52,8,Desktop,0
TXN-0000698,CARD-6312,1457.75,Gas,6,209,1,0,0,323.96,1,ATM,0
TXN-0000699,CARD-3464,1071.96,Restaurant,18,136.8,1,0,0,140.04,10,Mobile,1
TXN-0000700,CARD-9348,2030.47,Healthcare,6,393.7,0,0,0,352.67,8,Desktop,0
TXN-0000701,CARD-4204,1218.4,Travel,21,135.8,0,1,0,41.36,15,,0
TXN-0000702,CARD-7834,269.59,Entertainment,4,161.5,0,0,0,267.89,3,Desktop,0
TXN-0000703,CARD-7123,1034.8,OnlineRetail,18,56.1,0,0,0,162.53,12,Mobile,1
TXN-0000704,CARD-6906,371.07,Healthcare,23,142.2,1,0,0,170.44,4,ATM,0
TXN-0000705,CARD-2312,1103.32,Electronics,14,6.5,0,0,0,103.72,10,Desktop,0
TXN-0000706,CARD-9008,1354.67,Healthcare,8,474.4,0,0,0,390.86,12,Desktop,0
TXN-0000707,CARD-6034,874.9,Travel,19,216.4,0,0,0,328.24,2,POS,0
TXN-0000708,CARD-1978,1895.08,Travel,9,64.4,1,0,0,138.5,11,Desktop,0
TXN-0000709,CARD-4901,1126.04,OnlineRetail,23,482,0,0,0,131.38,8,Mobile,0
TXN-0000710,CARD-4248,566.43,Grocery,14,325.3,0,0,0,164.83,6,POS,0
TXN-0000711,CARD-2746,1144.47,OnlineRetail,15,487.3,1,0,0,347.59,2,POS,0
TXN-0000712,CARD-2551,2448.78,Gas,5,473.6,0,0,0,132.71,4,POS,1
TXN-0000713,CARD-1657,730.17,Healthcare,1,29.1,1,0,0,131.46,6,,0
TXN-0000714,CARD-7496,1927.52,OnlineRetail,5,462.6,1,0,0,41.77,14,Mobile,0
TXN-0000715,CARD-7236,1265.71,Grocery,2,67.9,1,0,0,61.23,9,Desktop,0
TXN-0000716,CARD-3462,2356.97,Gas,2,43.7,1,0,0,126.21,1,,0
TXN-0000717,CARD-2360,820.27,Travel,23,249.2,1,0,0,31.39,12,ATM,0
TXN-0000718,CARD-5872,1433.84,Electronics,22,366.4,0,0,0,286.56,14,ATM,0
TXN-0000719,CARD-9486,845.86,Electronics,19,367.4,0,0,0,62.17,12,Desktop,0
TXN-0000720,CARD-5902,790.3,Entertainment,15,49.8,1,0,0,80.8,7,ATM,0
TXN-0000721,CARD-9631,2397.82,OnlineRetail,13,179.9,1,0,0,297.46,15,Desktop,0
TXN-0000722,CARD-9606,266.77,Grocery,5,301.3,0,0,0,376.54,12,ATM,0
TXN-0000723,CARD-1878,2077.15,Restaurant,5,259,1,0,0,171.93,14,Mobile,0
TXN-0000724,CARD-8504,1386.85,Entertainment,23,302.3,0,0,0,385.52,12,POS,0
TXN-0000725,CARD-9344,2236.56,OnlineRetail,0,413,1,0,0,75.03,15,Mobile,0
TXN-0000726,CARD-5427,705.18,Grocery,22,404.1,0,0,0,153.45,12,POS,0
TXN-0000727,CARD-7881,466.54,Healthcare,7,425.4,0,0,0,144.4,4,Mobile,0
TXN-0000728,CARD-4008,2022.83,Healthcare,11,426.3,1,0,0,21.46,10,Desktop,1
TXN-0000729,CARD-8887,2498.58,Gas,4,467.9,0,0,0,278.87,14,POS,0
TXN-0000730,CARD-5705,1169.9,Gas,6,495.5,1,0,0,287.5,1,,0
TXN-0000731,CARD-6338,1587.76,Grocery,19,117.8,1,0,0,139.52,5,Desktop,0
TXN-0000732,CARD-2879,2083.38,Grocery,11,420.1,1,0,0,249.53,1,Desktop,0
TXN-0000733,CARD-7571,826.07,Gas,23,304,1,0,0,390.15,3,Mobile,0
TXN-0000734,CARD-3995,1304.23,Entertainment,7,252,0,0,0,333.96,15,Desktop,0
TXN-0000735,CARD-7714,600.92,OnlineRetail,3,444.3,0,0,0,304.5,2,Mobile,0
TXN-0000736,CARD-5136,853.2,Healthcare,11,329.5,0,0,0,375.84,11,ATM,0
TXN-0000737,CARD-1329,1763.56,OnlineRetail,17,170.5,0,0,0,155.99,14,Mobile,0
TXN-0000738,CARD-4239,949.92,Electronics,23,412.5,1,0,0,22.22,13,ATM,0
TXN-0000739,CARD-5135,1672.52,Gas,23,277.9,0,0,0,48.41,13,POS,0
TXN-0000740,CARD-7153,777.2,Travel,1,91.8,0,0,0,99.64,14,POS,0
TXN-0000741,CARD-5271,1230.44,Electronics,16,175.8,1,0,0,320,13,ATM,0
TXN-0000742,CARD-9505,2475.31,Travel,0,229.8,0,0,0,22.37,12,Desktop,0
TXN-0000743,CARD-5433,2066.06,Gas,1,149.4,1,0,0,230.97,4,Desktop,0
TXN-0000744,CARD-1647,2277.99,Electronics,0,80.5,1,0,0,123.88,4,Desktop,0
TXN-0000745,CARD-4991,799.3,Electronics,9,166.2,1,0,0,151.58,4,Desktop,0
TXN-0000746,CARD-1130,1927.74,Grocery,6,196.2,1,0,0,168.2,12,POS,0
TXN-0000747,CARD-5961,2392.13,Electronics,19,414.6,0,0,0,185.19,13,,0
TXN-0000748,CARD-9100,983.14,Electronics,19,90.2,0,0,0,287.34,6,ATM,0
TXN-0000749,CARD-9600,2213.75,Grocery,23,317,0,0,0,225.66,8,Mobile,0
TXN-0000750,CARD-6190,1495.96,Entertainment,15,74,1,0,0,257.42,4,POS,0
TXN-0000751,CARD-6515,1710.95,OnlineRetail,12,44.8,0,0,0,165.63,8,POS,0
TXN-0000752,CARD-9589,2058.93,Restaurant,11,302.4,1,0,0,296.32,15,,1
TXN-0000753,CARD-1180,974.37,Travel,14,369.2,1,0,0,146.23,5,Desktop,0
TXN-0000754,CARD-3654,1018.61,Healthcare,9,400.9,1,0,0,240.83,12,Desktop,1
TXN-0000755,CARD-8036,2012.46,Gas,3,47.5,0,0,0,42.85,1,,0
TXN-0000756,CARD-6253,1143.77,Gas,23,115.3,0,0,0,218.74,9,ATM,0
TXN-0000757,CARD-9888,1009.07,Healthcare,12,,0,0,0,380.32,4,Mobile,0
TXN-0000758,CARD-1557,386.84,Healthcare,19,243.9,1,0,0,108.29,8,POS,0
TXN-0000759,CARD-9076,116.78,OnlineRetail,23,257.3,1,0,0,239.03,3,,0
TXN-0000760,CARD-8603,2177.66,Travel,6,220.2,1,0,0,98.21,9,POS,1
TXN-0000761,CARD-2402,441.25,Grocery,18,88.9,1,0,0,304.34,15,ATM,0
TXN-0000762,CARD-7384,974.14,Restaurant,23,324.6,1,0,0,176.87,2,,0
TXN-0000763,CARD-5043,1998.73,Healthcare,14,310,1,0,0,193.61,4,ATM,0
TXN-0000764,CARD-2574,2111.97,Travel,14,162.3,1,0,0,81.11,8,Desktop,0
TXN-0000765,CARD-6819,821.75,Healthcare,11,277.7,0,0,0,205.91,3,ATM,0
TXN-0000766,CARD-2275,2286.71,Travel,12,381.1,1,0,0,108.16,10,POS,0
TXN-0000767,CARD-4161,1948.23,Entertainment,23,10,1,0,0,378.07,12,,0
TXN-0000768,CARD-9543,1211.92,Gas,6,,0,0,0,281.93,15,Mobile,0
TXN-0000769,CARD-7081,2270.71,Healthcare,19,240.9,0,0,0,72.82,12,,0
TXN-0000770,CARD-9725,1642.5,Entertainment,19,,1,0,0,379.18,10,ATM,0
TXN-0000771,CARD-4864,169.41,Electronics,14,90.7,1,0,0,158.54,14,,0
TXN-0000772,CARD-2067,204.12,Grocery,18,309.3,0,0,0,231.12,13,,0
TXN-0000773,CARD-5152,1742.28,Healthcare,15,407.6,1,0,0,249.54,2,Mobile,0
TXN-0000774,CARD-9974,1769.81,OnlineRetail,19,5.8,0,0,0,287.65,12,Mobile,0
TXN-0000775,CARD-9217,1275.16,Entertainment,11,,0,0,0,116.01,13,Mobile,1
TXN-0000776,CARD-7934,499.5,OnlineRetail,19,490.3,1,0,0,397.13,7,ATM,0
TXN-0000777,CARD-6051,2312.16,Electronics,9,452.2,0,0,0,374.44,6,Desktop,0
TXN-0000778,CARD-4971,1806.21,Entertainment,18,,1,1,0,98.37,3,Mobile,0
TXN-0000779,CARD-2504,2024.76,Entertainment,0,118.7,1,0,0,203.88,7,ATM,0
TXN-0000780,CARD-2128,1584,Travel,9,294.6,1,0,0,167.1,9,POS,1
TXN-0000781,CARD-7287,665,Gas,3,68.7,1,0,0,339.71,8,ATM,0
TXN-0000782,CARD-7848,1796.47,Entertainment,16,431,1,1,0,148.34,7,Desktop,0
TXN-0000783,CARD-4170,831.17,Grocery,3,181.7,1,0,0,282.58,9,POS,0
TXN-0000784,CARD-9360,2125.21,Entertainment,22,,1,0,0,49.93,1,ATM,0
TXN-0000785,CARD-4001,1911.66,Restaurant,0,20.1,1,0,0,131.36,14,POS,0
TXN-0000786,CARD-9609,2448.8,Gas,14,85.2,0,0,0,57.79,5,Mobile,0
TXN-0000787,CARD-5786,1697.74,Entertainment,11,,1,0,0,278.52,6,Desktop,0
TXN-0000788,CARD-2776,1005.06,OnlineRetail,14,,1,0,0,241.27,12,Desktop,1
TXN-0000789,CARD-7646,1194.17,OnlineRetail,13,207.9,1,0,0,301.39,11,Mobile,0
TXN-0000790,CARD-3185,2282.4,Grocery,14,61.4,0,0,0,82.88,7,Mobile,0
TXN-0000791,CARD-6120,1447.25,Healthcare,3,,0,0,0,306.77,15,POS,0
TXN-0000792,CARD-3802,635.74,Grocery,1,456.7,1,0,0,249.34,7,ATM,0
TXN-0000793,CARD-3875,495.05,Entertainment,16,17.9,0,0,0,286.72,10,,0
TXN-0000794,CARD-3104,2083.52,Travel,13,197.6,1,0,0,230.7,5,ATM,1
TXN-0000795,CARD-1720,1498.48,Travel,11,158.3,1,0,0,394.79,15,,0
TXN-0000796,CARD-7570,407.59,OnlineRetail,7,243.5,1,0,0,332.36,4,Desktop,0
TXN-0000797,CARD-4184,1107.92,Healthcare,9,76,1,0,0,60.57,1,,0
TXN-0000798,CARD-7702,1578.67,Grocery,23,62.7,1,0,0,97.86,12,ATM,0
TXN-0000799,CARD-6062,1476.03,Entertainment,12,459.6,1,0,0,193,4,ATM,0
TXN-0000800,CARD-5499,1876.06,Travel,13,254.1,0,0,0,117.02,1,Desktop,0
TXN-0000801,CARD-1785,257.73,Restaurant,21,393.9,1,0,0,249.22,6,ATM,0
TXN-0000802,CARD-6224,471.12,Grocery,4,260.1,1,0,0,161.13,11,Mobile,0
TXN-0000803,CARD-7446,2397.44,Restaurant,4,,1,0,0,332.63,4,POS,0
TXN-0000804,CARD-4317,2199.79,Travel,7,486,0,0,0,285.01,1,POS,0
TXN-0000805,CARD-7092,1150.58,Grocery,20,282.7,1,0,0,218.07,4,,0
TXN-0000806,CARD-4578,1847.29,Electronics,6,396.3,1,0,0,159.48,4,Desktop,0
TXN-0000807,CARD-9981,1060.54,Restaurant,0,248.3,1,0,0,104.61,6,,0
TXN-0000808,CARD-1874,1994.1,Restaurant,19,302,0,0,0,289.45,3,POS,0
TXN-0000809,CARD-5130,1117.38,Grocery,16,114.2,0,0,0,100.97,12,ATM,0
TXN-0000810,CARD-5955,2337.45,Restaurant,1,150.6,1,0,0,216.91,5,ATM,0
TXN-0000811,CARD-6332,962.97,Healthcare,2,100.2,1,0,0,140.35,4,Desktop,0
TXN-0000812,CARD-4516,2213.4,Gas,4,373.5,1,0,0,348.4,15,Mobile,0
TXN-0000813,CARD-9612,919.4,Entertainment,5,166.9,1,0,0,399.95,10,Desktop,0
TXN-0000814,CARD-9493,792.18,Entertainment,14,493.5,0,0,0,145.42,14,Mobile,0
TXN-0000815,CARD-6484,252.74,Entertainment,20,423.3,0,0,0,351.41,12,ATM,1
TXN-0000816,CARD-6254,1903.89,Restaurant,3,448.4,1,0,0,283.27,9,POS,0
TXN-0000817,CARD-5951,1161.76,Entertainment,22,390.5,0,0,0,381.55,13,,0
TXN-0000818,CARD-3767,2395.31,Healthcare,20,423.4,1,0,0,272.33,2,Mobile,0
TXN-0000819,CARD-3366,1713.26,OnlineRetail,13,328.4,1,0,0,387.12,10,Desktop,0
TXN-0000820,CARD-5060,276.52,OnlineRetail,16,366.4,1,0,0,168.43,4,POS,0
TXN-0000821,CARD-1180,1148.77,Electronics,8,246.3,0,0,0,357.52,4,Desktop,0
TXN-0000822,CARD-9006,1026.35,Gas,14,452,1,0,1,242.06,2,POS,0
TXN-0000823,CARD-9721,2267.7,Electronics,0,448.2,0,0,0,77.29,4,,0
TXN-0000824,CARD-3919,295.78,Travel,23,15.1,0,0,0,204.45,1,Desktop,0
TXN-0000825,CARD-7904,1019.79,Electronics,11,,1,0,0,187.66,8,POS,0
TXN-0000826,CARD-9492,1270.39,Healthcare,8,324,0,0,0,158.97,14,POS,0
TXN-0000827,CARD-1233,644.57,Electronics,22,66.4,1,0,0,121.45,6,,0
TXN-0000828,CARD-1655,680.41,Healthcare,22,9.9,1,1,0,293.04,1,Mobile,0
TXN-0000829,CARD-2204,991.19,OnlineRetail,9,84,1,0,0,161.77,7,POS,0
TXN-0000830,CARD-1395,300.24,Gas,16,217.6,1,0,0,373.07,9,POS,0
TXN-0000831,CARD-3216,2210,OnlineRetail,10,153.6,1,0,0,152.7,4,,0
TXN-0000832,CARD-9640,539.72,Travel,17,296.2,1,0,0,255.8,1,,0
TXN-0000833,CARD-5044,1702.1,Healthcare,18,182,1,0,0,312.66,12,Mobile,1
TXN-0000834,CARD-4301,2011.09,Grocery,13,281,1,0,0,256.46,3,,0
TXN-0000835,CARD-5229,2166.3,Entertainment,7,83.1,1,0,0,88.79,2,ATM,0
TXN-0000836,CARD-3565,684.71,Gas,21,361.5,0,0,0,117.07,4,Mobile,0
TXN-0000837,CARD-9796,416.1,Gas,7,119.6,1,0,0,51.92,8,Mobile,0
TXN-0000838,CARD-3993,275.76,Entertainment,4,23.5,1,0,0,123.27,9,,0
TXN-0000839,CARD-8902,1351.3,Healthcare,3,237.9,1,1,0,349,15,,0
TXN-0000840,CARD-7161,585.28,Entertainment,12,80.9,1,0,0,368.97,11,Mobile,1
TXN-0000841,CARD-9148,270.18,Restaurant,23,302.8,1,0,0,339.31,4,Desktop,0
TXN-0000842,CARD-4772,645.38,Healthcare,13,44.9,1,0,0,321.49,13,POS,0
TXN-0000843,CARD-5348,1645.28,Electronics,16,,0,1,0,211.84,12,Desktop,0
TXN-0000844,CARD-3794,1753.08,Gas,16,28.6,0,0,0,34.59,6,ATM,0
TXN-0000845,CARD-9729,1749.32,Grocery,3,117.2,1,0,0,203.66,11,Mobile,0
TXN-0000846,CARD-5674,1923.33,Restaurant,16,446.3,0,0,0,38.37,7,Desktop,0
TXN-0000847,CARD-2507,108.87,Grocery,16,106.9,1,0,0,213.68,14,POS,0
TXN-0000848,CARD-2801,1758.37,Restaurant,14,364.4,0,0,0,308.83,8,Mobile,0
TXN-0000849,CARD-5509,1449.22,Healthcare,13,112.1,0,0,0,333.97,11,POS,0
TXN-0000850,CARD-4320,2100.26,Travel,15,51.7,1,0,0,52.56,5,Desktop,0
TXN-0000851,CARD-5452,476.88,Travel,23,26.5,0,1,0,235.44,7,Mobile,0
TXN-0000852,CARD-2361,1893.21,OnlineRetail,9,445.6,0,0,0,367.32,14,Mobile,0
TXN-0000853,CARD-1384,1435.53,Gas,19,226.9,1,0,0,84.76,9,,0
TXN-0000854,CARD-2187,2165.09,Electronics,19,132.5,1,0,1,116.2,6,POS,0
TXN-0000855,CARD-9754,2175.06,Restaurant,11,,1,0,0,250.84,5,ATM,0
TXN-0000856,CARD-6130,930.18,Electronics,4,,1,0,0,176.89,5,,0
TXN-0000857,CARD-5306,144.63,Entertainment,18,324.8,1,0,0,353.68,4,Desktop,0
TXN-0000858,CARD-7144,1121.48,Grocery,7,171.5,1,0,0,175.66,5,Desktop,0
TXN-0000859,CARD-1251,1559.73,Grocery,23,357.3,1,0,0,391.59,3,Mobile,0
TXN-0000860,CARD-4070,2082.42,Electronics,8,,1,1,0,145.66,1,POS,0
TXN-0000861,CARD-7131,1353.11,Healthcare,23,203,1,0,0,130.59,8,Mobile,0
TXN-0000862,CARD-7510,1473.78,Entertainment,18,430.2,1,0,0,112.14,15,ATM,0
TXN-0000863,CARD-8525,1208.03,Healthcare,11,166.4,1,0,0,274.29,2,Mobile,0
TXN-0000864,CARD-4356,2151.12,Electronics,18,258.7,1,0,0,208.04,10,Mobile,0
TXN-0000865,CARD-2445,394.16,Travel,7,165.1,0,0,0,347.84,8,Mobile,0
TXN-0000866,CARD-1084,84.21,Gas,14,340.2,0,0,0,56.22,13,POS,0
TXN-0000867,CARD-1258,289.11,Grocery,17,418.5,1,0,0,74.89,4,Mobile,0
TXN-0000868,CARD-9661,1405.51,Travel,10,272.5,0,0,0,131.4,2,POS,0
TXN-0000869,CARD-6440,316.67,Entertainment,2,,1,0,0,96.54,2,ATM,0
TXN-0000870,CARD-4781,1639.86,Gas,18,367.9,0,0,0,349.21,12,,0
TXN-0000871,CARD-8916,2158.53,Entertainment,17,140.8,1,0,0,337.01,14,POS,0
TXN-0000872,CARD-3148,1324.12,Travel,6,473.3,0,0,0,363.55,6,Desktop,0
TXN-0000873,CARD-1100,1192.3,Electronics,7,326.8,0,0,0,125.68,5,POS,0
TXN-0000874,CARD-7643,1874.66,Restaurant,14,8.3,1,0,0,370.52,6,Mobile,0
TXN-0000875,CARD-7812,905.5,Grocery,20,90.2,0,0,0,340.64,15,,0
TXN-0000876,CARD-7708,798.65,OnlineRetail,16,442.4,0,0,0,158.85,12,ATM,0
TXN-0000877,CARD-2818,656.19,Entertainment,3,495.9,1,0,0,367.49,10,POS,0
TXN-0000878,CARD-7676,1623.42,Gas,7,106.3,1,0,0,168.19,7,Desktop,0
TXN-0000879,CARD-4953,505.64,Restaurant,7,406.4,1,0,0,202.82,14,POS,0
TXN-0000880,CARD-3093,780.33,OnlineRetail,3,89.5,1,0,0,267.09,6,Mobile,0
TXN-0000881,CARD-4843,287.67,OnlineRetail,22,389.4,1,0,0,262.86,5,POS,0
TXN-0000882,CARD-8656,1286.68,OnlineRetail,0,96.5,0,0,0,350.58,10,Desktop,0
TXN-0000883,CARD-8470,2009.16,Grocery,12,18.9,1,0,0,218.2,14,Desktop,0
TXN-0000884,CARD-6821,1531.96,Travel,8,430.1,0,1,0,205.04,4,Desktop,0
TXN-0000885,CARD-9742,515.51,Grocery,6,380.2,0,1,0,40.54,13,ATM,0
TXN-0000886,CARD-9026,1090.31,OnlineRetail,20,371,1,0,0,257.12,10,POS,0
TXN-0000887,CARD-3129,1256.06,Gas,0,335,0,0,0,133.91,13,,0
TXN-0000888,CARD-6213,1140.94,Gas,4,77.9,1,0,0,151.71,7,Mobile,0
TXN-0000889,CARD-2473,1595.77,Entertainment,11,427.8,1,0,0,366.48,1,Desktop,0
TXN-0000890,CARD-4483,271.06,Entertainment,18,475.7,0,0,0,186.71,3,,0
TXN-0000891,CARD-5320,171.75,Restaurant,22,170.7,0,0,0,126.66,2,,0
TXN-0000892,CARD-1698,1830.29,Restaurant,16,175.5,0,0,0,61.06,3,Mobile,0
TXN-0000893,CARD-3991,55.3,Gas,19,141.9,1,0,0,285.77,1,,0
TXN-0000894,CARD-2036,1343.07,OnlineRetail,0,71.4,1,0,0,276.11,15,Mobile,0
TXN-0000895,CARD-9840,160.86,Gas,16,26.9,1,0,0,301.9,1,Mobile,0
TXN-0000896,CARD-6650,317.86,Restaurant,15,178.7,1,0,0,236.05,8,Mobile,0
TXN-0000897,CARD-1729,1230.31,Entertainment,13,377.2,1,0,0,358.39,2,Mobile,0
TXN-0000898,CARD-1949,2341.67,Gas,6,239.7,1,0,0,291.37,8,POS,1
TXN-0000899,CARD-2962,329.18,Electronics,14,405.3,1,0,0,44.75,11,ATM,0
TXN-0000900,CARD-7420,1133.19,Grocery,17,112.2,0,0,0,273.73,6,Mobile,0
TXN-0000901,CARD-9424,1923.85,OnlineRetail,2,159.6,1,0,0,333.49,7,POS,0
TXN-0000902,CARD-7440,2283.9,OnlineRetail,17,134.8,1,0,0,154.72,2,ATM,0
TXN-0000903,CARD-6864,159.03,Travel,3,,1,0,0,55.15,8,POS,0
TXN-0000904,CARD-2654,775.86,Restaurant,2,442.1,1,0,0,324.49,8,Mobile,0
TXN-0000905,CARD-6437,568.99,OnlineRetail,5,198.8,1,0,0,221.36,13,Desktop,0
TXN-0000906,CARD-1463,589.86,Travel,12,366.3,0,0,0,387.52,12,,0
TXN-0000907,CARD-2056,2087.61,Travel,9,197.3,1,0,0,276.97,12,Desktop,0
TXN-0000908,CARD-8986,1602.65,Travel,0,473.8,1,0,0,357.44,9,,0
TXN-0000909,CARD-4609,130.87,Healthcare,15,288.3,0,0,0,184.52,7,Mobile,0
TXN-0000910,CARD-7172,989.29,Electronics,21,384.5,1,0,0,241.91,12,Desktop,0
TXN-0000911,CARD-7121,1520.91,Gas,8,,1,0,0,176.09,15,Mobile,0
TXN-0000912,CARD-7268,1753.27,OnlineRetail,5,428.9,1,0,0,37.05,12,,0
TXN-0000913,CARD-2681,2164.33,Healthcare,19,117.8,0,0,0,171.1,5,,0
TXN-0000914,CARD-1709,588.01,Healthcare,11,284.8,1,0,0,137.35,14,Desktop,0
TXN-0000915,CARD-2323,2361.2,Healthcare,20,105.7,1,0,0,307.83,7,,0
TXN-0000916,CARD-4414,2482.69,OnlineRetail,15,316.2,1,0,0,67.24,12,Mobile,0
TXN-0000917,CARD-8239,431.06,Travel,13,83.8,1,0,0,147.79,7,Mobile,0
TXN-0000918,CARD-5481,2221.92,Gas,7,300,1,0,0,382.77,4,Desktop,0
TXN-0000919,CARD-6339,25.46,Electronics,3,197.3,1,0,0,118.69,1,,0
TXN-0000920,CARD-5591,1487.84,Healthcare,10,290.5,0,0,0,350.69,12,,0
TXN-0000921,CARD-8721,1757.23,Gas,4,444.3,1,0,0,317.87,6,Mobile,0
TXN-0000922,CARD-5789,2318.53,OnlineRetail,4,12.6,1,0,0,40.94,2,Mobile,0
TXN-0000923,CARD-4279,2057.89,Grocery,18,123.6,0,0,0,99.18,10,Desktop,0
TXN-0000924,CARD-5857,1978.78,OnlineRetail,21,409.2,1,0,0,70.78,9,ATM,0
TXN-0000925,CARD-2040,1793.1,Travel,20,421.3,1,0,0,56.92,15,Desktop,1
TXN-0000926,CARD-9522,1687.22,Travel,19,444.5,1,0,0,170.72,4,ATM,0
TXN-0000927,CARD-8045,741.6,Healthcare,6,32.9,1,0,0,245.22,4,Desktop,0
TXN-0000928,CARD-5828,1554.69,Electronics,6,18.4,1,1,0,358.12,3,,0
TXN-0000929,CARD-1433,1574.85,Grocery,17,496.6,0,0,0,94.52,12,POS,0
TXN-0000930,CARD-1403,988.29,Healthcare,7,137.2,0,0,0,230.88,10,Desktop,0
TXN-0000931,CARD-9944,1062.6,Grocery,0,116,0,0,0,317.04,1,Desktop,0
TXN-0000932,CARD-8193,972.93,Travel,12,499.9,0,0,0,254.51,5,POS,0
TXN-0000933,CARD-1904,484.03,Restaurant,17,341.9,1,0,0,84.47,8,POS,0
TXN-0000934,CARD-5424,2032.21,Gas,9,240.6,1,0,0,272.68,2,POS,0
TXN-0000935,CARD-8338,1157.62,Restaurant,13,290.2,1,0,0,149.62,9,,0
TXN-0000936,CARD-1051,2129.6,Restaurant,13,,1,0,0,147.51,6,Mobile,0
TXN-0000937,CARD-8794,1375.3,Restaurant,5,,0,0,0,102.28,3,Mobile,0
TXN-0000938,CARD-7036,2499.16,Gas,17,294.3,0,1,0,165.04,11,,0
TXN-0000939,CARD-8720,1082.73,Healthcare,17,257.4,0,0,0,230.9,12,ATM,0
TXN-0000940,CARD-2036,2106.59,Gas,17,84.2,0,0,0,48.66,4,,1
TXN-0000941,CARD-3179,1883.64,Healthcare,17,288.9,0,0,0,292.48,1,POS,0
TXN-0000942,CARD-4825,388.78,Entertainment,21,55.3,1,1,0,229.13,7,Desktop,0
TXN-0000943,CARD-4186,1267.25,OnlineRetail,10,389.8,0,0,0,341.84,2,,0
TXN-0000944,CARD-5501,84.15,Entertainment,4,304,0,0,0,128.45,5,Desktop,0
TXN-0000945,CARD-7350,809.74,Grocery,19,313.3,0,0,0,236.06,4,POS,0
TXN-0000946,CARD-6811,2000.41,Restaurant,21,350.7,1,0,0,43.36,11,ATM,1
TXN-0000947,CARD-3248,614.2,Restaurant,23,296.6,0,0,0,186.41,2,,0
TXN-0000948,CARD-7608,1714.66,Entertainment,12,331.4,0,0,0,94.48,11,,0
TXN-0000949,CARD-5286,1320.05,OnlineRetail,18,9.7,0,0,0,109.51,7,ATM,0
TXN-0000950,CARD-3395,297.38,Travel,18,102.1,1,0,0,78.63,14,Mobile,0
TXN-0000951,CARD-8635,1211.45,OnlineRetail,20,226.5,1,0,0,215.81,10,,0
TXN-0000952,CARD-8146,1395.61,Grocery,8,23.9,1,0,0,379.34,4,POS,0
TXN-0000953,CARD-1320,1349.06,OnlineRetail,13,182.1,1,1,0,288.99,2,Mobile,0
TXN-0000954,CARD-2213,2258.88,Grocery,12,4.2,1,0,0,359.62,8,Mobile,0
TXN-0000955,CARD-6416,919.32,Grocery,13,150,0,0,0,92.92,4,,0
TXN-0000956,CARD-8758,473.32,Restaurant,9,415.1,1,1,0,263.46,5,Mobile,0
TXN-0000957,CARD-3549,592.48,Grocery,12,394.7,0,1,0,399.12,7,Desktop,0
TXN-0000958,CARD-6014,1961.75,Electronics,2,321.3,1,1,0,135.03,6,ATM,1
TXN-0000959,CARD-4422,465.63,Travel,14,364.5,0,0,0,353.54,13,ATM,0
TXN-0000960,CARD-1708,65.54,Gas,13,367.4,1,0,0,233.91,4,Mobile,0
TXN-0000961,CARD-1402,2164.81,Grocery,16,73.9,0,0,0,58.39,7,Mobile,0
TXN-0000962,CARD-9587,1664.6,Gas,22,463.8,0,0,0,238.6,6,POS,0
TXN-0000963,CARD-5025,1393.99,Travel,12,82.3,1,0,0,252.29,15,,0
TXN-0000964,CARD-3361,1789.35,Grocery,12,127,1,0,0,247.87,9,Mobile,0
TXN-0000965,CARD-2357,2262.5,Healthcare,16,102.7,1,0,0,287.74,4,POS,0
TXN-0000966,CARD-2324,2423.14,OnlineRetail,22,333.5,0,1,0,256.15,8,ATM,0
TXN-0000967,CARD-3353,2121.78,Electronics,10,123.5,1,0,0,43.6,8,,0
TXN-0000968,CARD-4324,2298.77,Entertainment,14,300.4,1,1,0,310.73,6,,0
TXN-0000969,CARD-7828,770,OnlineRetail,13,362.2,0,0,0,323.03,8,Desktop,0
TXN-0000970,CARD-7638,2027.49,Electronics,13,499.6,0,0,0,297.09,14,,0
TXN-0000971,CARD-8379,916.75,Healthcare,4,427,0,0,0,305.8,10,Desktop,0
TXN-0000972,CARD-2271,772.72,Entertainment,22,277.4,1,0,0,20.75,8,Mobile,0
TXN-0000973,CARD-9496,1256.62,Healthcare,12,468,0,0,0,187.92,15,Desktop,0
TXN-0000974,CARD-9979,1692.11,Restaurant,7,184.2,0,0,0,314.05,10,ATM,0
TXN-0000975,CARD-1934,2178.69,Healthcare,0,256.4,1,0,0,189.31,11,Desktop,0
TXN-0000976,CARD-4188,1491.27,Entertainment,1,400.2,0,0,0,21.86,12,ATM,0
TXN-0000977,CARD-2726,836.19,Gas,6,29.4,0,1,0,198.06,2,,0
TXN-0000978,CARD-5280,100.03,OnlineRetail,4,233.8,0,0,0,321.62,13,,0
TXN-0000979,CARD-5369,817.64,Restaurant,5,371.6,1,1,0,396.21,15,,0
TXN-0000980,CARD-8779,1270.55,Grocery,17,95,1,0,0,238.89,12,ATM,0
TXN-0000981,CARD-1830,2203.02,OnlineRetail,16,427.9,1,0,0,143.23,13,Mobile,0
TXN-0000982,CARD-9823,307.48,Grocery,5,8.5,1,0,0,302.74,14,Mobile,0
TXN-0000983,CARD-3057,345.65,Electronics,10,261.2,1,0,0,280.2,4,ATM,0
TXN-0000984,CARD-9174,1168.83,Entertainment,12,140.5,0,0,0,294.58,14,Mobile,0
TXN-0000985,CARD-4571,756.02,Electronics,4,430.5,0,0,0,164.46,14,ATM,0
TXN-0000986,CARD-1034,2130.75,Electronics,22,23.3,1,0,0,376.7,14,ATM,0
TXN-0000987,CARD-4995,1917.87,Travel,21,498.1,0,0,0,106.21,13,Desktop,0
TXN-0000988,CARD-8170,305.15,Entertainment,10,492.9,0,0,0,62.67,10,ATM,0
TXN-0000989,CARD-6244,840.32,Restaurant,22,357.1,0,0,0,94.31,3,ATM,0
TXN-0000990,CARD-6572,747.93,Electronics,7,456.4,1,0,0,278.73,14,POS,0
TXN-0000991,CARD-1494,652.24,OnlineRetail,9,292.3,0,0,0,381.35,15,,0
TXN-0000992,CARD-6887,155.12,Grocery,8,186.2,1,0,0,221.13,10,ATM,0
TXN-0000993,CARD-5732,1700.29,Gas,22,138.3,1,0,0,93.19,15,POS,0
TXN-0000994,CARD-2998,2369.06,OnlineRetail,23,82.8,0,0,0,261.6,1,,0
TXN-0000995,CARD-4539,792.57,Entertainment,6,,0,0,0,384.68,8,ATM,0
TXN-0000996,CARD-1408,1880.93,Restaurant,0,128.8,1,0,0,187.96,14,ATM,0
TXN-0000997,CARD-7599,1961.01,Healthcare,18,228.2,1,0,0,48.37,13,,0
TXN-0000998,CARD-7084,1251.95,OnlineRetail,2,,1,0,0,188.26,1,ATM,0
TXN-0000999,CARD-5722,2110.29,Travel,16,275.4,1,0,0,107.14,1,Mobile,0
TXN-0001000,CARD-4145,803.21,Gas,6,22.9,1,0,0,234.47,2,Mobile,0