ContactId,Age,IncomeBracket,EmailEngagementRate,WebsiteVisits30d,PurchasesLastYear,CartAbandonmentRate,PreferredCategory,SubscribedToNewsletter,Region
CON-000001,46,30-60k,0.07,11,24,0.4,Food,0,Canada
CON-000002,69,100-150k,0.08,20,10,0.78,Home,0,US-West
CON-000003,51,30-60k,0.427,42,12,0.43,Food,0,Canada
CON-000004,46,<30k,0.371,13,7,0.7,Home,0,US-West
CON-000005,25,60-100k,0.023,42,10,0.1,Sports,1,UK
CON-000006,33,30-60k,0.058,6,1,0.27,Fashion,0,Canada
CON-000007,39,100-150k,0.133,13,5,0.72,Electronics,1,UK
CON-000008,19,<30k,0.09,8,16,0.38,Food,0,US-East
CON-000009,58,60-100k,0.003,7,11,0.55,Food,1,US-East
CON-000010,32,100-150k,0.242,19,14,0.4,Fashion,1,UK
CON-000011,64,100-150k,0.085,55,22,0.34,Food,1,Canada
CON-000012,29,100-150k,0.466,19,2,0.27,Food,0,US-West
CON-000013,21,60-100k,0.272,21,10,0.54,Food,0,Canada
CON-000014,42,150k+,0.415,55,24,0.41,Electronics,0,UK
CON-000015,64,150k+,0.056,17,16,0.59,Fashion,1,US-West
CON-000016,37,30-60k,0.253,50,23,0.13,Fashion,0,Canada
CON-000017,28,30-60k,0.216,29,13,0.23,Beauty,0,US-East
CON-000018,65,<30k,0.44,55,7,0.66,Beauty,1,US-Central
CON-000019,40,150k+,0.31,46,2,0.12,Sports,1,US-West
CON-000020,63,100-150k,0.474,59,1,0.22,Beauty,1,US-East
CON-000021,59,30-60k,0.225,30,6,0.32,Beauty,1,Canada
CON-000022,59,150k+,0.264,53,16,0.65,Home,1,US-Central
CON-000023,42,<30k,0.493,38,24,0.33,Food,0,UK
CON-000024,51,30-60k,0.161,45,5,0.24,Food,1,US-Central
CON-000025,19,100-150k,0.239,59,2,0.27,Food,1,UK
CON-000026,31,30-60k,0.267,23,9,0.46,Food,1,Canada
CON-000027,25,100-150k,0.2,42,9,0.24,Beauty,0,UK
CON-000028,51,100-150k,0.341,34,12,0.01,Home,1,US-East
CON-000029,21,150k+,0.253,32,3,0.8,Sports,1,US-Central
CON-000030,38,100-150k,0.24,46,14,0.51,Fashion,0,US-West
CON-000031,38,60-100k,0.163,25,0,0.51,Electronics,0,US-Central
CON-000032,49,<30k,0.457,1,16,0.56,Fashion,0,Canada
CON-000033,64,30-60k,0.029,3,6,0.73,Home,1,US-West
CON-000034,31,30-60k,0.338,41,2,0.52,Home,0,US-West
CON-000035,37,100-150k,0.208,44,24,0.17,Home,0,US-West
CON-000036,18,60-100k,0.433,46,24,0.52,Fashion,1,US-Central
CON-000037,22,150k+,0.427,31,2,0.66,Sports,1,UK
CON-000038,68,<30k,0.264,26,20,0.14,Electronics,1,US-Central
CON-000039,69,60-100k,0.424,47,5,0.12,Beauty,1,Canada
CON-000040,55,100-150k,0.418,2,14,0.06,Food,1,UK
CON-000041,35,<30k,0.068,30,10,0.32,Sports,0,US-East
CON-000042,36,30-60k,0.073,2,11,0.01,Beauty,0,US-Central
CON-000043,60,30-60k,0.015,53,15,0.37,Electronics,1,US-West
CON-000044,22,150k+,0.475,58,24,0.2,Food,1,Canada
CON-000045,58,30-60k,0.032,40,14,0.56,Fashion,0,US-West
CON-000046,43,100-150k,0.121,42,9,0.02,Home,0,US-West
CON-000047,62,100-150k,0.474,19,4,0.3,Electronics,0,US-West
CON-000048,49,150k+,0.094,42,23,0.36,Sports,1,US-West
CON-000049,59,30-60k,0.002,9,17,0.1,Sports,0,Canada
CON-000050,58,60-100k,0.072,15,10,0.66,Sports,0,US-West
CON-000051,46,100-150k,0.078,51,2,0.57,Food,1,Canada
CON-000052,32,100-150k,0.492,33,23,0.64,Beauty,0,US-Central
CON-000053,26,60-100k,0.161,40,4,0.39,Fashion,0,US-Central
CON-000054,61,150k+,0.025,21,5,0.65,Home,1,Canada
CON-000055,25,<30k,0.149,47,17,0.19,Electronics,1,US-East
CON-000056,70,<30k,0.001,15,1,0.77,Fashion,0,UK
CON-000057,37,60-100k,0.269,14,7,0.21,Fashion,0,US-East
CON-000058,52,150k+,0.357,30,4,0.63,Electronics,0,US-East
CON-000059,32,60-100k,0.457,38,1,0.26,Sports,1,UK
CON-000060,32,60-100k,0.446,25,6,0.47,Food,0,US-West
CON-000061,52,30-60k,0.343,21,11,0.19,Food,1,US-West
CON-000062,42,100-150k,0.222,55,19,0.62,Sports,1,US-Central
CON-000063,50,30-60k,0.302,33,11,0.28,Electronics,1,Canada
CON-000064,35,30-60k,0.289,60,11,0.34,Beauty,0,US-West
CON-000065,38,<30k,0.059,41,8,0.42,Food,1,US-East
CON-000066,54,150k+,0.078,10,9,0.21,Beauty,0,Canada
CON-000067,54,60-100k,0.357,49,4,0.67,Food,0,US-East
CON-000068,49,150k+,0.362,35,16,0.13,Fashion,1,US-West
CON-000069,27,<30k,0.134,13,11,0.35,Sports,1,US-Central
CON-000070,58,30-60k,0.477,12,21,0.23,Home,1,US-East
CON-000071,19,150k+,0.038,36,20,0.31,Home,1,US-Central
CON-000072,45,<30k,0.126,30,14,0.46,Electronics,1,Canada
CON-000073,33,30-60k,0.164,2,24,0.28,Fashion,0,US-West
CON-000074,36,60-100k,0.152,29,24,0.13,Beauty,1,US-Central
CON-000075,26,<30k,0.327,34,24,0.04,Sports,0,UK
CON-000076,46,30-60k,0.309,1,2,0.35,Home,0,UK
CON-000077,33,150k+,0.11,17,6,0.12,Food,1,Canada
CON-000078,64,150k+,0.367,47,24,0.41,Food,1,UK
CON-000079,48,150k+,0.372,2,20,0.28,Fashion,1,US-East
CON-000080,24,60-100k,0.367,38,13,0.4,Sports,1,US-Central
CON-000081,61,30-60k,0.283,33,11,0.2,Sports,1,US-West
CON-000082,45,30-60k,0.208,34,16,0.56,Home,1,Canada
CON-000083,48,60-100k,0.457,24,19,0.09,Home,1,US-East
CON-000084,40,60-100k,0.14,46,11,0.7,Home,0,Canada
CON-000085,55,100-150k,0.415,39,13,0.36,Sports,0,US-Central
CON-000086,63,<30k,0.078,30,9,0.03,Beauty,0,US-Central
CON-000087,28,30-60k,0.29,55,1,0.56,Food,1,US-Central
CON-000088,61,<30k,0.272,31,11,0.79,Home,1,US-Central
CON-000089,49,100-150k,0.422,23,18,0.66,Sports,0,UK
CON-000090,50,100-150k,0.463,12,20,0.52,Home,1,UK
CON-000091,39,60-100k,0.251,34,2,0.76,Home,1,Canada
CON-000092,38,60-100k,0.449,26,4,0.55,Beauty,0,US-West
CON-000093,24,100-150k,0.141,7,3,0.56,Home,0,Canada
CON-000094,35,<30k,0.362,50,9,0.16,Food,1,US-Central
CON-000095,25,<30k,0.302,39,3,0.73,Food,1,US-Central
CON-000096,47,30-60k,0.325,41,12,0.66,Food,1,US-East
CON-000097,62,100-150k,0.01,29,5,0.38,Fashion,0,US-East
CON-000098,18,150k+,0.487,20,9,0.77,Home,1,US-Central
CON-000099,52,60-100k,0.378,39,13,0.57,Home,0,US-Central
CON-000100,32,60-100k,0.16,32,7,0.01,Beauty,1,UK
CON-000101,23,100-150k,0.09,57,12,0.73,Food,0,US-West
CON-000102,29,30-60k,0.491,59,2,0.08,Home,0,US-East
CON-000103,58,<30k,0.385,15,15,0.49,Fashion,0,US-West
CON-000104,32,<30k,0.372,26,17,0.07,Beauty,1,US-West
CON-000105,50,150k+,0.373,17,8,0.2,Fashion,1,Canada
CON-000106,35,100-150k,0.426,60,9,0.48,Sports,1,US-East
CON-000107,60,100-150k,0.354,50,5,0.39,Home,1,US-Central
CON-000108,52,100-150k,0.176,1,24,0.74,Fashion,1,UK
CON-000109,58,150k+,0.401,10,11,0.46,Electronics,0,US-East
CON-000110,55,<30k,0.369,24,13,0.51,Home,0,US-West
CON-000111,19,30-60k,0.267,18,23,0.41,Sports,0,UK
CON-000112,60,60-100k,0.189,9,16,0.46,Sports,0,US-West
CON-000113,68,30-60k,0.134,5,14,0.42,Fashion,1,Canada
CON-000114,69,60-100k,0.475,54,5,0.49,Fashion,0,US-Central
CON-000115,27,150k+,0.197,26,11,0.25,Electronics,0,Canada
CON-000116,55,60-100k,0.202,0,19,0.53,Fashion,0,US-West
CON-000117,37,30-60k,0.44,30,18,0.33,Electronics,0,US-West
CON-000118,41,100-150k,0.472,28,21,0.47,Electronics,0,Canada
CON-000119,27,150k+,0.188,36,12,0.73,Home,0,US-East
CON-000120,33,<30k,0.035,48,6,0.47,Home,0,Canada
CON-000121,23,150k+,0.127,46,19,0.4,Home,1,US-West
CON-000122,23,100-150k,0.129,5,4,0.37,Electronics,1,US-Central
CON-000123,44,150k+,0.449,1,6,0.73,Home,0,UK
CON-000124,29,60-100k,0.466,33,16,0.69,Home,0,Canada
CON-000125,42,100-150k,0.08,33,22,0.67,Food,1,Canada
CON-000126,31,100-150k,0.305,2,21,0.4,Sports,1,UK
CON-000127,54,<30k,0.177,1,4,0.27,Home,1,US-Central
CON-000128,38,30-60k,0.434,28,18,0.63,Home,0,US-Central
CON-000129,37,150k+,0.414,13,1,0.43,Fashion,0,US-West
CON-000130,27,30-60k,0.251,52,23,0.4,Electronics,0,Canada
CON-000131,25,100-150k,0.116,26,20,0.11,Home,1,Canada
CON-000132,62,100-150k,0.423,3,18,0.47,Food,1,US-East
CON-000133,28,<30k,0.277,8,20,0.74,Sports,0,US-Central
CON-000134,31,60-100k,0.268,43,18,0.64,Food,0,UK
CON-000135,29,150k+,0.068,24,24,0.18,Food,1,Canada
CON-000136,32,60-100k,0.433,16,13,0.73,Home,0,UK
CON-000137,64,30-60k,0.057,20,5,0.47,Fashion,0,Canada
CON-000138,54,60-100k,0.445,31,12,0.24,Home,1,US-West
CON-000139,54,60-100k,0.136,47,12,0.36,Beauty,0,UK
CON-000140,40,60-100k,0.154,46,20,0.48,Food,1,UK
CON-000141,54,30-60k,0.48,17,1,0.27,Fashion,1,US-Central
CON-000142,34,<30k,0.317,4,7,0.64,Fashion,0,Canada
CON-000143,58,150k+,0.041,16,3,0.68,Fashion,0,US-Central
CON-000144,47,30-60k,0.023,29,14,0.12,Fashion,1,US-Central
CON-000145,55,150k+,0.279,2,3,0.44,Food,0,US-Central
CON-000146,31,100-150k,0.409,4,4,0.66,Electronics,0,US-Central
CON-000147,27,30-60k,0.397,30,12,0.48,Food,1,US-West
CON-000148,34,30-60k,0.068,36,16,0.18,Food,1,US-East
CON-000149,52,100-150k,0.128,2,19,0.36,Electronics,0,US-Central
CON-000150,32,100-150k,0.085,20,24,0.4,Beauty,1,Canada
CON-000151,57,60-100k,0.338,57,5,0.48,Beauty,1,US-East
CON-000152,18,60-100k,0.418,59,6,0.11,Sports,1,Canada
CON-000153,23,<30k,0.048,14,19,0.75,Fashion,0,UK
CON-000154,41,100-150k,0.289,48,7,0.63,Food,1,UK
CON-000155,36,100-150k,0.214,29,9,0.34,Sports,0,US-Central
CON-000156,52,30-60k,0.402,25,0,0.36,Beauty,0,US-East
CON-000157,55,100-150k,0.02,3,9,0.32,Electronics,0,US-East
CON-000158,41,<30k,0.159,28,3,0.14,Beauty,1,US-Central
CON-000159,66,30-60k,0.295,44,3,0.22,Food,0,US-Central
CON-000160,51,60-100k,0.288,30,6,0.8,Home,0,US-East
CON-000161,69,60-100k,0.4,21,15,0.3,Beauty,1,US-Central
CON-000162,27,150k+,0.39,21,16,0.38,Home,0,UK
CON-000163,62,100-150k,0.133,16,16,0.57,Sports,0,US-East
CON-000164,41,60-100k,0.235,0,21,0.28,Food,1,UK
CON-000165,43,60-100k,0.003,29,10,0.05,Electronics,1,US-West
CON-000166,40,30-60k,0.122,2,3,0.6,Sports,0,UK
CON-000167,66,150k+,0.398,16,7,0.62,Fashion,1,US-West
CON-000168,46,150k+,0.3,4,24,0.72,Sports,1,US-Central
CON-000169,52,<30k,0.014,53,21,0.08,Sports,1,US-East
CON-000170,69,<30k,0.309,52,8,0.61,Home,1,Canada
CON-000171,44,150k+,0.114,48,16,0.51,Beauty,1,Canada
CON-000172,35,60-100k,0.476,27,5,0.05,Beauty,1,US-Central
CON-000173,54,60-100k,0.007,33,20,0.3,Home,1,US-Central
CON-000174,54,30-60k,0.489,24,21,0.37,Beauty,0,US-East
CON-000175,61,30-60k,0.359,18,3,0.08,Sports,0,US-East
CON-000176,59,150k+,0.013,39,15,0.35,Fashion,1,US-Central
CON-000177,57,30-60k,0.379,35,5,0.41,Beauty,0,Canada
CON-000178,34,<30k,0.374,18,10,0.14,Fashion,1,US-Central
CON-000179,51,150k+,0.156,38,18,0.52,Sports,1,US-West
CON-000180,33,30-60k,0.235,26,0,0.35,Fashion,0,US-East
CON-000181,43,30-60k,0.174,9,24,0.59,Beauty,0,UK
CON-000182,48,30-60k,0.009,1,6,0.04,Home,1,Canada
CON-000183,55,150k+,0.431,35,19,0.09,Fashion,1,UK
CON-000184,27,150k+,0.149,16,23,0.53,Beauty,1,US-East
CON-000185,67,<30k,0.493,60,23,0.12,Food,1,US-East
CON-000186,26,<30k,0.253,28,17,0.16,Food,0,US-Central
CON-000187,18,60-100k,0.087,44,17,0.7,Electronics,0,US-Central
CON-000188,66,60-100k,0.45,55,6,0.35,Beauty,1,UK
CON-000189,37,30-60k,0.389,60,22,0.05,Home,1,US-West
CON-000190,55,<30k,0.455,45,16,0.52,Sports,0,US-West
CON-000191,34,60-100k,0.241,31,1,0.73,Beauty,0,US-West
CON-000192,27,100-150k,0.361,51,1,0.39,Fashion,1,US-West
CON-000193,44,<30k,0.13,60,7,0.6,Fashion,1,US-Central
CON-000194,66,150k+,0.479,60,8,0.04,Fashion,0,US-West
CON-000195,59,60-100k,0.24,30,21,0.54,Beauty,1,US-East
CON-000196,31,<30k,0.233,13,23,0.67,Sports,0,Canada
CON-000197,37,150k+,0.344,40,23,0.79,Electronics,0,UK
CON-000198,59,30-60k,0.035,14,14,0.34,Electronics,0,UK
CON-000199,61,<30k,0.344,10,8,0.67,Home,0,Canada
CON-000200,68,150k+,0.282,28,5,0.28,Beauty,1,US-West
CON-000201,52,150k+,0.413,26,20,0.72,Fashion,0,UK
CON-000202,23,60-100k,0.127,20,6,0.8,Home,1,UK
CON-000203,52,100-150k,0.15,12,4,0.32,Food,1,US-East
CON-000204,26,150k+,0.415,48,4,0.45,Sports,0,US-West
CON-000205,29,30-60k,0.333,41,12,0.65,Beauty,1,US-West
CON-000206,59,<30k,0.457,4,12,0.14,Food,0,US-Central
CON-000207,20,30-60k,0.012,46,13,0.02,Fashion,0,Canada
CON-000208,59,30-60k,0.491,60,10,0.18,Beauty,1,UK
CON-000209,67,150k+,0.245,5,18,0.79,Fashion,1,UK
CON-000210,20,150k+,0.135,27,13,0.46,Food,1,US-West
CON-000211,30,150k+,0.45,58,1,0.23,Fashion,1,US-Central
CON-000212,56,150k+,0.294,21,20,0.75,Fashion,0,UK
CON-000213,25,60-100k,0.145,36,11,0.54,Food,1,US-East
CON-000214,54,30-60k,0.022,58,23,0.5,Beauty,1,US-West
CON-000215,47,30-60k,0.009,18,8,0.16,Beauty,0,UK
CON-000216,30,60-100k,0.454,47,8,0.56,Electronics,1,US-East
CON-000217,20,150k+,0.482,57,12,0.43,Sports,0,Canada
CON-000218,52,150k+,0.043,45,0,0.57,Sports,0,UK
CON-000219,53,30-60k,0.313,58,0,0.15,Sports,0,US-West
CON-000220,33,150k+,0.473,30,4,0.27,Beauty,1,US-West
CON-000221,56,150k+,0.311,45,4,0.69,Fashion,0,Canada
CON-000222,70,150k+,0.171,45,15,0.4,Fashion,1,UK
CON-000223,51,150k+,0.067,39,23,0.01,Food,1,Canada
CON-000224,28,100-150k,0.234,10,1,0.23,Electronics,0,Canada
CON-000225,66,30-60k,0.236,19,22,0.22,Home,1,US-West
CON-000226,33,100-150k,0.295,58,24,0.37,Beauty,1,US-Central
CON-000227,61,<30k,0.187,12,20,0.45,Fashion,1,US-East
CON-000228,70,100-150k,0.425,49,12,0.71,Electronics,0,UK
CON-000229,50,60-100k,0.084,4,12,0.63,Sports,1,Canada
CON-000230,26,60-100k,0.183,16,16,0.39,Electronics,0,US-Central
CON-000231,19,60-100k,0.474,27,2,0.64,Electronics,0,US-East
CON-000232,61,100-150k,0.352,35,6,0.13,Sports,0,US-Central
CON-000233,49,150k+,0.017,17,2,0.25,Fashion,0,Canada
CON-000234,69,30-60k,0.49,35,20,0.74,Beauty,0,Canada
CON-000235,65,100-150k,0.062,45,10,0.12,Beauty,1,US-Central
CON-000236,57,30-60k,0.106,39,18,0.27,Beauty,1,UK
CON-000237,35,100-150k,0.029,17,19,0.41,Beauty,1,US-West
CON-000238,31,<30k,0.107,60,14,0.59,Beauty,1,UK
CON-000239,39,30-60k,0.193,15,1,0.76,Home,1,Canada
CON-000240,34,60-100k,0.314,44,20,0.33,Food,1,UK
CON-000241,50,<30k,0.424,16,10,0.26,Food,1,US-East
CON-000242,19,<30k,0.347,19,10,0.69,Food,0,US-East
CON-000243,56,60-100k,0.476,40,1,0.68,Food,0,Canada
CON-000244,35,150k+,0.092,37,13,0.26,Home,0,US-West
CON-000245,37,<30k,0.237,48,5,0.45,Sports,1,Canada
CON-000246,52,100-150k,0.077,11,23,0.27,Sports,1,US-West
CON-000247,38,<30k,0.468,37,21,0.73,Food,1,US-East
CON-000248,62,60-100k,0.237,25,15,0.07,Sports,0,US-East
CON-000249,34,30-60k,0.369,46,16,0.1,Fashion,1,Canada
CON-000250,61,30-60k,0.123,4,17,0.61,Electronics,1,US-East
CON-000251,70,30-60k,0.496,51,13,0.54,Electronics,1,UK
CON-000252,47,<30k,0.292,28,9,0.53,Fashion,0,US-East
CON-000253,26,100-150k,0.063,13,16,0.73,Beauty,0,US-East
CON-000254,30,150k+,0.491,18,19,0.7,Electronics,1,UK
CON-000255,42,30-60k,0.369,19,23,0.37,Fashion,1,US-West
CON-000256,70,60-100k,0.46,14,8,0.79,Electronics,1,UK
CON-000257,69,150k+,0.324,10,6,0.23,Electronics,0,US-East
CON-000258,34,30-60k,0.496,32,15,0.3,Food,0,UK
CON-000259,62,<30k,0.165,35,21,0.17,Electronics,0,UK
CON-000260,64,<30k,0.084,37,15,0.06,Beauty,0,UK
CON-000261,39,60-100k,0.128,5,2,0.75,Food,1,US-East
CON-000262,70,60-100k,0.367,41,22,0.14,Home,1,US-East
CON-000263,21,150k+,0.485,4,2,0.16,Home,1,US-Central
CON-000264,29,100-150k,0.167,17,9,0.6,Fashion,1,US-Central
CON-000265,54,60-100k,0.489,26,8,0.32,Fashion,0,Canada
CON-000266,36,30-60k,0.209,10,11,0.7,Food,1,Canada
CON-000267,45,150k+,0.167,7,3,0.52,Fashion,0,Canada
CON-000268,30,60-100k,0.072,13,22,0.49,Fashion,1,UK
CON-000269,64,60-100k,0.306,25,17,0.38,Sports,1,US-Central
CON-000270,30,150k+,0.469,46,5,0.65,Home,0,US-West
CON-000271,65,<30k,0.073,21,17,0.52,Beauty,1,Canada
CON-000272,18,<30k,0.398,28,4,0.02,Food,0,US-West
CON-000273,22,<30k,0.304,57,12,0.2,Sports,1,US-West
CON-000274,33,60-100k,0.38,15,21,0.07,Sports,0,Canada
CON-000275,39,100-150k,0.226,43,15,0.33,Food,0,UK
CON-000276,43,<30k,0.081,28,7,0.12,Home,0,US-West
CON-000277,65,30-60k,0.163,60,13,0.66,Sports,1,US-East
CON-000278,22,100-150k,0.213,4,13,0.19,Beauty,1,US-Central
CON-000279,45,150k+,0.407,49,16,0.69,Beauty,0,Canada
CON-000280,44,100-150k,0.026,43,5,0.14,Beauty,1,Canada
CON-000281,66,30-60k,0.143,3,13,0.62,Fashion,0,US-Central
CON-000282,24,30-60k,0.247,7,20,0.7,Electronics,0,UK
CON-000283,70,60-100k,0.371,36,14,0.53,Beauty,0,US-West
CON-000284,61,100-150k,0.09,46,9,0.38,Electronics,0,US-Central
CON-000285,50,150k+,0.247,55,21,0.54,Beauty,1,UK
CON-000286,51,100-150k,0.469,36,11,0.01,Beauty,0,Canada
CON-000287,64,60-100k,0.485,14,12,0.24,Fashion,1,US-East
CON-000288,25,60-100k,0.193,9,7,0.64,Home,1,US-Central
CON-000289,38,100-150k,0.44,39,18,0.57,Home,1,US-East
CON-000290,42,60-100k,0.277,8,0,0.03,Food,0,UK
CON-000291,53,30-60k,0.486,59,24,0.75,Beauty,0,US-Central
CON-000292,46,100-150k,0.401,8,6,0.52,Food,1,US-Central
CON-000293,29,30-60k,0.293,44,16,0.11,Food,0,US-East
CON-000294,63,100-150k,0.148,20,9,0.34,Electronics,1,Canada
CON-000295,41,30-60k,0.059,51,0,0.23,Food,0,UK
CON-000296,42,<30k,0.259,20,20,0.12,Home,0,US-East
CON-000297,70,60-100k,0.192,16,16,0.13,Beauty,1,US-Central
CON-000298,20,<30k,0.406,36,9,0.77,Sports,0,Canada
CON-000299,58,60-100k,0.369,52,15,0.37,Beauty,0,US-West
CON-000300,30,<30k,0.398,22,21,0.73,Food,0,US-West
CON-000301,51,100-150k,0.364,27,2,0.41,Food,0,US-East
CON-000302,42,<30k,0.27,20,8,0.43,Food,0,US-West
CON-000303,62,150k+,0.432,9,15,0.28,Home,0,UK
CON-000304,46,<30k,0.461,8,8,0.07,Beauty,0,Canada
CON-000305,35,100-150k,0.386,34,21,0.04,Food,1,US-East
CON-000306,38,30-60k,0.219,13,4,0.53,Electronics,0,US-Central
CON-000307,63,150k+,0.01,42,6,0.46,Home,1,US-Central
CON-000308,35,<30k,0.113,41,5,0.28,Food,1,US-West
CON-000309,23,30-60k,0.389,20,5,0.74,Fashion,1,Canada
CON-000310,24,60-100k,0.139,31,16,0.69,Beauty,1,UK
CON-000311,24,30-60k,0.112,50,12,0.59,Fashion,0,UK
CON-000312,48,60-100k,0.074,25,17,0.44,Food,1,Canada
CON-000313,56,<30k,0.039,39,20,0.5,Home,1,US-West
CON-000314,55,30-60k,0.499,31,16,0.7,Sports,1,US-West
CON-000315,53,30-60k,0.286,32,19,0.55,Sports,1,UK
CON-000316,41,60-100k,0.046,55,17,0.38,Beauty,1,US-East
CON-000317,22,30-60k,0.363,28,5,0.58,Sports,1,Canada
CON-000318,44,30-60k,0.108,23,15,0.05,Beauty,1,US-West
CON-000319,67,60-100k,0.098,53,4,0.66,Sports,1,Canada
CON-000320,40,100-150k,0.178,38,8,0.14,Sports,1,US-East
CON-000321,38,60-100k,0.167,23,18,0.21,Fashion,1,US-West
CON-000322,63,100-150k,0.264,21,8,0,Home,1,Canada
CON-000323,33,<30k,0.051,26,21,0.5,Beauty,0,US-West
CON-000324,22,60-100k,0.081,34,13,0.13,Electronics,0,Canada
CON-000325,46,100-150k,0.301,10,12,0.34,Food,1,US-East
CON-000326,69,30-60k,0.339,38,16,0.02,Fashion,1,US-Central
CON-000327,41,<30k,0.184,3,7,0.53,Fashion,1,UK
CON-000328,27,30-60k,0.374,58,13,0.76,Food,0,UK
CON-000329,66,30-60k,0.08,51,22,0.41,Sports,1,US-Central
CON-000330,48,150k+,0.049,18,10,0.7,Beauty,0,US-West
CON-000331,70,60-100k,0.22,43,4,0.71,Home,0,US-West
CON-000332,29,<30k,0.485,8,13,0.2,Sports,1,US-West
CON-000333,68,100-150k,0.472,1,2,0.15,Sports,1,UK
CON-000334,36,100-150k,0.014,12,4,0.18,Food,1,US-East
CON-000335,52,100-150k,0.141,42,6,0.49,Sports,1,US-West
CON-000336,42,150k+,0.21,24,10,0.33,Electronics,1,UK
CON-000337,23,60-100k,0.152,19,18,0.57,Fashion,0,US-Central
CON-000338,64,<30k,0.46,27,14,0.19,Sports,0,US-East
CON-000339,62,60-100k,0.387,20,10,0.17,Fashion,0,UK
CON-000340,69,60-100k,0.481,42,10,0.42,Electronics,1,US-Central
CON-000341,62,150k+,0.006,16,7,0.52,Electronics,0,US-West
CON-000342,36,30-60k,0.443,57,13,0.66,Food,1,UK
CON-000343,45,60-100k,0.045,54,11,0.51,Sports,1,US-West
CON-000344,26,150k+,0.106,46,5,0.75,Electronics,0,UK
CON-000345,61,<30k,0.338,54,20,0.46,Home,1,Canada
CON-000346,23,30-60k,0.206,7,6,0.35,Sports,0,US-Central
CON-000347,61,<30k,0.21,45,6,0.43,Fashion,1,US-Central
CON-000348,35,100-150k,0.307,22,3,0.49,Sports,0,Canada
CON-000349,31,150k+,0.307,18,21,0.27,Home,1,UK
CON-000350,63,<30k,0.014,34,21,0.61,Sports,1,US-West
CON-000351,39,30-60k,0.065,0,3,0.75,Home,0,US-East
CON-000352,56,60-100k,0.081,1,10,0.3,Beauty,1,Canada
CON-000353,58,60-100k,0.426,31,8,0.11,Sports,1,Canada
CON-000354,68,<30k,0.42,29,22,0.73,Sports,1,Canada
CON-000355,35,150k+,0.067,47,18,0.78,Fashion,1,US-West
CON-000356,53,100-150k,0.324,46,3,0.57,Food,1,Canada
CON-000357,52,100-150k,0.064,49,16,0.51,Sports,0,US-Central
CON-000358,29,60-100k,0.198,54,21,0.7,Food,1,US-Central
CON-000359,24,60-100k,0.048,40,3,0.59,Electronics,0,Canada
CON-000360,39,100-150k,0.435,29,10,0.66,Sports,1,UK
CON-000361,60,150k+,0.497,6,19,0.22,Food,1,US-Central
CON-000362,32,60-100k,0.155,39,1,0.23,Food,1,US-East
CON-000363,41,60-100k,0.065,52,11,0.78,Food,0,Canada
CON-000364,36,100-150k,0.155,29,4,0.56,Sports,1,Canada
CON-000365,43,60-100k,0.118,9,11,0.35,Home,0,Canada
CON-000366,58,150k+,0.059,44,11,0.8,Fashion,0,Canada
CON-000367,65,<30k,0.08,11,14,0.68,Home,1,US-East
CON-000368,21,<30k,0.053,37,3,0.15,Electronics,0,US-Central
CON-000369,61,30-60k,0.43,56,12,0.69,Electronics,1,US-West
CON-000370,25,60-100k,0.378,27,6,0.23,Home,0,Canada
CON-000371,25,150k+,0.139,43,1,0.16,Sports,0,Canada
CON-000372,28,60-100k,0.148,60,4,0.43,Fashion,1,UK
CON-000373,49,100-150k,0.14,21,7,0.03,Electronics,1,US-East
CON-000374,54,30-60k,0.372,56,16,0.74,Home,1,UK
CON-000375,23,100-150k,0.08,57,8,0.2,Electronics,1,US-West
CON-000376,59,30-60k,0.017,56,3,0.76,Electronics,1,UK
CON-000377,43,150k+,0.111,47,17,0.04,Beauty,0,Canada
CON-000378,57,150k+,0.315,22,20,0.43,Fashion,0,US-West
CON-000379,42,60-100k,0.232,9,5,0.45,Fashion,0,US-West
CON-000380,32,150k+,0.368,54,3,0.36,Sports,1,US-Central
CON-000381,38,<30k,0.251,42,18,0.77,Electronics,1,US-West
CON-000382,38,60-100k,0.055,54,4,0.16,Home,0,US-East
CON-000383,67,30-60k,0.39,54,11,0.73,Fashion,0,US-East
CON-000384,59,60-100k,0.155,33,8,0.65,Food,0,Canada
CON-000385,31,<30k,0.192,47,2,0.73,Beauty,0,Canada
CON-000386,42,<30k,0.022,4,11,0.04,Fashion,0,US-East
CON-000387,50,30-60k,0.198,33,5,0.33,Food,0,Canada
CON-000388,43,100-150k,0.205,42,21,0.05,Food,1,UK
CON-000389,53,60-100k,0.246,51,11,0.61,Home,0,US-Central
CON-000390,59,60-100k,0.247,24,6,0.01,Food,0,UK
CON-000391,57,100-150k,0.404,22,10,0.08,Beauty,1,UK
CON-000392,37,30-60k,0.112,22,5,0.15,Sports,1,Canada
CON-000393,59,30-60k,0.309,29,7,0.16,Beauty,1,UK
CON-000394,31,60-100k,0.093,51,7,0.51,Fashion,0,US-East
CON-000395,63,150k+,0.239,2,3,0.68,Food,0,UK
CON-000396,33,30-60k,0.241,1,22,0.07,Food,0,US-West
CON-000397,37,100-150k,0.297,54,0,0.58,Food,1,US-Central
CON-000398,69,<30k,0.302,38,19,0.42,Home,0,US-Central
CON-000399,34,30-60k,0.034,56,16,0,Food,1,UK
CON-000400,66,30-60k,0.455,25,14,0.04,Beauty,0,US-East
CON-000401,38,60-100k,0.073,60,3,0.43,Sports,0,US-East
CON-000402,23,150k+,0.342,1,15,0.6,Electronics,0,UK
CON-000403,19,100-150k,0.086,10,14,0.69,Home,0,US-West
CON-000404,69,<30k,0.287,48,1,0.62,Home,0,US-East
CON-000405,32,<30k,0.079,30,24,0.71,Electronics,1,US-Central
CON-000406,38,150k+,0.289,6,9,0.31,Beauty,1,UK
CON-000407,31,<30k,0.021,43,16,0.65,Home,1,US-Central
CON-000408,53,60-100k,0.28,30,7,0.58,Sports,1,US-Central
CON-000409,70,60-100k,0.174,8,2,0.74,Fashion,0,Canada
CON-000410,36,60-100k,0.365,56,7,0.8,Fashion,0,US-East
CON-000411,27,60-100k,0.133,59,20,0.08,Beauty,0,US-Central
CON-000412,36,60-100k,0.396,21,7,0.02,Home,0,Canada
CON-000413,67,<30k,0.102,36,16,0.21,Electronics,0,US-West
CON-000414,70,150k+,0.005,36,6,0.65,Electronics,0,UK
CON-000415,29,100-150k,0.437,1,3,0.27,Food,1,US-Central
CON-000416,68,30-60k,0.275,16,0,0.51,Fashion,0,Canada
CON-000417,57,100-150k,0.416,45,8,0.11,Sports,0,US-Central
CON-000418,42,60-100k,0.15,27,13,0.14,Electronics,1,US-West
CON-000419,32,150k+,0.42,7,17,0.13,Home,0,US-Central
CON-000420,35,60-100k,0.451,49,21,0.45,Sports,0,Canada
CON-000421,50,150k+,0.143,12,0,0.14,Fashion,0,US-West
CON-000422,35,30-60k,0.221,36,22,0.31,Sports,1,Canada
CON-000423,23,<30k,0.107,12,8,0.55,Home,1,Canada
CON-000424,49,100-150k,0.081,17,9,0.57,Sports,1,Canada
CON-000425,42,30-60k,0.288,26,1,0.08,Sports,1,US-Central
CON-000426,33,30-60k,0.158,59,17,0.61,Beauty,0,US-West
CON-000427,36,150k+,0.132,41,20,0.77,Electronics,1,US-East
CON-000428,41,30-60k,0.293,23,14,0.35,Beauty,0,US-East
CON-000429,63,60-100k,0.196,23,10,0.22,Food,1,US-West
CON-000430,31,60-100k,0.411,45,2,0.2,Food,0,Canada
CON-000431,70,30-60k,0.429,42,4,0.6,Sports,0,Canada
CON-000432,31,150k+,0.245,20,22,0.6,Home,0,Canada
CON-000433,49,30-60k,0.199,15,7,0.19,Food,0,US-East
CON-000434,50,100-150k,0.378,41,21,0.66,Food,1,Canada
CON-000435,37,100-150k,0.369,52,5,0.11,Fashion,1,US-Central
CON-000436,68,<30k,0.284,58,20,0.75,Beauty,1,US-Central
CON-000437,31,<30k,0.499,20,23,0.5,Home,0,US-West
CON-000438,38,60-100k,0.177,52,13,0.39,Electronics,1,UK
CON-000439,58,30-60k,0.09,39,15,0.26,Sports,1,US-Central
CON-000440,27,100-150k,0.435,10,21,0.1,Fashion,0,US-East
CON-000441,52,30-60k,0.081,18,0,0.52,Home,0,US-East
CON-000442,48,<30k,0.138,1,21,0.05,Home,1,US-East
CON-000443,60,60-100k,0.416,43,18,0.06,Food,0,US-Central
CON-000444,58,30-60k,0.407,54,10,0.26,Fashion,0,Canada
CON-000445,57,<30k,0.029,56,5,0.64,Beauty,1,UK
CON-000446,33,30-60k,0.378,43,4,0.51,Food,1,US-East
CON-000447,24,150k+,0.018,60,19,0.43,Home,1,Canada
CON-000448,67,150k+,0.184,58,21,0.15,Home,1,US-East
CON-000449,38,150k+,0.207,0,3,0.29,Beauty,0,US-East
CON-000450,26,150k+,0.175,40,7,0.71,Beauty,0,US-East
CON-000451,19,60-100k,0.426,41,5,0.32,Food,1,US-East
CON-000452,50,100-150k,0.32,35,13,0.25,Beauty,1,US-West
CON-000453,31,150k+,0.103,49,21,0.44,Fashion,0,US-East
CON-000454,30,<30k,0.157,20,23,0.6,Sports,1,US-West
CON-000455,53,100-150k,0.3,50,6,0.26,Electronics,1,Canada
CON-000456,49,<30k,0.393,60,7,0.47,Food,1,US-Central
CON-000457,43,150k+,0.347,10,21,0.72,Electronics,1,Canada
CON-000458,18,150k+,0.33,22,17,0.77,Food,1,US-West
CON-000459,44,60-100k,0.276,52,20,0.56,Beauty,1,US-East
CON-000460,61,30-60k,0.07,9,2,0.24,Sports,0,Canada
CON-000461,29,<30k,0.18,54,5,0.31,Beauty,0,US-West
CON-000462,28,<30k,0.39,37,3,0.4,Food,0,US-East
CON-000463,63,60-100k,0.036,14,1,0.16,Fashion,1,US-Central
CON-000464,35,60-100k,0.136,9,4,0.56,Home,0,US-West
CON-000465,68,<30k,0.083,4,9,0.05,Food,0,Canada
CON-000466,18,150k+,0.242,46,9,0.15,Home,1,US-West
CON-000467,63,60-100k,0.06,60,12,0.09,Food,1,US-West
CON-000468,35,150k+,0.214,34,1,0.25,Food,1,US-Central
CON-000469,30,100-150k,0.493,35,8,0.35,Sports,0,US-Central
CON-000470,22,30-60k,0.493,7,6,0.41,Food,1,US-East
CON-000471,30,<30k,0.384,16,24,0.25,Sports,1,US-West
CON-000472,40,30-60k,0.364,55,8,0.22,Electronics,1,UK
CON-000473,18,<30k,0.288,30,20,0.21,Fashion,0,US-West
CON-000474,40,30-60k,0.042,25,10,0.1,Home,1,Canada
CON-000475,63,60-100k,0.481,60,7,0.77,Home,1,US-West
CON-000476,21,150k+,0.212,13,11,0.17,Beauty,0,US-Central
CON-000477,52,30-60k,0.138,5,1,0.16,Home,1,UK
CON-000478,22,30-60k,0.175,44,22,0.6,Food,1,UK
CON-000479,26,100-150k,0.083,3,18,0.54,Fashion,1,UK
CON-000480,56,100-150k,0.122,0,21,0.32,Beauty,0,US-West
CON-000481,47,100-150k,0.412,49,11,0.55,Food,0,US-Central
CON-000482,43,150k+,0.492,58,7,0.34,Beauty,1,US-West
CON-000483,61,30-60k,0.176,35,24,0.18,Sports,0,UK
CON-000484,44,100-150k,0.184,34,15,0.39,Home,1,US-Central
CON-000485,43,<30k,0.087,45,23,0.07,Fashion,0,US-West
CON-000486,36,30-60k,0.439,35,17,0.11,Fashion,1,UK
CON-000487,40,150k+,0.404,7,17,0.58,Beauty,1,US-West
CON-000488,68,<30k,0.419,10,14,0.09,Home,1,US-East
CON-000489,61,60-100k,0.48,45,14,0.19,Food,0,US-East
CON-000490,60,30-60k,0.057,51,12,0.53,Fashion,0,US-West
CON-000491,45,30-60k,0.307,48,19,0.04,Electronics,1,US-Central
CON-000492,38,60-100k,0.023,23,2,0.63,Home,0,US-East
CON-000493,33,100-150k,0.298,39,23,0.43,Fashion,0,US-West
CON-000494,47,150k+,0.025,48,18,0.75,Fashion,0,US-Central
CON-000495,65,150k+,0.483,26,18,0.36,Fashion,1,US-West
CON-000496,69,30-60k,0.081,23,19,0.46,Sports,1,US-West
CON-000497,69,150k+,0.41,59,2,0.61,Home,0,UK
CON-000498,41,60-100k,0.39,24,5,0.66,Sports,1,US-East
CON-000499,37,<30k,0.164,55,23,0.68,Fashion,1,US-West
CON-000500,39,60-100k,0.169,60,13,0.3,Beauty,1,US-Central
CON-000501,45,<30k,0.497,13,6,0.49,Food,0,US-Central
CON-000502,36,150k+,0.138,46,19,0.26,Sports,1,UK
CON-000503,59,150k+,0.355,3,9,0.79,Fashion,0,US-Central
CON-000504,40,150k+,0.232,13,4,0.5,Beauty,0,US-East
CON-000505,63,100-150k,0.39,3,0,0.22,Beauty,0,US-West
CON-000506,28,60-100k,0.475,30,13,0.4,Sports,0,US-Central
CON-000507,57,150k+,0.46,12,5,0.2,Electronics,0,US-Central
CON-000508,33,100-150k,0.029,26,13,0.12,Electronics,1,US-East
CON-000509,53,150k+,0.076,55,4,0.79,Food,1,UK
CON-000510,46,100-150k,0.103,32,8,0.4,Food,1,US-Central
CON-000511,69,60-100k,0.405,60,11,0.35,Food,0,US-East
CON-000512,67,150k+,0.029,48,20,0.28,Sports,0,US-East
CON-000513,30,100-150k,0.469,45,8,0.12,Food,1,UK
CON-000514,69,100-150k,0.43,28,20,0.8,Electronics,0,Canada
CON-000515,20,<30k,0.035,37,15,0.26,Food,0,UK
CON-000516,68,30-60k,0.301,38,4,0.39,Sports,0,US-East
CON-000517,40,30-60k,0.463,32,20,0.35,Home,1,US-Central
CON-000518,54,30-60k,0.187,59,5,0.53,Electronics,1,US-East
CON-000519,59,30-60k,0.32,44,23,0.42,Home,0,US-West
CON-000520,18,30-60k,0.033,57,22,0.17,Food,1,US-Central
CON-000521,45,<30k,0.296,24,13,0,Food,0,UK
CON-000522,61,100-150k,0.238,40,5,0.41,Beauty,1,Canada
CON-000523,18,100-150k,0.146,15,8,0.65,Home,1,US-East
CON-000524,40,60-100k,0.128,8,12,0.62,Electronics,1,US-West
CON-000525,70,100-150k,0.373,21,12,0.08,Beauty,1,US-Central
CON-000526,44,60-100k,0.301,34,24,0.22,Fashion,1,US-East
CON-000527,63,30-60k,0.179,9,23,0.39,Electronics,1,US-East
CON-000528,24,100-150k,0.2,40,19,0.51,Electronics,1,US-West
CON-000529,43,60-100k,0.138,40,11,0.04,Food,0,US-West
CON-000530,22,150k+,0.27,18,14,0.7,Beauty,0,US-East
CON-000531,42,<30k,0.341,46,0,0.51,Fashion,0,UK
CON-000532,28,30-60k,0.198,30,22,0.34,Food,0,US-East
CON-000533,63,<30k,0.097,36,5,0.48,Sports,0,US-West
CON-000534,44,30-60k,0.119,55,13,0.25,Beauty,0,US-East
CON-000535,45,150k+,0.249,10,15,0.29,Fashion,0,Canada
CON-000536,20,150k+,0.309,57,16,0.29,Food,0,US-East
CON-000537,31,30-60k,0.401,5,0,0.66,Electronics,1,US-East
CON-000538,61,60-100k,0.326,49,17,0.67,Sports,1,US-West
CON-000539,18,60-100k,0.426,24,6,0.71,Sports,0,US-West
CON-000540,57,<30k,0.039,42,6,0.44,Home,1,Canada
CON-000541,49,60-100k,0.422,52,0,0.33,Beauty,0,Canada
CON-000542,26,30-60k,0.003,22,15,0.02,Sports,0,Canada
CON-000543,65,150k+,0.481,3,8,0.35,Home,0,Canada
CON-000544,30,60-100k,0.471,13,13,0.26,Electronics,1,Canada
CON-000545,33,<30k,0.354,45,1,0.52,Sports,1,UK
CON-000546,57,60-100k,0.27,9,10,0.03,Food,0,Canada
CON-000547,51,<30k,0.405,18,21,0.22,Sports,1,US-Central
CON-000548,54,30-60k,0.321,30,10,0.72,Fashion,0,US-East
CON-000549,42,<30k,0.334,34,5,0.19,Food,0,US-West
CON-000550,45,150k+,0.481,4,14,0.07,Food,0,US-Central
CON-000551,66,30-60k,0.18,26,18,0.68,Home,1,US-West
CON-000552,59,60-100k,0.287,17,11,0.22,Fashion,0,Canada
CON-000553,55,150k+,0.426,42,13,0.03,Beauty,0,US-Central
CON-000554,64,30-60k,0.09,34,15,0.31,Home,0,Canada
CON-000555,67,<30k,0.218,55,23,0.27,Electronics,0,UK
CON-000556,63,<30k,0.203,2,15,0.2,Fashion,0,US-West
CON-000557,19,<30k,0.116,14,19,0.16,Home,1,US-East
CON-000558,21,150k+,0.494,4,11,0.13,Food,1,Canada
CON-000559,18,150k+,0.094,9,12,0.17,Electronics,0,US-West
CON-000560,18,150k+,0.09,52,5,0.23,Beauty,1,UK
CON-000561,66,150k+,0.302,59,21,0.46,Fashion,1,US-East
CON-000562,28,30-60k,0.363,57,3,0.03,Sports,1,UK
CON-000563,23,150k+,0.037,34,16,0.05,Home,1,US-East
CON-000564,34,100-150k,0.459,4,21,0.06,Electronics,1,US-Central
CON-000565,39,<30k,0.415,38,18,0.06,Food,0,UK
CON-000566,40,60-100k,0.174,30,6,0.68,Sports,0,UK
CON-000567,55,150k+,0.038,36,10,0.67,Food,0,UK
CON-000568,27,150k+,0.212,52,13,0.13,Home,0,Canada
CON-000569,59,100-150k,0.494,27,12,0.03,Food,0,US-East
CON-000570,48,100-150k,0.438,27,17,0.55,Sports,1,Canada
CON-000571,46,150k+,0.087,51,0,0.19,Fashion,1,Canada
CON-000572,42,60-100k,0.415,12,11,0.8,Sports,1,US-West
CON-000573,54,150k+,0.2,37,15,0.34,Electronics,0,US-Central
CON-000574,36,150k+,0.072,22,22,0.13,Sports,1,US-East
CON-000575,39,100-150k,0.392,57,3,0.47,Beauty,0,US-Central
CON-000576,62,<30k,0.062,33,16,0.07,Fashion,1,UK
CON-000577,24,100-150k,0.474,7,3,0.19,Sports,0,UK
CON-000578,26,<30k,0.335,53,4,0.18,Sports,0,UK
CON-000579,35,30-60k,0.275,1,4,0.79,Sports,0,Canada
CON-000580,24,30-60k,0.278,58,19,0.44,Home,0,US-West
CON-000581,54,30-60k,0.1,43,23,0.37,Electronics,1,UK
CON-000582,18,30-60k,0.016,41,2,0.38,Beauty,0,US-Central
CON-000583,37,150k+,0.038,42,12,0.57,Food,0,Canada
CON-000584,43,150k+,0.156,42,24,0.37,Sports,0,US-East
CON-000585,42,<30k,0.274,17,5,0.16,Sports,1,US-West
CON-000586,39,<30k,0.317,14,8,0.35,Beauty,1,US-East
CON-000587,59,60-100k,0.154,16,5,0.55,Fashion,1,Canada
CON-000588,70,150k+,0.435,57,3,0.62,Beauty,1,Canada
CON-000589,61,30-60k,0.449,17,9,0.09,Beauty,0,US-Central
CON-000590,56,100-150k,0.351,13,22,0.57,Electronics,1,US-Central
CON-000591,52,150k+,0.077,13,7,0.33,Home,0,US-West
CON-000592,32,<30k,0.128,6,15,0.16,Fashion,0,US-West
CON-000593,18,<30k,0.49,26,17,0.55,Electronics,0,UK
CON-000594,24,30-60k,0.101,16,19,0.8,Beauty,0,US-West
CON-000595,20,<30k,0.138,50,14,0.59,Beauty,0,US-West
CON-000596,19,<30k,0.096,30,22,0.78,Sports,1,US-East
CON-000597,29,150k+,0.449,55,18,0.28,Beauty,1,Canada
CON-000598,70,60-100k,0.164,40,4,0.05,Fashion,0,US-Central
CON-000599,37,60-100k,0.006,41,21,0.23,Fashion,0,US-West
CON-000600,46,<30k,0.356,34,2,0.21,Food,1,US-West
CON-000601,23,100-150k,0.139,47,22,0.49,Food,0,US-Central
CON-000602,53,150k+,0.349,60,20,0.35,Home,1,US-East
CON-000603,28,30-60k,0.11,51,13,0.04,Electronics,0,US-West
CON-000604,30,150k+,0.242,52,22,0.48,Food,1,US-West
CON-000605,56,150k+,0.085,47,7,0.71,Fashion,1,US-West
CON-000606,34,100-150k,0.197,22,15,0.17,Food,0,US-Central
CON-000607,56,60-100k,0.33,47,24,0.32,Home,0,US-Central
CON-000608,51,150k+,0.482,53,6,0.76,Electronics,0,Canada
CON-000609,39,150k+,0.19,53,19,0.24,Sports,0,US-Central
CON-000610,22,<30k,0.14,25,15,0.15,Home,0,US-East
CON-000611,47,<30k,0.112,56,16,0.41,Sports,1,UK
CON-000612,56,<30k,0.052,46,21,0.25,Fashion,1,US-Central
CON-000613,21,150k+,0.5,23,6,0.37,Beauty,0,US-Central
CON-000614,53,100-150k,0.11,51,24,0.47,Food,0,US-Central
CON-000615,57,60-100k,0.347,5,23,0.5,Sports,1,US-East
CON-000616,32,150k+,0.103,14,24,0.06,Beauty,0,US-Central
CON-000617,32,60-100k,0.41,0,15,0.31,Food,1,US-Central
CON-000618,59,<30k,0.12,12,16,0.03,Sports,1,US-Central
CON-000619,38,150k+,0.172,59,14,0.24,Sports,1,US-West
CON-000620,43,30-60k,0.337,5,10,0.25,Sports,1,US-Central
CON-000621,31,<30k,0.388,52,24,0.21,Fashion,1,UK
CON-000622,22,60-100k,0.053,2,8,0.1,Beauty,1,US-West
CON-000623,63,30-60k,0.192,41,4,0.42,Sports,1,US-West
CON-000624,25,30-60k,0.326,30,22,0.3,Beauty,0,US-East
CON-000625,62,100-150k,0.464,58,12,0.51,Food,0,US-West
CON-000626,43,<30k,0.499,34,17,0.03,Fashion,0,US-East
CON-000627,26,30-60k,0.26,24,20,0.62,Food,1,UK
CON-000628,19,150k+,0.477,49,18,0.65,Fashion,1,Canada
CON-000629,45,150k+,0.037,17,23,0.64,Home,1,US-West
CON-000630,38,150k+,0.324,39,17,0.22,Beauty,1,UK
CON-000631,20,100-150k,0.235,46,10,0.03,Food,0,US-West
CON-000632,63,150k+,0.191,44,18,0.03,Beauty,0,US-East
CON-000633,23,60-100k,0.177,40,7,0.2,Electronics,1,US-West
CON-000634,48,60-100k,0.257,39,21,0.42,Electronics,0,US-West
CON-000635,53,30-60k,0.049,46,5,0.36,Food,0,US-West
CON-000636,68,100-150k,0.281,22,1,0.44,Electronics,1,UK
CON-000637,46,<30k,0.163,19,8,0.6,Beauty,0,UK
CON-000638,49,30-60k,0.429,23,20,0.51,Sports,1,US-West
CON-000639,39,30-60k,0.434,10,20,0.16,Electronics,0,UK
CON-000640,64,30-60k,0.417,53,5,0.19,Electronics,1,US-West
CON-000641,51,<30k,0.489,46,2,0.3,Fashion,0,UK
CON-000642,44,<30k,0.248,48,2,0.67,Beauty,0,UK
CON-000643,21,150k+,0.273,42,19,0.31,Beauty,1,UK
CON-000644,22,100-150k,0.164,42,19,0.58,Electronics,0,US-West
CON-000645,35,150k+,0.14,12,17,0.47,Sports,1,US-East
CON-000646,52,150k+,0.112,41,7,0.35,Electronics,1,UK
CON-000647,52,<30k,0.434,10,6,0.36,Food,1,US-East
CON-000648,24,150k+,0.138,37,17,0.32,Fashion,1,US-Central
CON-000649,53,60-100k,0.022,43,19,0.75,Home,0,US-Central
CON-000650,49,30-60k,0.466,16,15,0.26,Fashion,1,UK
CON-000651,29,<30k,0.285,15,12,0,Electronics,1,US-West
CON-000652,46,150k+,0.129,34,6,0.07,Home,1,UK
CON-000653,42,60-100k,0.104,48,23,0.11,Food,1,US-Central
CON-000654,35,100-150k,0.223,43,18,0.75,Beauty,0,Canada
CON-000655,26,100-150k,0.305,35,10,0.31,Home,0,UK
CON-000656,28,<30k,0.378,17,8,0.04,Sports,1,US-Central
CON-000657,54,100-150k,0.099,4,5,0.35,Electronics,1,UK
CON-000658,67,150k+,0.012,36,13,0.76,Electronics,0,Canada
CON-000659,67,60-100k,0.19,36,10,0.78,Electronics,0,US-East
CON-000660,28,150k+,0.089,14,18,0.31,Fashion,0,US-West
CON-000661,67,<30k,0.002,9,9,0.59,Electronics,0,US-Central
CON-000662,25,30-60k,0.174,54,17,0.21,Home,0,US-West
CON-000663,54,60-100k,0.156,0,19,0.51,Sports,1,US-Central
CON-000664,40,30-60k,0.168,44,6,0.65,Home,0,US-West
CON-000665,31,150k+,0.338,31,2,0.43,Home,1,US-West
CON-000666,67,30-60k,0.278,12,2,0.68,Food,1,US-East
CON-000667,30,100-150k,0.195,40,13,0.36,Fashion,1,US-West
CON-000668,53,60-100k,0.027,53,4,0.57,Sports,1,US-East
CON-000669,34,150k+,0.301,10,15,0.23,Sports,1,UK
CON-000670,18,100-150k,0.361,17,7,0.32,Fashion,1,US-West
CON-000671,37,60-100k,0.229,53,0,0.58,Fashion,1,US-East
CON-000672,69,<30k,0.468,14,9,0.77,Fashion,0,UK
CON-000673,35,30-60k,0.022,58,8,0.64,Beauty,1,US-Central
CON-000674,31,<30k,0.015,25,18,0.33,Food,0,UK
CON-000675,30,<30k,0.069,48,4,0.61,Sports,0,Canada
CON-000676,62,30-60k,0.285,44,21,0.58,Sports,0,US-Central
CON-000677,57,<30k,0.337,17,5,0.34,Beauty,1,US-Central
CON-000678,20,30-60k,0.239,46,0,0.23,Sports,0,UK
CON-000679,59,150k+,0.084,3,14,0.23,Home,0,UK
CON-000680,28,150k+,0.401,2,3,0.02,Electronics,1,US-Central
CON-000681,20,30-60k,0.47,54,16,0.42,Home,1,US-East
CON-000682,42,150k+,0.35,6,7,0.07,Electronics,0,US-East
CON-000683,20,150k+,0.094,37,4,0.21,Food,0,UK
CON-000684,25,<30k,0.188,28,9,0.4,Food,0,US-East
CON-000685,39,60-100k,0.242,2,4,0.71,Home,1,Canada
CON-000686,28,30-60k,0.36,25,6,0.34,Food,1,UK
CON-000687,28,60-100k,0.463,25,11,0.02,Beauty,1,Canada
CON-000688,38,60-100k,0.393,36,23,0.37,Home,0,US-Central
CON-000689,48,<30k,0.072,29,10,0.33,Sports,1,US-West
CON-000690,42,150k+,0.045,59,11,0.1,Home,0,Canada
CON-000691,22,<30k,0.171,43,14,0.29,Fashion,1,UK
CON-000692,19,150k+,0.322,43,19,0.8,Home,0,Canada
CON-000693,30,150k+,0.256,27,5,0.62,Beauty,1,US-West
CON-000694,24,<30k,0.339,33,19,0.3,Beauty,0,US-East
CON-000695,65,30-60k,0.426,1,23,0.57,Food,1,Canada
CON-000696,48,30-60k,0.273,27,8,0.23,Beauty,1,Canada
CON-000697,47,60-100k,0.459,55,19,0.49,Sports,0,UK
CON-000698,29,100-150k,0.188,47,10,0.76,Sports,1,US-West
CON-000699,63,100-150k,0.284,19,17,0.52,Beauty,1,US-Central
CON-000700,52,60-100k,0.264,21,11,0.62,Fashion,0,UK
CON-000701,23,30-60k,0.367,20,15,0.24,Sports,0,UK
CON-000702,41,150k+,0.188,24,14,0.09,Food,0,US-East
CON-000703,62,60-100k,0.08,30,15,0.64,Sports,1,US-West
CON-000704,69,<30k,0.379,48,2,0.33,Fashion,0,US-Central
CON-000705,22,100-150k,0.295,60,1,0.7,Electronics,1,US-West
CON-000706,42,<30k,0.23,54,6,0.67,Electronics,0,US-East
CON-000707,50,100-150k,0.106,16,0,0.57,Electronics,0,UK
CON-000708,65,150k+,0.22,59,12,0.14,Food,1,UK
CON-000709,63,100-150k,0.201,32,4,0.29,Electronics,0,US-East
CON-000710,42,150k+,0.058,16,1,0.52,Food,0,US-East
CON-000711,20,150k+,0.129,42,22,0.24,Food,1,US-West
CON-000712,40,150k+,0.443,59,21,0.52,Sports,1,UK
CON-000713,44,60-100k,0.087,2,1,0.52,Fashion,1,Canada
CON-000714,48,100-150k,0.364,42,9,0.18,Food,1,US-Central
CON-000715,40,30-60k,0.342,50,9,0.09,Beauty,0,US-West
CON-000716,58,100-150k,0.365,33,3,0.54,Sports,1,US-East
CON-000717,64,150k+,0.022,18,3,0.49,Food,0,US-East
CON-000718,43,150k+,0.139,10,4,0.48,Home,1,Canada
CON-000719,33,<30k,0.087,33,16,0.01,Beauty,0,UK
CON-000720,23,<30k,0.273,5,2,0.43,Electronics,1,US-Central
CON-000721,45,150k+,0.103,6,16,0,Sports,0,UK
CON-000722,57,150k+,0.293,59,22,0.22,Fashion,1,US-Central
CON-000723,33,150k+,0.334,20,8,0.75,Sports,1,US-West
CON-000724,67,100-150k,0.433,19,15,0.14,Food,1,US-West
CON-000725,51,150k+,0.456,25,20,0.5,Home,1,UK
CON-000726,20,30-60k,0.295,42,4,0.38,Food,1,US-West
CON-000727,50,30-60k,0.163,60,24,0.46,Food,0,US-East
CON-000728,33,<30k,0.056,33,18,0.17,Sports,0,US-Central
CON-000729,70,<30k,0.202,44,8,0.04,Sports,1,Canada
CON-000730,42,30-60k,0.322,19,16,0.51,Sports,0,Canada
CON-000731,49,100-150k,0.212,8,4,0.24,Electronics,1,Canada
CON-000732,22,100-150k,0.339,13,23,0.5,Beauty,0,Canada
CON-000733,23,60-100k,0.347,28,16,0.41,Sports,1,US-West
CON-000734,45,150k+,0.12,26,7,0.4,Beauty,1,US-West
CON-000735,42,<30k,0.218,15,11,0.52,Sports,1,Canada
CON-000736,26,<30k,0.312,12,19,0.4,Food,1,US-Central
CON-000737,34,30-60k,0.097,29,13,0.05,Sports,1,UK
CON-000738,57,<30k,0.286,60,14,0.61,Fashion,0,Canada
CON-000739,58,60-100k,0.063,8,21,0.21,Electronics,1,US-East
CON-000740,18,150k+,0.413,20,18,0.51,Electronics,1,US-East
CON-000741,47,100-150k,0.356,32,10,0.08,Sports,1,Canada
CON-000742,37,30-60k,0.401,24,13,0.27,Electronics,0,US-East
CON-000743,32,<30k,0.274,41,9,0.09,Food,0,US-East
CON-000744,55,30-60k,0.224,18,20,0.58,Fashion,0,UK
CON-000745,53,60-100k,0.004,36,7,0.37,Sports,1,UK
CON-000746,41,100-150k,0.005,56,7,0.78,Sports,1,US-East
CON-000747,22,60-100k,0.482,50,10,0.53,Sports,1,US-Central
CON-000748,40,150k+,0.473,58,1,0.15,Food,0,US-West
CON-000749,37,60-100k,0.233,15,18,0.5,Fashion,0,UK
CON-000750,50,100-150k,0.354,34,20,0.6,Beauty,1,US-Central
CON-000751,58,30-60k,0.113,3,17,0.43,Electronics,0,US-West
CON-000752,21,100-150k,0.44,4,5,0.76,Electronics,0,Canada
CON-000753,59,100-150k,0.427,38,21,0.77,Electronics,0,UK
CON-000754,59,60-100k,0.423,41,20,0.5,Fashion,1,US-East
CON-000755,36,150k+,0.139,56,14,0.11,Sports,1,US-Central
CON-000756,54,30-60k,0.411,36,1,0.02,Fashion,1,US-West
CON-000757,50,60-100k,0.472,38,11,0.31,Electronics,1,US-Central
CON-000758,46,<30k,0.252,16,15,0.8,Fashion,0,US-East
CON-000759,70,100-150k,0.284,47,17,0.04,Beauty,0,US-West
CON-000760,19,<30k,0.433,18,15,0.05,Sports,1,Canada
CON-000761,46,100-150k,0.28,26,16,0.02,Home,0,US-Central
CON-000762,58,30-60k,0.279,46,24,0.36,Electronics,0,US-Central
CON-000763,70,60-100k,0.359,54,7,0.37,Sports,1,US-Central
CON-000764,54,100-150k,0.116,32,13,0.79,Electronics,0,US-West
CON-000765,33,<30k,0.101,10,22,0.01,Beauty,0,US-East
CON-000766,47,30-60k,0.276,47,7,0.23,Fashion,0,UK
CON-000767,19,100-150k,0.446,49,19,0.67,Food,1,Canada
CON-000768,39,<30k,0.124,2,14,0.62,Electronics,0,US-Central
CON-000769,63,30-60k,0.378,42,24,0.45,Electronics,0,US-Central
CON-000770,25,<30k,0.4,55,10,0.17,Home,1,US-East
CON-000771,58,60-100k,0.216,19,9,0.39,Food,1,Canada
CON-000772,18,30-60k,0.42,34,17,0.38,Electronics,1,UK
CON-000773,37,100-150k,0.491,19,7,0.47,Beauty,1,US-East
CON-000774,55,150k+,0.086,18,6,0.76,Fashion,0,Canada
CON-000775,40,100-150k,0.463,10,24,0.33,Food,1,Canada
CON-000776,58,<30k,0.251,45,9,0.14,Fashion,1,Canada
CON-000777,62,60-100k,0.018,49,19,0.44,Home,1,UK
CON-000778,51,150k+,0.124,19,2,0.73,Sports,1,US-West
CON-000779,69,30-60k,0.114,43,6,0.37,Home,1,UK
CON-000780,32,<30k,0.382,25,24,0.8,Electronics,0,UK
CON-000781,29,150k+,0.333,29,8,0.32,Fashion,1,US-West
CON-000782,64,<30k,0.026,10,13,0.3,Sports,0,US-West
CON-000783,25,<30k,0.481,59,5,0.05,Sports,0,UK
CON-000784,43,150k+,0.16,2,15,0.62,Home,0,UK
CON-000785,35,100-150k,0.384,18,9,0.45,Home,1,UK
CON-000786,22,60-100k,0.124,23,9,0.39,Food,0,US-Central
CON-000787,31,100-150k,0.306,37,15,0.29,Beauty,1,Canada
CON-000788,44,100-150k,0.385,38,23,0.08,Electronics,0,US-East
CON-000789,34,60-100k,0.053,36,10,0.61,Fashion,0,US-Central
CON-000790,23,60-100k,0.09,39,13,0.58,Food,0,US-West
CON-000791,23,60-100k,0.344,23,22,0.66,Beauty,0,US-East
CON-000792,70,<30k,0.179,5,11,0.22,Electronics,1,US-East
CON-000793,43,<30k,0.426,10,10,0.79,Sports,1,US-West
CON-000794,25,<30k,0.216,35,14,0.44,Fashion,1,US-West
CON-000795,53,60-100k,0.327,5,9,0.1,Fashion,0,US-East
CON-000796,37,60-100k,0.21,1,5,0.38,Beauty,1,US-East
CON-000797,25,<30k,0.091,2,22,0.67,Home,1,US-East
CON-000798,54,150k+,0.242,24,4,0.26,Home,1,UK
CON-000799,24,60-100k,0.402,11,12,0.16,Food,0,UK
CON-000800,60,150k+,0.248,48,11,0.74,Food,0,US-East
CON-000801,69,100-150k,0.279,25,10,0.61,Beauty,0,Canada
CON-000802,24,100-150k,0.327,20,24,0.11,Electronics,1,US-East
CON-000803,33,150k+,0.119,6,20,0.16,Home,0,US-West
CON-000804,57,30-60k,0.302,29,23,0.8,Electronics,0,Canada
CON-000805,24,30-60k,0.331,25,0,0.23,Electronics,1,UK
CON-000806,26,<30k,0.334,51,10,0.54,Sports,0,Canada
CON-000807,70,60-100k,0.432,57,17,0.22,Beauty,0,US-West
CON-000808,26,30-60k,0.061,53,12,0.49,Home,0,Canada
CON-000809,22,30-60k,0.265,48,2,0.36,Sports,1,US-Central
CON-000810,60,150k+,0.13,55,8,0.31,Fashion,0,US-West
CON-000811,54,30-60k,0.242,8,20,0.77,Fashion,1,UK
CON-000812,55,30-60k,0.41,20,7,0,Beauty,1,US-Central
CON-000813,39,100-150k,0.231,9,0,0.64,Sports,1,US-East
CON-000814,52,30-60k,0.317,53,14,0.01,Beauty,1,US-East
CON-000815,22,150k+,0.233,13,24,0.44,Beauty,1,US-West
CON-000816,53,<30k,0.122,54,11,0.37,Food,1,UK
CON-000817,61,60-100k,0.429,8,1,0.61,Beauty,1,Canada
CON-000818,37,30-60k,0.332,55,0,0.01,Beauty,0,UK
CON-000819,40,60-100k,0.265,17,17,0.77,Sports,0,US-West
CON-000820,28,100-150k,0.173,11,23,0.63,Home,0,UK
CON-000821,64,30-60k,0.183,3,1,0.4,Food,0,US-East
CON-000822,39,60-100k,0.176,13,7,0.51,Sports,1,UK
CON-000823,60,60-100k,0.317,1,6,0.07,Electronics,0,US-East
CON-000824,60,150k+,0.26,22,18,0.43,Electronics,0,UK
CON-000825,55,100-150k,0.018,20,20,0.44,Food,1,US-West
CON-000826,25,100-150k,0.405,59,12,0.01,Sports,1,US-Central
CON-000827,70,150k+,0.489,52,15,0.24,Food,1,US-West
CON-000828,53,60-100k,0.437,19,5,0.73,Food,0,UK
CON-000829,37,30-60k,0.065,55,6,0.43,Beauty,1,Canada
CON-000830,67,60-100k,0.132,12,13,0.15,Beauty,1,US-Central
CON-000831,41,<30k,0.371,49,15,0.72,Sports,0,US-Central
CON-000832,50,60-100k,0.104,22,0,0.78,Home,0,UK
CON-000833,51,60-100k,0.242,60,20,0.03,Electronics,0,Canada
CON-000834,35,30-60k,0.197,3,22,0.58,Sports,1,US-West
CON-000835,56,150k+,0.405,59,10,0.03,Electronics,1,US-West
CON-000836,48,<30k,0.029,4,0,0.45,Home,1,US-West
CON-000837,70,100-150k,0.1,51,7,0.45,Home,0,US-Central
CON-000838,68,60-100k,0.209,7,22,0.25,Food,1,US-East
CON-000839,60,100-150k,0.338,32,1,0.28,Food,1,Canada
CON-000840,27,30-60k,0.017,35,9,0.04,Sports,1,US-West
CON-000841,18,60-100k,0.085,30,8,0.08,Electronics,0,UK
CON-000842,54,<30k,0.065,17,18,0.4,Electronics,0,Canada
CON-000843,23,<30k,0.287,18,11,0.71,Beauty,0,UK
CON-000844,32,30-60k,0.307,50,3,0.35,Food,1,Canada
CON-000845,68,60-100k,0.201,20,11,0.35,Home,0,US-East
CON-000846,50,<30k,0.169,60,20,0.53,Fashion,1,UK
CON-000847,25,150k+,0.282,4,22,0.79,Sports,1,Canada
CON-000848,36,60-100k,0.05,11,5,0.03,Sports,1,US-West
CON-000849,52,150k+,0.181,16,10,0.8,Fashion,0,US-East
CON-000850,35,100-150k,0.289,41,7,0.21,Beauty,1,US-Central
CON-000851,19,60-100k,0.49,36,19,0.57,Food,1,Canada
CON-000852,51,<30k,0.309,59,6,0.49,Electronics,1,US-West
CON-000853,62,150k+,0.112,37,7,0.74,Home,1,US-Central
CON-000854,48,150k+,0.17,13,3,0.79,Electronics,1,Canada
CON-000855,32,30-60k,0.107,27,18,0.79,Home,1,Canada
CON-000856,26,30-60k,0.008,10,1,0.61,Fashion,1,US-Central
CON-000857,27,150k+,0.069,36,22,0.19,Sports,0,US-West
CON-000858,30,100-150k,0.15,59,19,0.06,Electronics,1,UK
CON-000859,26,<30k,0.12,9,4,0.23,Beauty,0,Canada
CON-000860,40,100-150k,0.194,17,16,0.55,Fashion,1,Canada
CON-000861,41,150k+,0.087,58,0,0.03,Home,1,US-East
CON-000862,26,150k+,0.45,54,10,0.13,Food,0,US-Central
CON-000863,33,<30k,0.111,9,9,0.51,Food,0,US-East
CON-000864,21,100-150k,0.457,53,16,0.37,Food,0,UK
CON-000865,57,60-100k,0.263,9,23,0.78,Beauty,0,Canada
CON-000866,45,30-60k,0.279,53,1,0.11,Electronics,0,Canada
CON-000867,63,30-60k,0.265,32,6,0.29,Food,0,US-Central
CON-000868,70,100-150k,0.376,13,19,0.14,Food,0,US-West
CON-000869,52,30-60k,0.411,23,6,0.19,Sports,0,US-West
CON-000870,45,60-100k,0.321,44,23,0.1,Sports,1,UK
CON-000871,63,30-60k,0.447,43,20,0.1,Beauty,1,US-Central
CON-000872,36,100-150k,0.195,32,11,0.51,Electronics,1,UK
CON-000873,29,150k+,0.258,10,20,0.54,Electronics,0,US-West
CON-000874,29,<30k,0.426,14,12,0.68,Home,1,US-West
CON-000875,48,150k+,0.172,42,17,0.11,Fashion,0,US-East
CON-000876,35,150k+,0.42,51,19,0.52,Beauty,1,US-West
CON-000877,45,100-150k,0.124,45,23,0.55,Electronics,0,Canada
CON-000878,59,150k+,0.22,52,2,0.21,Electronics,1,Canada
CON-000879,19,150k+,0.451,41,15,0.28,Sports,0,Canada
CON-000880,33,150k+,0.036,50,19,0.24,Beauty,1,Canada
CON-000881,50,150k+,0.317,52,4,0.4,Electronics,0,Canada
CON-000882,38,60-100k,0.112,43,6,0.18,Fashion,0,US-East
CON-000883,19,<30k,0.374,16,5,0.57,Beauty,1,US-West
CON-000884,27,150k+,0.373,2,2,0.46,Sports,0,US-Central
CON-000885,59,<30k,0.14,13,10,0.59,Home,0,UK
CON-000886,43,150k+,0.033,20,9,0.52,Fashion,0,US-Central
CON-000887,36,30-60k,0.114,25,17,0.23,Sports,0,Canada
CON-000888,37,150k+,0.005,45,8,0.61,Beauty,1,Canada
CON-000889,55,100-150k,0.136,26,9,0.11,Sports,0,US-Central
CON-000890,31,30-60k,0.345,38,16,0.57,Food,1,Canada
CON-000891,66,60-100k,0.368,25,4,0.01,Sports,1,US-West
CON-000892,57,150k+,0.35,19,1,0.06,Food,0,US-Central
CON-000893,36,150k+,0.333,43,23,0.37,Home,0,UK
CON-000894,51,30-60k,0.102,1,15,0.69,Sports,0,US-West
CON-000895,22,150k+,0.28,1,14,0.38,Electronics,0,US-Central
CON-000896,26,30-60k,0.335,27,0,0.49,Food,0,US-Central
CON-000897,42,150k+,0.091,31,4,0.13,Food,1,US-East
CON-000898,30,30-60k,0.034,60,16,0.65,Fashion,1,US-West
CON-000899,35,30-60k,0.411,53,14,0.23,Food,1,Canada
CON-000900,45,30-60k,0.236,59,19,0.66,Home,1,Canada
CON-000901,26,100-150k,0.029,23,19,0.17,Food,1,US-East
CON-000902,53,150k+,0.35,1,21,0.24,Electronics,0,UK
CON-000903,29,100-150k,0.458,10,13,0.15,Home,1,US-East
CON-000904,31,60-100k,0.172,53,8,0.79,Home,1,US-Central
CON-000905,61,<30k,0.101,10,5,0.43,Home,0,US-West
CON-000906,36,150k+,0.243,29,14,0.73,Food,0,UK
CON-000907,52,150k+,0.391,13,15,0.68,Electronics,0,UK
CON-000908,37,100-150k,0.465,17,6,0.61,Food,0,US-Central
CON-000909,63,100-150k,0.127,47,21,0.13,Fashion,0,US-West
CON-000910,25,30-60k,0.236,17,23,0.12,Home,1,US-Central
CON-000911,23,60-100k,0.402,14,9,0.09,Sports,0,Canada
CON-000912,50,100-150k,0.484,37,6,0.72,Electronics,0,US-Central
CON-000913,35,150k+,0.338,5,16,0.54,Sports,0,US-East
CON-000914,54,100-150k,0.239,8,14,0.01,Fashion,0,US-Central
CON-000915,32,<30k,0.166,5,18,0.43,Fashion,1,US-East
CON-000916,58,100-150k,0.232,2,8,0.07,Sports,1,UK
CON-000917,34,<30k,0.189,55,3,0.54,Beauty,1,UK
CON-000918,64,150k+,0.009,9,4,0.05,Electronics,0,UK
CON-000919,55,30-60k,0.016,15,1,0.03,Electronics,1,US-East
CON-000920,56,150k+,0.041,2,5,0.36,Home,1,US-Central
CON-000921,65,30-60k,0.188,58,21,0.69,Sports,0,UK
CON-000922,39,60-100k,0.485,5,16,0.79,Food,1,US-Central
CON-000923,32,30-60k,0.081,52,1,0.05,Beauty,1,US-West
CON-000924,20,60-100k,0.052,56,18,0.42,Sports,1,US-East
CON-000925,70,60-100k,0.41,42,9,0.5,Food,0,US-West
CON-000926,52,60-100k,0.187,33,11,0.5,Sports,1,US-East
CON-000927,70,30-60k,0.369,58,20,0.72,Electronics,1,Canada
CON-000928,42,150k+,0.158,47,1,0.76,Fashion,1,US-East
CON-000929,37,60-100k,0.197,39,8,0.24,Sports,1,US-Central
CON-000930,63,100-150k,0.461,45,8,0.3,Food,1,US-East
CON-000931,55,150k+,0.169,36,8,0.51,Fashion,1,UK
CON-000932,65,30-60k,0.287,35,24,0.04,Food,0,Canada
CON-000933,62,150k+,0.1,11,21,0.04,Home,0,Canada
CON-000934,26,30-60k,0.438,47,14,0.18,Fashion,0,US-West
CON-000935,40,60-100k,0.08,58,6,0.5,Beauty,0,UK
CON-000936,25,60-100k,0.195,58,6,0.16,Fashion,1,UK
CON-000937,29,<30k,0.301,15,5,0.19,Electronics,0,UK
CON-000938,18,100-150k,0.146,28,17,0.39,Electronics,0,US-Central
CON-000939,69,60-100k,0.127,7,15,0.77,Home,1,US-East
CON-000940,27,100-150k,0.378,49,13,0.78,Beauty,1,US-Central
CON-000941,47,150k+,0.192,27,22,0.67,Home,1,US-Central
CON-000942,28,30-60k,0.481,33,1,0.55,Beauty,1,US-West
CON-000943,30,100-150k,0.485,11,0,0.23,Fashion,0,Canada
CON-000944,29,100-150k,0.067,25,2,0.18,Sports,0,US-Central
CON-000945,39,<30k,0.006,57,18,0.5,Electronics,0,US-West
CON-000946,49,150k+,0.229,49,21,0.21,Beauty,0,Canada
CON-000947,32,30-60k,0.484,4,8,0.57,Food,1,Canada
CON-000948,19,60-100k,0.331,27,18,0.61,Electronics,1,UK
CON-000949,18,<30k,0.058,17,19,0.14,Beauty,1,US-Central
CON-000950,41,60-100k,0.061,45,3,0.7,Fashion,1,US-East