JobId,CandidateId,YearsExperience,EducationLevel,SkillMatchPct,InterviewScore,SalaryExpectation,ReferralSource,RemotePreference,CandidateFitScore
JOB-104,CND-00001,19.8,Bootcamp,86.3,7.9,92923,CompanySite,Onsite,1
JOB-110,CND-00002,8.3,PhD,75.9,3.3,96726,LinkedIn,Remote,0.7061
JOB-106,CND-00003,6.6,HighSchool,62.7,1.4,128657,Referral,Onsite,0.4738
JOB-111,CND-00004,9.2,HighSchool,81.6,5.3,148084,LinkedIn,Remote,0.8524
JOB-120,CND-00005,0.8,Bachelors,94.4,4.5,170165,Referral,Onsite,0.6696
JOB-102,CND-00006,14.3,Masters,41.5,4.1,54229,CompanySite,Onsite,0.6565
JOB-110,CND-00007,19.4,HighSchool,60.3,2.8,115525,JobBoard,Onsite,0.7102
JOB-119,CND-00008,12.6,Bachelors,67.5,7,163998,LinkedIn,Onsite,1
JOB-104,CND-00009,15,Bachelors,53.2,1.5,127615,Recruiter,Onsite,0.6278
JOB-116,CND-00010,12.5,HighSchool,40.2,6.5,79771,JobBoard,Onsite,0.6783
JOB-107,CND-00011,5.3,Masters,50.1,2.1,167121,JobBoard,Hybrid,0.3159
JOB-110,CND-00012,7.2,Bachelors,85.1,8.7,109102,Recruiter,Hybrid,0.8904
JOB-108,CND-00013,3.9,Bachelors,54,7.3,74256,Referral,Hybrid,0.8025
JOB-105,CND-00014,0.6,PhD,74.2,9.7,82273,JobBoard,Remote,0.7878
JOB-116,CND-00015,4.5,Bachelors,94.3,3,173756,JobBoard,Hybrid,0.7347
JOB-101,CND-00016,2.5,PhD,55,1.3,75027,Referral,Hybrid,0.3455
JOB-108,CND-00017,13.6,PhD,58.2,2.5,96868,JobBoard,Onsite,0.7268
JOB-114,CND-00018,18.6,HighSchool,91.8,2.3,171378,CompanySite,Hybrid,0.8142
JOB-102,CND-00019,17.3,Masters,75.5,2.7,85673,LinkedIn,Onsite,0.8235
JOB-116,CND-00020,6.3,Bachelors,44.1,4.2,93246,JobBoard,Remote,0.5629
JOB-116,CND-00021,18.7,HighSchool,64.5,1.8,115026,LinkedIn,Onsite,0.7165
JOB-110,CND-00022,16.3,HighSchool,99.9,9.6,122445,CompanySite,Remote,1
JOB-106,CND-00023,15.1,Bachelors,67.2,4.8,134062,CompanySite,Onsite,0.8833
JOB-104,CND-00024,8,Masters,53.8,4,61447,JobBoard,Remote,0.5452
JOB-107,CND-00025,13,PhD,40.9,7.9,164784,CompanySite,Remote,0.9026
JOB-119,CND-00026,10.4,PhD,79.8,4.5,129889,JobBoard,Onsite,0.7752
JOB-118,CND-00027,6.3,Bootcamp,68.7,5.5,87419,Referral,Onsite,0.7393
JOB-102,CND-00028,3.8,Bachelors,51,7.1,129269,Recruiter,Hybrid,0.827
JOB-116,CND-00029,15.1,Bachelors,83.4,7.8,117109,CompanySite,Hybrid,1
JOB-101,CND-00030,11,HighSchool,56.2,9.5,74746,JobBoard,Onsite,1
JOB-103,CND-00031,15.1,Bachelors,97.3,4.4,69448,JobBoard,Onsite,0.9597
JOB-114,CND-00032,8,Bootcamp,47.4,3.7,173927,LinkedIn,Onsite,0.5116
JOB-100,CND-00033,5.9,PhD,86.5,1.5,110597,Referral,Remote,0.6445
JOB-116,CND-00034,0.4,Masters,83.5,9.2,128770,JobBoard,Hybrid,0.992
JOB-118,CND-00035,1.6,PhD,40.8,5,123539,Recruiter,Remote,0.5272
JOB-105,CND-00036,13.8,HighSchool,90.6,2.2,142607,CompanySite,Hybrid,0.7014
JOB-109,CND-00037,1.9,PhD,67.3,2.5,176103,Referral,Hybrid,0.4977
JOB-109,CND-00038,1.9,HighSchool,59.1,3.8,87243,Recruiter,Onsite,0.4929
JOB-114,CND-00039,17.2,Bachelors,86.8,8,125600,Referral,Remote,1
JOB-110,CND-00040,11.5,PhD,80.7,7.7,112501,JobBoard,Hybrid,1
JOB-118,CND-00041,19.8,PhD,73.4,1.8,83687,Referral,Onsite,0.7786
JOB-101,CND-00042,4.2,Bachelors,81.4,3.3,163446,CompanySite,Onsite,0.5866
JOB-101,CND-00043,10.7,PhD,63.1,6.9,71473,Recruiter,Onsite,0.9669
JOB-111,CND-00044,8,Masters,62.7,8.5,79174,LinkedIn,Hybrid,0.8408
JOB-110,CND-00045,6,Masters,55.3,2,76234,Referral,Onsite,0.5712
JOB-108,CND-00046,4.5,Masters,51.7,9.4,40894,CompanySite,Onsite,0.9183
JOB-101,CND-00047,5,Bachelors,44,6.1,134671,CompanySite,Hybrid,0.537
JOB-114,CND-00048,3.3,Masters,43.2,4.8,70219,Referral,Hybrid,0.6303
JOB-105,CND-00049,8.6,HighSchool,91.5,3.3,124543,Referral,Onsite,0.803
JOB-120,CND-00050,3.6,Bootcamp,88.3,3.6,99751,Recruiter,Onsite,0.7132
JOB-104,CND-00051,7.5,HighSchool,97.3,1.5,100238,Recruiter,Hybrid,0.7417
JOB-101,CND-00052,0.7,PhD,81.6,3.1,81064,Referral,Remote,0.6329
JOB-106,CND-00053,14.5,PhD,68.3,1.2,111287,CompanySite,Remote,0.6427
JOB-105,CND-00054,1.2,Masters,99.9,7.4,79507,CompanySite,Remote,0.8916
JOB-114,CND-00055,5.5,HighSchool,63.6,4.4,141840,JobBoard,Onsite,0.7409
JOB-101,CND-00056,8.8,HighSchool,78,9.7,137689,LinkedIn,Remote,1
JOB-114,CND-00057,17.9,Bachelors,90.6,2.8,108947,CompanySite,Onsite,0.7689
JOB-117,CND-00058,2.4,Bachelors,72.2,7.3,134013,CompanySite,Remote,0.8028
JOB-108,CND-00059,7.4,Bootcamp,99,2,119974,JobBoard,Remote,0.657
JOB-100,CND-00060,12.6,Bootcamp,51.9,2.3,45058,JobBoard,Remote,0.6546
JOB-113,CND-00061,7,HighSchool,88.7,2.4,43640,Recruiter,Hybrid,0.7338
JOB-108,CND-00062,5.4,PhD,68.3,3.7,169712,Referral,Remote,0.6062
JOB-110,CND-00063,12.4,PhD,72.7,8,57569,JobBoard,Hybrid,1
JOB-115,CND-00064,4.2,Bootcamp,78.3,8.3,128260,LinkedIn,Hybrid,0.9942
JOB-108,CND-00065,7.6,Bootcamp,97.7,2.5,131673,LinkedIn,Onsite,0.7148
JOB-118,CND-00066,2.8,Bootcamp,87.5,1.6,122881,LinkedIn,Remote,0.618
JOB-119,CND-00067,2.1,Bachelors,55.2,1.4,118426,CompanySite,Remote,0.2563
JOB-118,CND-00068,13,Bachelors,99.9,9.8,142912,JobBoard,Onsite,1
JOB-109,CND-00069,18.2,Bootcamp,52.4,8.1,147804,Referral,Onsite,1
JOB-118,CND-00070,12.4,PhD,73.9,7.4,153253,Referral,Remote,0.9956
JOB-114,CND-00071,3.8,PhD,91.9,9.5,124493,JobBoard,Remote,0.9246
JOB-120,CND-00072,14.9,Bachelors,75.1,6,95024,Recruiter,Remote,0.8239
JOB-110,CND-00073,14.7,Masters,44.6,7.8,148910,Referral,Hybrid,0.8969
JOB-108,CND-00074,16.6,HighSchool,55,9.2,85178,Referral,Hybrid,0.931
JOB-117,CND-00075,4.3,HighSchool,62.1,1.6,172460,LinkedIn,Onsite,0.5589
JOB-111,CND-00076,10.3,HighSchool,42.2,9.6,162421,CompanySite,Hybrid,0.9493
JOB-108,CND-00077,0.5,HighSchool,56.2,9,164582,Recruiter,Remote,0.7623
JOB-107,CND-00078,13.7,PhD,76.2,1.9,121888,JobBoard,Hybrid,0.6143
JOB-116,CND-00079,6.9,HighSchool,56.1,1.7,140843,LinkedIn,Remote,0.5799
JOB-108,CND-00080,5.4,HighSchool,97.1,9.5,102320,CompanySite,Hybrid,1
JOB-108,CND-00081,15,Bachelors,51.7,8.7,80076,Recruiter,Remote,0.9238
JOB-109,CND-00082,16.9,Bootcamp,68.5,7.7,102770,Referral,Hybrid,1
JOB-105,CND-00083,8.6,HighSchool,70.4,3.4,109742,Recruiter,Hybrid,0.7246
JOB-120,CND-00084,0.4,Bootcamp,74.1,8.7,53404,CompanySite,Remote,0.9644
JOB-103,CND-00085,4.7,PhD,48.3,4.9,64644,Referral,Onsite,0.6277
JOB-103,CND-00086,13.6,Bachelors,58.4,3.7,99338,Referral,Onsite,0.7796
JOB-103,CND-00087,12.6,Masters,48.1,2.7,147579,LinkedIn,Hybrid,0.4934
JOB-117,CND-00088,16.4,PhD,54.3,4.5,143426,CompanySite,Hybrid,0.8132
JOB-120,CND-00089,0.1,Masters,83.5,4.4,107063,CompanySite,Hybrid,0.6795
JOB-104,CND-00090,5.4,Bootcamp,96.4,8.7,48725,CompanySite,Onsite,1
JOB-101,CND-00091,1.1,Masters,96.3,3.6,70650,CompanySite,Hybrid,0.5277
JOB-103,CND-00092,5.7,Bootcamp,49.4,1.1,73488,Referral,Onsite,0.2691
JOB-111,CND-00093,19.9,Masters,97.7,7.6,154720,Referral,Remote,1
JOB-104,CND-00094,17,Bachelors,51.5,1.9,76365,CompanySite,Hybrid,0.655
JOB-112,CND-00095,0,Bachelors,75,1,60357,Referral,Onsite,0.32
JOB-106,CND-00096,4.8,PhD,79.3,3.1,47854,CompanySite,Remote,0.6752
JOB-112,CND-00097,7,Bootcamp,75.3,2.3,48376,Referral,Remote,0.5642
JOB-100,CND-00098,14.2,Masters,85.8,9.4,156794,CompanySite,Hybrid,1
JOB-120,CND-00099,9.2,Bootcamp,59.7,4.3,177504,Referral,Remote,0.5748
JOB-109,CND-00100,0.4,Masters,81.2,1,156851,CompanySite,Hybrid,0.4908
JOB-106,CND-00101,17.6,Bachelors,46.3,6.9,153087,CompanySite,Onsite,0.8632
JOB-109,CND-00102,10.5,Masters,60.5,3.2,140263,Recruiter,Onsite,0.5015
JOB-110,CND-00103,3.7,Masters,58.2,3.4,52814,JobBoard,Hybrid,0.5123
JOB-113,CND-00104,10.5,HighSchool,55.8,1,143196,Referral,Remote,0.5707
JOB-104,CND-00105,15.2,HighSchool,52.4,2.8,92453,Referral,Hybrid,0.5656
JOB-101,CND-00106,10.7,Bootcamp,42.8,4,95543,Referral,Hybrid,0.6017
JOB-107,CND-00107,6.2,Masters,93,9.1,163280,Recruiter,Remote,1
JOB-117,CND-00108,15,HighSchool,90.1,4.1,152732,CompanySite,Hybrid,0.7814
JOB-114,CND-00109,3.4,PhD,73.1,7.4,123645,Referral,Hybrid,0.8674
JOB-117,CND-00110,0.3,Masters,63.8,1.5,154769,JobBoard,Hybrid,0.3197
JOB-120,CND-00111,10.8,Bachelors,49.8,3.4,125623,Referral,Hybrid,0.5952
JOB-106,CND-00112,5.3,PhD,40.2,7.4,160612,LinkedIn,Onsite,0.6543
JOB-109,CND-00113,12.3,PhD,44.5,2.5,179823,CompanySite,Onsite,0.6525
JOB-107,CND-00114,4.5,HighSchool,75.8,5.8,105452,CompanySite,Remote,0.6987
JOB-104,CND-00115,3.8,PhD,90.5,7.3,61295,Recruiter,Hybrid,0.787
JOB-101,CND-00116,3.4,Masters,81,2.4,62406,JobBoard,Remote,0.419
JOB-115,CND-00117,0.5,Masters,52,3.1,103151,LinkedIn,Onsite,0.3615
JOB-101,CND-00118,12.5,HighSchool,76.5,9.3,51888,LinkedIn,Onsite,1
JOB-108,CND-00119,13.3,Bachelors,86.5,3.9,72521,JobBoard,Remote,0.8695
JOB-103,CND-00120,18,PhD,55.4,6.1,178365,JobBoard,Onsite,0.9876
JOB-100,CND-00121,13.9,PhD,74.2,1.1,168953,JobBoard,Remote,0.6513
JOB-105,CND-00122,19.2,Masters,56.1,1.4,72127,Referral,Hybrid,0.7464
JOB-116,CND-00123,6,Masters,43.5,3.7,118791,JobBoard,Onsite,0.436
JOB-108,CND-00124,8.2,Masters,77.4,3.6,101345,Referral,Remote,0.5586
JOB-113,CND-00125,12.1,Masters,91.8,5.8,146721,Referral,Remote,1
JOB-100,CND-00126,7.2,PhD,84,6.5,89735,Recruiter,Remote,0.884
JOB-101,CND-00127,0.5,HighSchool,94.9,7.2,171305,JobBoard,Remote,0.8291
JOB-107,CND-00128,1.3,Bachelors,73.5,5,150481,LinkedIn,Hybrid,0.5235
JOB-100,CND-00129,17.4,Bachelors,69.1,8.6,91601,JobBoard,Remote,1
JOB-110,CND-00130,0.3,Bachelors,48.5,6.1,162840,CompanySite,Onsite,0.4845
JOB-109,CND-00131,5.4,PhD,48.1,4.4,105275,CompanySite,Hybrid,0.6674
JOB-108,CND-00132,16.8,PhD,69.4,6,40525,JobBoard,Remote,1
JOB-120,CND-00133,5.4,PhD,81,4.3,133668,Recruiter,Remote,0.593
JOB-101,CND-00134,12.1,Masters,89.3,6.9,107849,JobBoard,Remote,1
JOB-118,CND-00135,5.8,PhD,74.9,4.7,119931,Referral,Hybrid,0.6486
JOB-113,CND-00136,0.3,Bootcamp,60.7,6.6,49272,LinkedIn,Hybrid,0.5833
JOB-119,CND-00137,10.7,HighSchool,91.1,7.3,151069,LinkedIn,Remote,0.9729
JOB-113,CND-00138,17.7,Bachelors,91.1,8.2,179643,JobBoard,Hybrid,1
JOB-115,CND-00139,9.6,Masters,97.9,6.4,51705,LinkedIn,Remote,0.9596
JOB-107,CND-00140,1.8,Bootcamp,53.5,8.6,157712,CompanySite,Hybrid,0.887
JOB-111,CND-00141,3.3,Bootcamp,98.8,6.6,41907,LinkedIn,Hybrid,0.7907
JOB-117,CND-00142,18.3,Bootcamp,53.5,5.7,67214,Recruiter,Hybrid,0.7705
JOB-114,CND-00143,12.9,Bootcamp,80.5,6.2,138611,Referral,Onsite,1
JOB-106,CND-00144,16.6,HighSchool,69.5,7.8,100752,CompanySite,Onsite,0.905
JOB-104,CND-00145,9.3,Masters,51.9,8.5,68977,Referral,Remote,0.8371
JOB-114,CND-00146,4.4,HighSchool,97.5,9.2,110293,LinkedIn,Hybrid,1
JOB-103,CND-00147,7.5,PhD,92.6,7,73116,JobBoard,Onsite,0.9629
JOB-119,CND-00148,12.5,PhD,83.8,4.1,116835,Recruiter,Remote,0.8287
JOB-118,CND-00149,7.4,Masters,89.7,7.4,50728,Recruiter,Remote,0.9938
JOB-120,CND-00150,8.7,Masters,98.9,4.9,99017,Referral,Onsite,0.8201
JOB-109,CND-00151,10,PhD,85.3,6,54976,Recruiter,Hybrid,0.8512
JOB-116,CND-00152,3.9,Bootcamp,98.1,9.3,167896,Referral,Onsite,0.9689
JOB-111,CND-00153,13,Bachelors,44.2,7.5,42470,Recruiter,Hybrid,0.8318
JOB-100,CND-00154,18.1,HighSchool,90.6,7.7,68534,CompanySite,Remote,1
JOB-112,CND-00155,11.4,Bachelors,59.6,8.4,169707,CompanySite,Remote,0.9334
JOB-110,CND-00156,14.8,HighSchool,44.2,3.2,42630,Recruiter,Hybrid,0.6008
JOB-107,CND-00157,3.4,HighSchool,62.1,4.8,168758,JobBoard,Remote,0.5174
JOB-105,CND-00158,8.2,Masters,45.2,1.2,126783,Recruiter,Remote,0.3058
JOB-101,CND-00159,17.2,Masters,82.7,3.9,55080,Recruiter,Onsite,0.7928
JOB-103,CND-00160,19.6,Masters,64.7,4.8,172681,CompanySite,Remote,0.7608
JOB-106,CND-00161,1.9,HighSchool,49.4,8.8,163715,Referral,Hybrid,0.8441
JOB-117,CND-00162,12.3,PhD,98.2,7.7,45939,CompanySite,Onsite,1
JOB-101,CND-00163,9,Masters,68.6,2.7,124657,CompanySite,Hybrid,0.6314
JOB-113,CND-00164,0.6,Bootcamp,90.5,6.3,163726,Recruiter,Onsite,0.699
JOB-100,CND-00165,10.9,Bachelors,56.8,4.2,97480,CompanySite,Hybrid,0.6527
JOB-114,CND-00166,18.5,Bachelors,88.4,8.3,41933,Referral,Remote,1
JOB-101,CND-00167,18.1,HighSchool,67.9,7.2,62115,LinkedIn,Hybrid,0.9251
JOB-112,CND-00168,3.2,Masters,53,8.9,65090,JobBoard,Hybrid,0.794
JOB-120,CND-00169,4.4,HighSchool,78.9,4.3,109628,LinkedIn,Hybrid,0.7696
JOB-110,CND-00170,9.5,PhD,56,7.8,76261,LinkedIn,Onsite,0.7545
JOB-117,CND-00171,5.8,Masters,60.2,3.4,139849,Recruiter,Hybrid,0.6118
JOB-102,CND-00172,13.9,HighSchool,95.6,9.8,179402,JobBoard,Onsite,1
JOB-107,CND-00173,13.9,Masters,55.8,6.5,93193,Recruiter,Remote,0.8417
JOB-115,CND-00174,15.9,PhD,79.4,8.4,59621,CompanySite,Onsite,1
JOB-116,CND-00175,9.4,Bootcamp,90.7,4.4,170425,Recruiter,Remote,0.7078
JOB-120,CND-00176,17.6,PhD,58.7,4.5,144302,LinkedIn,Remote,0.6788
JOB-109,CND-00177,17.3,HighSchool,87.4,9.4,113607,CompanySite,Hybrid,1
JOB-105,CND-00178,3.1,Bootcamp,56.3,4,63163,Recruiter,Onsite,0.6317
JOB-106,CND-00179,7.2,Masters,74.9,8.3,117452,CompanySite,Hybrid,0.9256
JOB-106,CND-00180,16,Bootcamp,94.6,1.7,152383,Referral,Hybrid,0.6404
JOB-116,CND-00181,15.6,Masters,85.5,5.8,107170,JobBoard,Hybrid,0.924
JOB-105,CND-00182,18,Masters,99.1,1,111958,LinkedIn,Hybrid,0.8664
JOB-114,CND-00183,18,PhD,53.5,9.5,143848,Referral,Hybrid,0.994
JOB-111,CND-00184,19.1,PhD,93.5,6.3,178461,Recruiter,Remote,1
JOB-103,CND-00185,0.2,Bachelors,78.3,10,130771,CompanySite,Hybrid,0.9062
JOB-118,CND-00186,10.4,Bootcamp,43.2,2.4,141048,Recruiter,Remote,0.5028
JOB-103,CND-00187,4.2,Bootcamp,97.7,4.7,47259,LinkedIn,Remote,0.7858
JOB-115,CND-00188,16.4,PhD,70.9,1.5,116958,JobBoard,Onsite,0.5696
JOB-109,CND-00189,4.1,PhD,83,7.6,144637,Recruiter,Hybrid,0.7595
JOB-106,CND-00190,15.6,PhD,63.2,5.5,107467,LinkedIn,Remote,0.7268
JOB-114,CND-00191,3.3,PhD,80.1,4.7,137949,Referral,Onsite,0.6819
JOB-109,CND-00192,11.1,PhD,88.4,8.1,60699,LinkedIn,Remote,1
JOB-100,CND-00193,14.9,HighSchool,67.9,7.1,68348,CompanySite,Remote,0.9211
JOB-106,CND-00194,9.1,Bootcamp,70.6,3.7,80510,CompanySite,Remote,0.5709
JOB-107,CND-00195,16.6,Bachelors,45.7,6.6,44574,JobBoard,Hybrid,0.7478
JOB-120,CND-00196,7.7,Masters,87.3,4.7,179701,CompanySite,Hybrid,0.7067
JOB-107,CND-00197,19.7,HighSchool,78.6,1.4,72694,Recruiter,Onsite,0.6139
JOB-114,CND-00198,3.5,HighSchool,96,3.5,167148,Referral,Onsite,0.5665
JOB-104,CND-00199,2.7,PhD,44.4,3.5,83444,Referral,Onsite,0.5081
JOB-100,CND-00200,0.8,Masters,41.3,6.6,104088,LinkedIn,Remote,0.6032
JOB-118,CND-00201,12.9,Bootcamp,91.1,9.6,145218,CompanySite,Onsite,1
JOB-108,CND-00202,13,PhD,88,6.7,105118,JobBoard,Remote,0.969
JOB-104,CND-00203,4.2,PhD,94.9,2.7,45040,Recruiter,Hybrid,0.6746
JOB-107,CND-00204,0.3,HighSchool,46.3,4.2,176125,JobBoard,Hybrid,0.4217
JOB-103,CND-00205,18.3,Bootcamp,95.7,7.1,118615,JobBoard,Remote,1
JOB-105,CND-00206,4.5,Bachelors,65.6,4.3,68276,Recruiter,Onsite,0.6479
JOB-101,CND-00207,17.9,Masters,95.3,3,129653,Recruiter,Hybrid,0.7697
JOB-106,CND-00208,16.9,Bootcamp,75.7,6.3,44355,Recruiter,Hybrid,0.9043
JOB-110,CND-00209,10.4,PhD,44,1.1,110917,LinkedIn,Remote,0.318
JOB-118,CND-00210,15.3,Bachelors,53.5,1.1,111177,Referral,Hybrid,0.6295
JOB-100,CND-00211,19.5,Bootcamp,98.9,7.8,170225,CompanySite,Hybrid,1
JOB-119,CND-00212,15.9,Bootcamp,54.3,5,65971,Recruiter,Remote,0.8557
JOB-103,CND-00213,0.2,Bootcamp,82.1,5.9,133158,Referral,Onsite,0.7954
JOB-107,CND-00214,0.8,Masters,71.8,8.9,101431,JobBoard,Hybrid,0.7532
JOB-106,CND-00215,4.2,Masters,78.5,8.5,127306,Recruiter,Onsite,0.967
JOB-118,CND-00216,5.2,Masters,73.7,9.6,129314,CompanySite,Onsite,0.9588
JOB-116,CND-00217,14,Masters,51.9,6.7,52843,Recruiter,Remote,0.7296
JOB-103,CND-00218,2.5,HighSchool,50.3,2.9,156859,Referral,Remote,0.4027
JOB-103,CND-00219,12.5,PhD,66.1,5.7,114023,CompanySite,Onsite,0.7639
JOB-110,CND-00220,5.5,Bachelors,78.3,7.3,109104,Referral,Remote,0.9037
JOB-103,CND-00221,7.3,HighSchool,69.7,5.6,43687,Recruiter,Remote,0.6843
JOB-120,CND-00222,4,Bootcamp,70.6,3.2,58547,JobBoard,Hybrid,0.5844
JOB-102,CND-00223,0.6,Bootcamp,62.2,7,100953,LinkedIn,Hybrid,0.7578
JOB-117,CND-00224,0.3,PhD,97,2.4,161065,Recruiter,Onsite,0.5465
JOB-102,CND-00225,15.2,PhD,68.4,4.2,103648,CompanySite,Hybrid,0.8736
JOB-108,CND-00226,11.8,Masters,96.7,6.7,136517,Referral,Remote,0.9258
JOB-100,CND-00227,7.3,HighSchool,57.7,1.8,142622,Recruiter,Remote,0.4783
JOB-112,CND-00228,3.5,PhD,50.4,2.9,102425,Referral,Onsite,0.4881
JOB-119,CND-00229,3.1,PhD,52.6,7.8,118203,CompanySite,Remote,0.6749
JOB-119,CND-00230,3.2,HighSchool,78.9,6.1,48164,Referral,Hybrid,0.8396
JOB-118,CND-00231,5.1,Bootcamp,80.6,8.6,62838,CompanySite,Onsite,1
JOB-116,CND-00232,5.5,HighSchool,64.4,2.8,141914,LinkedIn,Hybrid,0.4981
JOB-106,CND-00233,0.4,Masters,54.8,7.4,173981,Recruiter,Remote,0.6892
JOB-102,CND-00234,9.5,Masters,49.4,8,48974,JobBoard,Onsite,0.9001
JOB-115,CND-00235,12.6,Masters,91.1,2.4,60928,Recruiter,Remote,0.6174
JOB-115,CND-00236,11.7,HighSchool,44.5,8,120888,Referral,Remote,0.8735
JOB-114,CND-00237,13.2,Bachelors,87.1,2.2,102151,LinkedIn,Remote,0.6184
JOB-117,CND-00238,16.6,Masters,40.5,6.1,125815,CompanySite,Remote,0.687
JOB-117,CND-00239,2.4,Masters,81.7,1.2,84298,Recruiter,Hybrid,0.4848
JOB-110,CND-00240,17.6,PhD,54.5,1.8,43119,Referral,Onsite,0.73
JOB-105,CND-00241,2.4,HighSchool,99.2,8.9,168004,Recruiter,Remote,0.9568
JOB-103,CND-00242,10,Bootcamp,70.1,3,142539,CompanySite,Onsite,0.5404
JOB-104,CND-00243,10.5,Bachelors,84.7,3.4,78838,LinkedIn,Hybrid,0.6903
JOB-113,CND-00244,16.4,PhD,98.8,6.8,46232,CompanySite,Onsite,1
JOB-111,CND-00245,11.2,Masters,54.9,2.2,75018,Referral,Onsite,0.5696
JOB-119,CND-00246,17.2,HighSchool,60.2,5.8,50617,JobBoard,Hybrid,0.8268
JOB-114,CND-00247,14.5,Masters,51.3,7.6,63137,JobBoard,Onsite,0.8287
JOB-100,CND-00248,9.8,HighSchool,43.9,9.1,151433,LinkedIn,Onsite,0.7986
JOB-110,CND-00249,4.6,Bootcamp,72.7,6.9,175930,Referral,Hybrid,0.7438
JOB-118,CND-00250,6.5,Bootcamp,96.3,1.5,57310,LinkedIn,Onsite,0.7027
JOB-116,CND-00251,18.7,Bachelors,95.8,2.6,155799,CompanySite,Hybrid,0.8097
JOB-116,CND-00252,7.7,Bachelors,67.5,3,109577,CompanySite,Onsite,0.5955
JOB-114,CND-00253,16.7,HighSchool,90.4,8.2,77861,Recruiter,Remote,1
JOB-103,CND-00254,0.9,Masters,92.8,8.4,80419,Recruiter,Hybrid,0.9287
JOB-109,CND-00255,6.2,Bootcamp,62.7,5.9,114614,CompanySite,Onsite,0.6078
JOB-115,CND-00256,9.7,PhD,80.6,2.2,128742,JobBoard,Hybrid,0.6799
JOB-112,CND-00257,14.2,PhD,84.4,10,98955,JobBoard,Remote,1
JOB-100,CND-00258,6.2,Masters,73.4,9,111958,Referral,Onsite,0.8266
JOB-116,CND-00259,4.7,HighSchool,95.4,5.5,100820,Recruiter,Remote,0.7221
JOB-109,CND-00260,10.3,PhD,86.3,3.6,63533,Recruiter,Hybrid,0.7957
JOB-118,CND-00261,15.7,Bachelors,78,7.4,139992,Recruiter,Remote,1
JOB-118,CND-00262,3.2,Bachelors,98.5,2.3,76612,Referral,Remote,0.55
JOB-117,CND-00263,17.7,Masters,65.6,1.2,117519,CompanySite,Remote,0.7099
JOB-103,CND-00264,16.5,Bachelors,81.2,8.6,52789,Recruiter,Hybrid,1
JOB-110,CND-00265,11.5,Masters,88.6,10,70295,JobBoard,Hybrid,1
JOB-106,CND-00266,15.2,Masters,70.6,2.1,53356,LinkedIn,Hybrid,0.7664
JOB-118,CND-00267,15.4,Bootcamp,63.2,8.1,160280,LinkedIn,Remote,0.9998
JOB-107,CND-00268,8,Masters,58.7,3.1,41982,JobBoard,Hybrid,0.5208
JOB-112,CND-00269,4.1,Bootcamp,67.8,5.1,97974,LinkedIn,Remote,0.6187
JOB-104,CND-00270,16.4,Masters,94.2,1.6,44096,Recruiter,Onsite,0.7088
JOB-100,CND-00271,9.6,Bachelors,69.3,5.7,161331,CompanySite,Onsite,0.7132
JOB-119,CND-00272,5,PhD,98.1,7.5,65293,Referral,Hybrid,0.8474
JOB-114,CND-00273,12.5,PhD,47.7,8.4,125804,JobBoard,Remote,0.9923
JOB-110,CND-00274,17.3,Bachelors,60.6,1.2,106321,CompanySite,Onsite,0.5439
JOB-113,CND-00275,2.2,Bachelors,51.7,9.9,141951,LinkedIn,Onsite,0.9538
JOB-118,CND-00276,18.8,HighSchool,55.6,1.3,63369,JobBoard,Remote,0.5124
JOB-102,CND-00277,1.3,HighSchool,64.3,1.4,40343,CompanySite,Onsite,0.4907
JOB-101,CND-00278,12.2,HighSchool,54.3,9.7,165875,Recruiter,Remote,1
JOB-102,CND-00279,7.1,Bachelors,73.8,3.8,150274,LinkedIn,Remote,0.6497
JOB-101,CND-00280,0.5,Bachelors,44,9.3,57593,CompanySite,Remote,0.6815
JOB-104,CND-00281,8.2,Bootcamp,46.1,5.9,123247,LinkedIn,Onsite,0.6714
JOB-117,CND-00282,16.1,PhD,55.6,9.1,124563,JobBoard,Onsite,0.9399
JOB-101,CND-00283,5.2,PhD,82.3,9.7,170308,LinkedIn,Remote,1
JOB-118,CND-00284,4.2,Masters,71.1,2,118321,JobBoard,Onsite,0.5974
JOB-116,CND-00285,2.2,Bootcamp,79.1,3.2,171302,LinkedIn,Onsite,0.5714
JOB-113,CND-00286,0,Bachelors,54.2,1.6,170709,Recruiter,Onsite,0.3328
JOB-108,CND-00287,18,Bootcamp,95.8,8.5,57997,Referral,Onsite,1
JOB-115,CND-00288,8.7,Masters,48.2,7.4,62645,Referral,Onsite,0.8273
JOB-112,CND-00289,8.4,Masters,42.8,3.3,102140,JobBoard,Remote,0.6152
JOB-116,CND-00290,9.7,PhD,72.2,6.9,78185,JobBoard,Remote,0.8183
JOB-113,CND-00291,1.5,PhD,77.9,2.1,177007,Recruiter,Onsite,0.6001
JOB-103,CND-00292,1.8,HighSchool,63.8,6.6,114131,CompanySite,Remote,0.7682
JOB-110,CND-00293,15.6,HighSchool,56.9,8.2,114515,LinkedIn,Hybrid,0.8536
JOB-105,CND-00294,4,PhD,98.9,1,63242,Recruiter,Hybrid,0.4256
JOB-102,CND-00295,10.7,HighSchool,72.6,3,97865,JobBoard,Remote,0.6909
JOB-119,CND-00296,14.9,Bachelors,99.6,2.1,107135,JobBoard,Onsite,0.7279
JOB-109,CND-00297,15.8,PhD,44.6,7.5,67106,LinkedIn,Onsite,0.8354
JOB-109,CND-00298,15.3,Bootcamp,88.8,1.1,174777,Recruiter,Onsite,0.6207
JOB-112,CND-00299,18.3,PhD,90.5,6.1,60420,Recruiter,Onsite,0.9425
JOB-109,CND-00300,11,Bootcamp,49.9,2.2,151331,LinkedIn,Remote,0.4266
JOB-107,CND-00301,7.2,HighSchool,94.7,8.6,125157,Recruiter,Remote,1
JOB-104,CND-00302,7.6,Bachelors,48.2,3.9,51975,CompanySite,Remote,0.6208
JOB-116,CND-00303,16.6,Bootcamp,43.9,5.8,80197,JobBoard,Hybrid,0.7926
JOB-119,CND-00304,4.1,PhD,70.7,4.7,134051,JobBoard,Remote,0.5363
JOB-105,CND-00305,13.3,PhD,75.8,6.9,86303,CompanySite,Hybrid,0.8367
JOB-108,CND-00306,0.3,PhD,91.5,7,67761,Referral,Hybrid,0.7705
JOB-101,CND-00307,6.1,HighSchool,93.1,2.3,50700,Referral,Onsite,0.7419
JOB-107,CND-00308,15.9,Masters,96.6,7.8,115240,Recruiter,Hybrid,1
JOB-113,CND-00309,18.6,Bootcamp,98.4,2.5,133122,LinkedIn,Remote,0.8926
JOB-113,CND-00310,5.2,Masters,65.8,2.1,63452,Referral,Remote,0.4172
JOB-101,CND-00311,5,Bootcamp,56.6,5.1,174086,JobBoard,Hybrid,0.5474
JOB-115,CND-00312,4.4,Bootcamp,76.7,9.6,145792,CompanySite,Remote,0.8688
JOB-118,CND-00313,0.9,Bachelors,51.5,8.9,110444,Recruiter,Remote,0.6835
JOB-108,CND-00314,16.5,Bootcamp,95.5,2.9,80263,Referral,Onsite,0.9535
JOB-112,CND-00315,17.7,Masters,98.2,5,115711,JobBoard,Remote,1
JOB-113,CND-00316,4,HighSchool,64.5,9.7,127988,LinkedIn,Onsite,0.94
JOB-102,CND-00317,19.7,Masters,82.7,4.9,155032,Referral,Remote,1
JOB-114,CND-00318,15.9,Bootcamp,63,7.4,176741,Recruiter,Remote,0.8645
JOB-109,CND-00319,4.2,Bootcamp,66.2,8.7,86200,CompanySite,Hybrid,0.9598
JOB-118,CND-00320,0.6,HighSchool,58.9,2.7,87836,Recruiter,Hybrid,0.4766
JOB-100,CND-00321,5,Masters,46.6,4.7,128716,LinkedIn,Remote,0.6034
JOB-111,CND-00322,4.5,PhD,79.8,6.4,63720,CompanySite,Onsite,0.6707
JOB-110,CND-00323,10,Bachelors,54.3,4,139581,Referral,Onsite,0.5372
JOB-117,CND-00324,14,PhD,59.3,6.9,90050,Referral,Hybrid,0.8312
JOB-103,CND-00325,14.8,Bootcamp,98.1,4.3,56737,Recruiter,Remote,0.7924
JOB-100,CND-00326,18.3,HighSchool,98.6,1.2,106392,CompanySite,Onsite,0.6609
JOB-103,CND-00327,6.8,PhD,96.7,6.5,67863,LinkedIn,Remote,0.7988
JOB-118,CND-00328,7.5,Masters,88.6,9.4,94628,Referral,Hybrid,1
JOB-110,CND-00329,1.3,PhD,70,9.9,178542,Recruiter,Hybrid,0.8235
JOB-119,CND-00330,8,Bachelors,46.3,5.4,54435,Referral,Remote,0.5292
JOB-104,CND-00331,19.8,Bootcamp,59.3,3.8,134789,CompanySite,Onsite,0.7122
JOB-107,CND-00332,6.9,Bootcamp,57.1,8.3,136802,Recruiter,Onsite,0.8499
JOB-102,CND-00333,10.4,HighSchool,43.2,2.3,114481,LinkedIn,Hybrid,0.4768
JOB-112,CND-00334,6.2,Bachelors,80.3,1.7,79060,CompanySite,Onsite,0.5262
JOB-100,CND-00335,16.9,Bachelors,45.7,1,155184,Referral,Remote,0.5463
JOB-100,CND-00336,13.8,Bootcamp,93.4,8.9,55511,JobBoard,Hybrid,1
JOB-106,CND-00337,1.8,Bachelors,55.4,8.5,47792,Referral,Remote,0.7286
JOB-115,CND-00338,10.9,Bootcamp,79.2,4.3,145769,Referral,Remote,0.7483
JOB-108,CND-00339,16.5,HighSchool,74.8,8.4,90310,Recruiter,Remote,1
JOB-116,CND-00340,12.1,Bootcamp,80.1,7.8,108852,Referral,Hybrid,1
JOB-106,CND-00341,9.7,PhD,41.4,2.1,59128,LinkedIn,Onsite,0.5771
JOB-101,CND-00342,19.4,Bootcamp,56.7,9.1,137576,Recruiter,Remote,1
JOB-100,CND-00343,15,Bootcamp,61.9,2.8,166132,Recruiter,Hybrid,0.7506
JOB-117,CND-00344,14.1,Masters,55,5.7,64985,CompanySite,Onsite,0.7635
JOB-118,CND-00345,5.1,Bachelors,80.8,4.4,57659,LinkedIn,Remote,0.6537
JOB-111,CND-00346,15.8,Bootcamp,41.3,6.6,173836,Referral,Hybrid,0.8482
JOB-109,CND-00347,10.5,HighSchool,80.3,4.5,99035,JobBoard,Remote,0.7387
JOB-113,CND-00348,13.6,Bootcamp,95,3.5,44307,JobBoard,Hybrid,0.824
JOB-104,CND-00349,13.4,Bootcamp,71.5,6.6,156667,CompanySite,Onsite,0.893
JOB-100,CND-00350,2,Masters,58,8.6,75194,Recruiter,Onsite,0.768
JOB-116,CND-00351,9.6,Masters,73.2,8.8,108821,JobBoard,Remote,1
JOB-105,CND-00352,14.5,Bachelors,100,1.8,51861,JobBoard,Remote,0.7955
JOB-109,CND-00353,17.3,HighSchool,89.1,9.5,56906,Referral,Hybrid,1
JOB-109,CND-00354,4.1,Bootcamp,50.5,1.4,93687,Referral,Hybrid,0.2875
JOB-115,CND-00355,14.1,HighSchool,55.5,1.5,99176,CompanySite,Remote,0.6035
JOB-119,CND-00356,9.8,HighSchool,89.2,8.9,120339,JobBoard,Hybrid,1
JOB-107,CND-00357,19,PhD,86.2,4.9,111668,Recruiter,Hybrid,0.9938
JOB-120,CND-00358,9,Bachelors,44.9,2.8,74283,JobBoard,Hybrid,0.3926
JOB-100,CND-00359,17.1,PhD,94.8,2.3,64423,CompanySite,Onsite,0.8637
JOB-112,CND-00360,2.4,Bootcamp,73.6,9,152414,LinkedIn,Remote,0.8304
JOB-111,CND-00361,18.6,Bachelors,74.9,3.9,154716,Referral,Hybrid,0.7626
JOB-103,CND-00362,16,Masters,52.4,1.9,129162,Recruiter,Hybrid,0.4736
JOB-112,CND-00363,13.7,Masters,53.2,9.2,117521,JobBoard,Hybrid,0.9303
JOB-114,CND-00364,4.6,Masters,73.2,1.8,106794,JobBoard,Remote,0.4898
JOB-106,CND-00365,8.6,HighSchool,45.9,2.5,57941,LinkedIn,Remote,0.5526
JOB-101,CND-00366,17.1,HighSchool,76.5,7,149496,JobBoard,Onsite,1
JOB-119,CND-00367,13.4,PhD,92,9,141798,CompanySite,Hybrid,1
JOB-103,CND-00368,6.5,HighSchool,76.4,3.6,144516,Recruiter,Remote,0.5291
JOB-101,CND-00369,16.1,Bachelors,71.6,8.6,116195,CompanySite,Onsite,1
JOB-116,CND-00370,16,PhD,61.1,2.1,91270,Recruiter,Hybrid,0.7204
JOB-114,CND-00371,19.6,PhD,84.9,9.9,51010,Recruiter,Onsite,1
JOB-110,CND-00372,14.7,HighSchool,99.8,6.9,126859,CompanySite,Onsite,0.9537
JOB-100,CND-00373,19.2,Bootcamp,71.4,3.9,53932,Recruiter,Remote,0.7376
JOB-102,CND-00374,3.4,Bachelors,79.8,6.7,179690,JobBoard,Remote,0.7322
JOB-103,CND-00375,16.8,Bootcamp,91.7,7.1,69633,LinkedIn,Onsite,0.9948
JOB-113,CND-00376,6.9,PhD,77.4,2.7,163896,CompanySite,Hybrid,0.5851
JOB-114,CND-00377,6.4,HighSchool,97.5,6.4,82032,LinkedIn,Remote,0.92
JOB-100,CND-00378,19.5,Bachelors,72.7,3.7,88844,JobBoard,Remote,0.8453
JOB-103,CND-00379,14.5,Bachelors,52.9,9,162466,Referral,Onsite,0.9491
JOB-118,CND-00380,8.7,Bootcamp,88.7,4.1,71456,Recruiter,Remote,0.7213
JOB-111,CND-00381,0.9,Bachelors,67.8,5.5,99158,Referral,Hybrid,0.5847
JOB-101,CND-00382,6,Masters,84.8,9.7,63947,Referral,Remote,1
JOB-118,CND-00383,5.6,Bachelors,45.4,8.6,173924,LinkedIn,Remote,0.9016
JOB-109,CND-00384,4.9,Bachelors,44.6,2.2,137965,CompanySite,Onsite,0.4339
JOB-113,CND-00385,14.1,Bootcamp,67.3,1.6,79674,Referral,Onsite,0.6367
JOB-101,CND-00386,15.1,PhD,72.5,2.8,46697,JobBoard,Remote,0.7245
JOB-102,CND-00387,9.6,PhD,57.9,8.9,51552,CompanySite,Hybrid,0.8096
JOB-110,CND-00388,7.6,Bootcamp,94.6,6.4,83472,Recruiter,Hybrid,0.9664
JOB-112,CND-00389,4.9,Bachelors,85.9,6.8,84819,LinkedIn,Onsite,0.8651
JOB-112,CND-00390,3.2,Bachelors,58.8,9.5,126198,Referral,Remote,0.8632
JOB-118,CND-00391,10.2,Bachelors,60.9,6.6,150918,Recruiter,Hybrid,0.9226
JOB-109,CND-00392,4.3,HighSchool,97.3,7.6,126213,LinkedIn,Hybrid,0.9897
JOB-118,CND-00393,4.5,Bachelors,93.3,3.7,48436,LinkedIn,Onsite,0.7327
JOB-102,CND-00394,8,Bachelors,74.6,6.9,127472,Recruiter,Onsite,0.9224
JOB-103,CND-00395,2.7,Bootcamp,68.4,8.6,66994,JobBoard,Hybrid,0.8101
JOB-113,CND-00396,11.8,Bachelors,85,8.1,90851,JobBoard,Remote,1
JOB-120,CND-00397,13.2,HighSchool,55.8,7.4,110195,JobBoard,Hybrid,1
JOB-119,CND-00398,5.6,Masters,88.8,8.5,68183,LinkedIn,Remote,0.9792
JOB-112,CND-00399,4.4,PhD,54.2,1.8,62154,CompanySite,Remote,0.3708
JOB-112,CND-00400,17.6,HighSchool,48.9,3.6,115204,CompanySite,Onsite,0.5756
JOB-112,CND-00401,0.2,PhD,87.9,7.7,83289,LinkedIn,Hybrid,0.8166
JOB-103,CND-00402,16.3,Bootcamp,58.1,2,165343,CompanySite,Hybrid,0.6469
JOB-119,CND-00403,5.9,HighSchool,96.2,2,128088,Referral,Onsite,0.6333
JOB-107,CND-00404,11,PhD,44.4,6.3,128957,Referral,Hybrid,0.6606
JOB-116,CND-00405,6,Masters,44.6,2.8,61560,LinkedIn,Hybrid,0.5564
JOB-101,CND-00406,4.6,Bootcamp,90,3.8,100094,LinkedIn,Remote,0.757
JOB-107,CND-00407,17.8,Bachelors,91.7,3.3,153124,Recruiter,Onsite,0.9718
JOB-104,CND-00408,6.7,Masters,98.2,5.3,52019,LinkedIn,Hybrid,0.9313
JOB-105,CND-00409,7.6,PhD,70.5,5.7,67154,Recruiter,Hybrid,0.728
JOB-103,CND-00410,12.5,HighSchool,85.6,9.3,132000,CompanySite,Remote,1
JOB-110,CND-00411,17.9,HighSchool,94.7,5,176160,Recruiter,Onsite,0.8973
JOB-104,CND-00412,4.9,Bootcamp,98.3,3.6,178832,LinkedIn,Onsite,0.6427
JOB-114,CND-00413,16.1,Masters,55.4,1.8,126201,LinkedIn,Onsite,0.6811
JOB-112,CND-00414,6.7,HighSchool,89.2,9.5,139940,JobBoard,Onsite,1
JOB-109,CND-00415,1.3,Masters,56.7,5.2,165798,Recruiter,Onsite,0.4683
JOB-101,CND-00416,3.8,Bachelors,62.3,1.6,146522,LinkedIn,Hybrid,0.5222
JOB-111,CND-00417,6.1,HighSchool,81.8,1.5,108156,CompanySite,Onsite,0.5687
JOB-109,CND-00418,5.5,Masters,53.4,1.4,87721,LinkedIn,Hybrid,0.5101
JOB-111,CND-00419,15.1,Bachelors,62.6,8,121899,LinkedIn,Onsite,1
JOB-107,CND-00420,17.4,Masters,46.6,2.4,132527,CompanySite,Hybrid,0.7414
JOB-101,CND-00421,14.6,HighSchool,48.9,2.1,166056,LinkedIn,Onsite,0.5106
JOB-109,CND-00422,9.7,HighSchool,44.2,4.3,176159,Recruiter,Onsite,0.6503
JOB-113,CND-00423,13.3,Bootcamp,84.6,8.6,168061,JobBoard,Remote,1
JOB-111,CND-00424,7,Bachelors,53.8,4.4,58498,JobBoard,Hybrid,0.6142
JOB-114,CND-00425,0.1,PhD,49.3,4.3,43647,CompanySite,Remote,0.4067
JOB-100,CND-00426,15.9,Bootcamp,92.9,6.4,121392,JobBoard,Onsite,1
JOB-112,CND-00427,17.8,Bootcamp,87.9,1.4,65840,Referral,Hybrid,0.8526
JOB-100,CND-00428,5.5,Bootcamp,44,4.9,72118,Referral,Onsite,0.6625
JOB-117,CND-00429,4.3,Masters,75.5,8.6,71564,JobBoard,Remote,0.9125
JOB-100,CND-00430,7.7,Bachelors,85,9.3,79376,Referral,Onsite,1
JOB-104,CND-00431,4.6,HighSchool,53.2,7.9,61640,CompanySite,Onsite,0.8558
JOB-118,CND-00432,1.8,Bachelors,58.4,4.5,114553,JobBoard,Onsite,0.4806
JOB-101,CND-00433,15.5,PhD,47.5,1.5,40257,Recruiter,Onsite,0.6025
JOB-100,CND-00434,14.4,HighSchool,41.7,3.5,72720,Recruiter,Hybrid,0.6028
JOB-112,CND-00435,14.1,Bachelors,72.4,2.6,132034,CompanySite,Onsite,0.7571
JOB-118,CND-00436,0,Bootcamp,81.7,3.4,49321,CompanySite,Onsite,0.5308
JOB-107,CND-00437,15.4,Masters,87,8.9,81886,LinkedIn,Remote,1
JOB-113,CND-00438,17.4,PhD,73.4,7.7,92309,CompanySite,Remote,1
JOB-109,CND-00439,19,HighSchool,84.2,6.1,138742,CompanySite,Onsite,1
JOB-104,CND-00440,15.7,Bachelors,71.8,9.2,162697,CompanySite,Hybrid,1
JOB-114,CND-00441,9.1,PhD,58.6,8.9,122097,Recruiter,Remote,0.9149
JOB-120,CND-00442,17,Bachelors,51.6,2.6,79519,Referral,Onsite,0.5374
JOB-118,CND-00443,13.6,Masters,92.9,2.2,157048,Recruiter,Remote,0.7576
JOB-106,CND-00444,5.3,Bootcamp,88.6,1.2,142867,CompanySite,Hybrid,0.5559
JOB-113,CND-00445,6.9,Masters,98.9,3,97916,CompanySite,Hybrid,0.6591
JOB-112,CND-00446,14.9,Bachelors,61,1.6,119616,JobBoard,Onsite,0.5535
JOB-109,CND-00447,9.4,PhD,80.4,7.8,100759,CompanySite,Onsite,1
JOB-120,CND-00448,4.2,Bachelors,75.6,4.1,87517,JobBoard,Onsite,0.7214
JOB-101,CND-00449,2.8,PhD,40.6,5.1,101776,JobBoard,Hybrid,0.6504
JOB-115,CND-00450,8.8,Masters,47.3,8.3,101898,JobBoard,Onsite,0.8892
JOB-116,CND-00451,19.3,Masters,77.8,2.9,125750,Referral,Onsite,0.7747
JOB-112,CND-00452,12.3,PhD,70.6,4.3,172777,CompanySite,Onsite,0.7349
JOB-100,CND-00453,17.6,Masters,43.6,5.3,59476,Recruiter,Remote,0.8964
JOB-103,CND-00454,10.3,Masters,63.6,9.4,158271,CompanySite,Onsite,0.9229
JOB-120,CND-00455,5.3,HighSchool,66.1,3.9,160459,LinkedIn,Remote,0.6679
JOB-104,CND-00456,11.1,Masters,86.3,4.8,127018,CompanySite,Remote,0.8297
JOB-119,CND-00457,16.9,PhD,77.6,6.1,178724,LinkedIn,Onsite,0.9099
JOB-110,CND-00458,8.6,Bachelors,89,1.9,149145,JobBoard,Onsite,0.509
JOB-110,CND-00459,2.9,Bachelors,49.1,2,56370,Recruiter,Onsite,0.5099
JOB-118,CND-00460,8.4,Bootcamp,69.7,4.8,140053,JobBoard,Hybrid,0.7028
JOB-119,CND-00461,10.2,HighSchool,87.9,4.1,75709,LinkedIn,Hybrid,0.8306
JOB-116,CND-00462,0.3,Bachelors,62,8.8,157887,JobBoard,Hybrid,0.6905
JOB-120,CND-00463,9.8,HighSchool,44.9,3.8,127361,Recruiter,Onsite,0.4646
JOB-109,CND-00464,11.6,Masters,47.3,3.6,177360,CompanySite,Hybrid,0.6692
JOB-117,CND-00465,10.1,Bachelors,76,8,102989,JobBoard,Onsite,1
JOB-119,CND-00466,19.4,PhD,68.4,9,87294,Recruiter,Hybrid,1
JOB-103,CND-00467,12.6,PhD,80.3,4.4,146593,Referral,Remote,0.8242
JOB-116,CND-00468,1,Bootcamp,84.4,1,42482,CompanySite,Onsite,0.5626
JOB-118,CND-00469,17.8,HighSchool,62.5,5.4,172772,LinkedIn,Remote,0.891
JOB-119,CND-00470,6.3,Bootcamp,85.8,1.6,107928,JobBoard,Hybrid,0.4937
JOB-107,CND-00471,1.7,PhD,48.5,3.1,85384,Recruiter,Onsite,0.4055
JOB-105,CND-00472,8.5,PhD,50.2,6.1,137698,CompanySite,Hybrid,0.6943
JOB-110,CND-00473,13.5,PhD,92.8,6.7,86165,CompanySite,Hybrid,1
JOB-109,CND-00474,13.9,PhD,61,9.2,177452,Referral,Remote,0.9245
JOB-116,CND-00475,5.8,HighSchool,82.2,2.6,158190,JobBoard,Remote,0.5518
JOB-119,CND-00476,16.7,HighSchool,69.3,2.8,145955,Recruiter,Hybrid,0.6557
JOB-109,CND-00477,19.7,Bachelors,58.2,2.8,113287,Referral,Remote,0.6863
JOB-108,CND-00478,14.2,Masters,76.5,5.1,126989,Recruiter,Onsite,0.915
JOB-116,CND-00479,9,PhD,81.3,4.4,147216,CompanySite,Hybrid,0.8642
JOB-110,CND-00480,15.7,PhD,55,9.8,142531,CompanySite,Remote,1
JOB-111,CND-00481,18.1,Masters,84,2.2,98108,CompanySite,Remote,0.7995
JOB-106,CND-00482,2.4,Bachelors,65,1.5,61580,CompanySite,Hybrid,0.326
JOB-116,CND-00483,17.6,Bootcamp,90.6,5.7,66493,LinkedIn,Hybrid,1
JOB-119,CND-00484,10.2,HighSchool,45.4,8.2,102697,CompanySite,Hybrid,0.8066
JOB-116,CND-00485,5.6,Masters,61.1,2.7,109060,Referral,Onsite,0.5004
JOB-105,CND-00486,12.7,Bootcamp,82.9,7.5,135572,JobBoard,Remote,0.9021
JOB-110,CND-00487,4.5,Bachelors,44.1,4,142677,Referral,Remote,0.6139
JOB-103,CND-00488,16,Bachelors,61.8,3.1,118957,Recruiter,Remote,0.6832
JOB-103,CND-00489,9.9,PhD,69.6,2.5,50770,Recruiter,Onsite,0.5369
JOB-117,CND-00490,2.8,HighSchool,44.7,6.5,72721,JobBoard,Onsite,0.7408
JOB-120,CND-00491,9.8,HighSchool,70.3,7.4,55803,JobBoard,Remote,0.8722
JOB-118,CND-00492,3,PhD,57.6,5.5,45070,Recruiter,Hybrid,0.5954
JOB-106,CND-00493,8.9,Masters,44.2,9.3,75028,JobBoard,Onsite,1
JOB-113,CND-00494,0.6,Bootcamp,73.4,4,78442,Referral,Onsite,0.6526
JOB-116,CND-00495,14,Masters,98.7,6.1,68465,LinkedIn,Onsite,1
JOB-107,CND-00496,18,PhD,62,6,66738,CompanySite,Hybrid,0.938
JOB-106,CND-00497,2.6,Masters,95.2,5.1,129560,Referral,Onsite,0.8658
JOB-116,CND-00498,13.3,Masters,87.1,3.4,150216,CompanySite,Remote,0.8719
JOB-115,CND-00499,6.4,HighSchool,42,3.2,88275,LinkedIn,Onsite,0.426
JOB-101,CND-00500,5.2,HighSchool,84.9,1.8,78896,JobBoard,Onsite,0.6656
JOB-118,CND-00501,17.8,HighSchool,97.4,1.4,98011,Recruiter,Onsite,0.7206
JOB-118,CND-00502,14.6,Bachelors,75.6,4.2,52965,Recruiter,Hybrid,0.8334
JOB-100,CND-00503,0.4,HighSchool,63.5,4.6,61663,JobBoard,Hybrid,0.526
JOB-116,CND-00504,18.6,Bachelors,71.4,3,146528,Referral,Onsite,0.8246
JOB-114,CND-00505,3.8,HighSchool,64.4,5.7,55857,LinkedIn,Remote,0.5866
JOB-112,CND-00506,10.7,Bootcamp,81.5,3.5,108637,CompanySite,Remote,0.6965
JOB-101,CND-00507,17.6,HighSchool,89.4,3.7,141659,JobBoard,Remote,0.8136
JOB-100,CND-00508,7.2,Masters,69.3,2.9,58387,Recruiter,Hybrid,0.6292
JOB-107,CND-00509,19.6,Bootcamp,53.6,7.4,142242,CompanySite,Hybrid,0.8924
JOB-104,CND-00510,8.1,Bachelors,45.1,8.5,74334,Recruiter,Hybrid,0.9219
JOB-100,CND-00511,4.5,Masters,90.5,3.1,87148,JobBoard,Onsite,0.6155
JOB-118,CND-00512,9.2,HighSchool,94.8,1.7,77686,JobBoard,Hybrid,0.6692
JOB-112,CND-00513,18.6,PhD,71.1,9.6,160409,JobBoard,Hybrid,1
JOB-101,CND-00514,2.8,Bootcamp,44.6,6.9,167875,Referral,Remote,0.7844
JOB-106,CND-00515,4.5,Bootcamp,94.1,1.1,64515,CompanySite,Onsite,0.5599
JOB-100,CND-00516,1.3,Bootcamp,48.2,5.2,68977,Referral,Remote,0.4243
JOB-107,CND-00517,7.9,Masters,98.1,1.2,162688,CompanySite,Onsite,0.6529
JOB-100,CND-00518,9.2,Bootcamp,57.3,9.1,125549,LinkedIn,Onsite,0.9032
JOB-115,CND-00519,4.2,Bachelors,64.9,6.4,93452,Recruiter,Hybrid,0.6166
JOB-112,CND-00520,12.1,Bootcamp,52.4,8.4,63218,LinkedIn,Hybrid,0.9051
JOB-108,CND-00521,10.6,Masters,42.9,9,119007,CompanySite,Hybrid,0.8706
JOB-101,CND-00522,18.3,Bachelors,88.4,7,136079,Referral,Hybrid,1
JOB-106,CND-00523,13.4,PhD,82.1,5.5,172970,Referral,Onsite,0.7994
JOB-109,CND-00524,10.4,Bachelors,51.5,1.4,90735,CompanySite,Hybrid,0.416
JOB-114,CND-00525,4.1,HighSchool,83.8,5.5,140317,JobBoard,Hybrid,0.8267
JOB-104,CND-00526,15.7,Masters,51.1,2.4,82038,LinkedIn,Remote,0.5739
JOB-112,CND-00527,11.8,PhD,97.9,9.3,161528,JobBoard,Hybrid,1
JOB-100,CND-00528,13.1,PhD,52.8,4.2,179168,CompanySite,Remote,0.6597
JOB-102,CND-00529,13.9,PhD,59.4,3.9,167634,Referral,Remote,0.6601
JOB-101,CND-00530,1.3,Bootcamp,55.6,2.8,171408,Recruiter,Hybrid,0.4799
JOB-106,CND-00531,3.8,Bootcamp,60.2,7.5,104242,Recruiter,Remote,0.6678
JOB-120,CND-00532,19.3,Masters,72,6.1,48794,JobBoard,Remote,0.9935
JOB-105,CND-00533,15,Masters,64.3,1.2,95109,LinkedIn,Hybrid,0.4642
JOB-113,CND-00534,1.4,HighSchool,96.9,4.5,68995,LinkedIn,Remote,0.7486
JOB-115,CND-00535,2.1,HighSchool,99.3,1,156725,Recruiter,Onsite,0.6287
JOB-116,CND-00536,7.9,Bachelors,90.3,2.6,116252,JobBoard,Onsite,0.7757
JOB-101,CND-00537,10.9,Masters,50.6,7.7,168270,CompanySite,Onsite,0.9779
JOB-112,CND-00538,12.2,Masters,94.2,9.6,84384,LinkedIn,Hybrid,1
JOB-119,CND-00539,9.8,Bachelors,96,3.8,42086,CompanySite,Remote,0.699
JOB-113,CND-00540,11.4,Bootcamp,55.4,8.2,140291,Recruiter,Remote,0.9946
JOB-101,CND-00541,19,PhD,91.9,9.6,78112,LinkedIn,Onsite,1
JOB-109,CND-00542,8.3,PhD,81.2,7.8,44453,LinkedIn,Hybrid,0.8473
JOB-111,CND-00543,12.8,HighSchool,62.3,2.9,145954,JobBoard,Hybrid,0.5752
JOB-104,CND-00544,19.3,PhD,99.6,7.7,177707,Recruiter,Hybrid,1
JOB-118,CND-00545,4.4,PhD,45.5,6.7,53960,Referral,Onsite,0.77
JOB-118,CND-00546,1,Masters,62,9.2,153818,Referral,Hybrid,0.945
JOB-117,CND-00547,9.2,Masters,67,3.8,44874,Referral,Remote,0.574
JOB-111,CND-00548,2.1,Bootcamp,93.6,2,113920,CompanySite,Onsite,0.6559
JOB-116,CND-00549,12.2,Bachelors,80.9,7.4,142302,JobBoard,Onsite,1
JOB-117,CND-00550,14.7,PhD,59.3,1.7,120721,JobBoard,Hybrid,0.5597
JOB-103,CND-00551,4.1,PhD,46.6,5.9,110506,LinkedIn,Remote,0.7419
JOB-113,CND-00552,3.2,Bootcamp,47.8,4.8,76946,JobBoard,Hybrid,0.5572
JOB-108,CND-00553,8.4,Bootcamp,79.6,2.5,129861,JobBoard,Onsite,0.5244
JOB-117,CND-00554,12.2,Masters,66,7.1,165136,Recruiter,Onsite,0.783
JOB-108,CND-00555,9.1,HighSchool,69.2,4,155887,Recruiter,Hybrid,0.6333
JOB-118,CND-00556,9.3,Masters,51.3,3.7,45677,LinkedIn,Onsite,0.5867
JOB-113,CND-00557,19.3,Bootcamp,79.1,5.7,141587,Recruiter,Hybrid,1
JOB-103,CND-00558,11,PhD,90.3,1.3,147592,Referral,Hybrid,0.6042
JOB-101,CND-00559,16.9,PhD,54,2.8,57538,JobBoard,Hybrid,0.6775
JOB-109,CND-00560,4.3,Bachelors,67.4,8.1,63613,CompanySite,Hybrid,0.8301
JOB-108,CND-00561,11.8,Masters,59.2,9.2,130059,JobBoard,Hybrid,1
JOB-101,CND-00562,9.9,Bachelors,63.6,2.7,96364,LinkedIn,Remote,0.5349
JOB-118,CND-00563,7.9,Bachelors,61.7,4.7,103252,Recruiter,Remote,0.6273
JOB-104,CND-00564,19.7,PhD,84.2,9.8,40407,JobBoard,Remote,1
JOB-119,CND-00565,8.5,Bootcamp,92.4,5.8,169431,Recruiter,Onsite,0.8451
JOB-105,CND-00566,8.5,Bachelors,85.3,9.5,178332,Recruiter,Hybrid,0.9787
JOB-119,CND-00567,2.9,HighSchool,70,7.9,109057,CompanySite,Hybrid,0.8075
JOB-100,CND-00568,13.1,Bootcamp,49.1,7.8,56456,JobBoard,Remote,0.9809
JOB-113,CND-00569,4.2,Bachelors,85,3.8,56535,JobBoard,Remote,0.541
JOB-114,CND-00570,5.5,Masters,56.9,8.7,174296,LinkedIn,Hybrid,0.9421
JOB-101,CND-00571,5,Bachelors,64.7,2.5,88052,Referral,Onsite,0.4738
JOB-111,CND-00572,12,Bootcamp,72.2,2.3,81979,LinkedIn,Remote,0.5668
JOB-111,CND-00573,7.6,Bachelors,76.3,2.7,69984,Referral,Hybrid,0.5712
JOB-109,CND-00574,5.7,HighSchool,85.3,7.6,106709,Referral,Onsite,0.9927
JOB-115,CND-00575,17.9,Bootcamp,98.9,7.1,160728,LinkedIn,Hybrid,1
JOB-111,CND-00576,8,Masters,80.8,7.2,103862,CompanySite,Remote,0.8952
JOB-108,CND-00577,15.7,PhD,76.9,3.5,98264,Recruiter,Onsite,0.7331
JOB-108,CND-00578,6.5,PhD,56.6,2.2,119386,CompanySite,Hybrid,0.3859
JOB-111,CND-00579,3.5,Bachelors,40.9,2,66704,Recruiter,Onsite,0.4661
JOB-112,CND-00580,2.1,HighSchool,40.9,2.2,59413,LinkedIn,Hybrid,0.3771
JOB-113,CND-00581,17.4,Bachelors,56.2,1.5,108449,JobBoard,Hybrid,0.6558
JOB-120,CND-00582,1.6,PhD,86.5,4.4,163175,Referral,Hybrid,0.764
JOB-118,CND-00583,0.4,HighSchool,66.1,4.2,151204,CompanySite,Onsite,0.5224
JOB-111,CND-00584,8.7,Bootcamp,73.5,9.1,148457,LinkedIn,Hybrid,0.9605
JOB-114,CND-00585,4.9,Bootcamp,98.4,6.7,96895,Recruiter,Onsite,0.9591
JOB-113,CND-00586,12.7,Bachelors,78.1,9.8,130686,LinkedIn,Hybrid,1
JOB-111,CND-00587,13.3,HighSchool,96.4,7.2,49031,Recruiter,Hybrid,1
JOB-105,CND-00588,12.7,HighSchool,43.6,3.3,114369,CompanySite,Hybrid,0.5529
JOB-113,CND-00589,18.3,Masters,75.8,5.8,139325,CompanySite,Hybrid,1
JOB-119,CND-00590,0.2,Bootcamp,83.3,8.9,70150,Recruiter,Remote,1
JOB-104,CND-00591,9.6,Bachelors,65.2,7.6,161554,Recruiter,Remote,0.8108
JOB-108,CND-00592,19.2,Masters,78.8,7.3,94035,Referral,Onsite,0.9812
JOB-108,CND-00593,12.8,PhD,92.3,7.1,44764,JobBoard,Hybrid,1
JOB-105,CND-00594,19.6,HighSchool,82.2,8.8,89737,CompanySite,Onsite,1
JOB-114,CND-00595,19.4,PhD,42.2,7.1,117914,Recruiter,Remote,0.9058
JOB-101,CND-00596,7,PhD,93.8,3.9,40851,LinkedIn,Onsite,0.6242
JOB-113,CND-00597,16.5,Bootcamp,88.4,2.8,59635,LinkedIn,Onsite,0.8491
JOB-116,CND-00598,19.3,PhD,43.8,1.5,124075,JobBoard,Onsite,0.4747
JOB-112,CND-00599,1.8,Masters,52.1,9.5,93114,Recruiter,Remote,0.8554
JOB-120,CND-00600,17,Masters,49.6,8.1,49180,JobBoard,Remote,1
JOB-116,CND-00601,8.3,HighSchool,93.3,6,135300,Referral,Hybrid,0.9377
JOB-104,CND-00602,5.1,Masters,76.4,9.5,115675,Referral,Hybrid,1
JOB-112,CND-00603,7,PhD,73.3,8.2,133606,LinkedIn,Onsite,1
JOB-104,CND-00604,5.6,HighSchool,78.6,2.8,61063,Recruiter,Remote,0.5464
JOB-111,CND-00605,14.2,Bachelors,53.3,3.6,101537,Referral,Hybrid,0.6122
JOB-101,CND-00606,9.6,Bootcamp,77.5,7.8,139774,Recruiter,Onsite,0.882
JOB-118,CND-00607,7.5,Bachelors,85,5.4,112522,LinkedIn,Onsite,0.9065
JOB-112,CND-00608,19.8,PhD,89.6,3.3,115027,Recruiter,Onsite,0.7534
JOB-101,CND-00609,18.5,Bachelors,45,5.7,86330,LinkedIn,Hybrid,0.9495
JOB-119,CND-00610,12.6,PhD,78.1,1.9,156090,LinkedIn,Hybrid,0.6854
JOB-113,CND-00611,11.2,Bachelors,70.3,6.9,150140,Referral,Remote,0.7932
JOB-106,CND-00612,4.3,Bootcamp,93.5,1.1,106581,Referral,Remote,0.6345
JOB-116,CND-00613,16.7,HighSchool,62.8,4.5,151808,Referral,Onsite,0.8717
JOB-106,CND-00614,3.2,HighSchool,89.4,2,175060,LinkedIn,Onsite,0.6556
JOB-108,CND-00615,4.8,Bachelors,70.2,4.7,151242,Recruiter,Remote,0.6648
JOB-101,CND-00616,3.8,Masters,95.8,9.9,80165,JobBoard,Hybrid,1
JOB-101,CND-00617,6.6,PhD,97.5,4,93506,LinkedIn,Remote,0.759
JOB-120,CND-00618,3.2,HighSchool,59.2,4.9,72466,CompanySite,Onsite,0.5288
JOB-108,CND-00619,1,Bootcamp,70.9,8.4,98074,Recruiter,Hybrid,0.8926
JOB-104,CND-00620,5.8,Bootcamp,77.8,8,48822,CompanySite,Onsite,0.9682
JOB-109,CND-00621,19.1,Bootcamp,40.3,5.7,110780,Referral,Remote,0.7297
JOB-106,CND-00622,8.4,Bachelors,40.2,5.8,85695,Recruiter,Hybrid,0.5948
JOB-112,CND-00623,19.7,Bachelors,47,3.8,95618,LinkedIn,Hybrid,0.7115
JOB-104,CND-00624,16.3,Bootcamp,94.9,6.7,74952,CompanySite,Remote,0.9861
JOB-103,CND-00625,18.3,HighSchool,64.4,4.6,108774,CompanySite,Hybrid,0.8881
JOB-111,CND-00626,12.8,Bachelors,46.9,2.4,100234,Referral,Onsite,0.6436
JOB-118,CND-00627,15.1,Masters,64.2,3.6,123202,CompanySite,Onsite,0.6693
JOB-105,CND-00628,19.8,Masters,58.9,9.7,179588,JobBoard,Onsite,1
JOB-108,CND-00629,17.5,PhD,41.2,1.8,127975,CompanySite,Remote,0.6753
JOB-102,CND-00630,10.5,PhD,74.3,2.7,146623,Referral,Hybrid,0.6167
JOB-105,CND-00631,16.7,HighSchool,54.3,8.6,73430,JobBoard,Remote,1
JOB-106,CND-00632,2.2,Masters,52,8.6,89245,LinkedIn,Remote,0.847
JOB-118,CND-00633,2.3,HighSchool,87.6,3.5,55680,JobBoard,Remote,0.5149
JOB-120,CND-00634,11.6,HighSchool,84,1,147724,Referral,Hybrid,0.6
JOB-104,CND-00635,1.2,Masters,94.8,6.7,133767,JobBoard,Remote,0.8892
JOB-107,CND-00636,5.6,Bootcamp,56.6,5.6,176306,JobBoard,Hybrid,0.5564
JOB-120,CND-00637,10.6,Masters,83.9,5.3,153570,Referral,Remote,0.9426
JOB-106,CND-00638,8.8,Bachelors,45.6,6.3,90406,CompanySite,Remote,0.7524
JOB-102,CND-00639,8.5,HighSchool,84.9,6.1,100769,CompanySite,Hybrid,0.7731
JOB-101,CND-00640,3.2,Bootcamp,52.4,5.7,75909,JobBoard,Onsite,0.5696
JOB-113,CND-00641,12.4,Masters,59.7,5.5,68345,JobBoard,Hybrid,0.7848
JOB-110,CND-00642,1.5,Masters,71.1,8.8,138187,LinkedIn,Onsite,0.9449
JOB-119,CND-00643,14.6,HighSchool,50.7,4.8,100295,CompanySite,Hybrid,0.7498
JOB-118,CND-00644,4.1,Masters,67,6.6,130135,Recruiter,Remote,0.6655
JOB-114,CND-00645,0.1,HighSchool,68.7,4.8,52413,Referral,Hybrid,0.7043
JOB-120,CND-00646,5.6,Bachelors,51.5,6.2,160280,JobBoard,Remote,0.772
JOB-110,CND-00647,16.2,HighSchool,53.9,1.8,107872,CompanySite,Hybrid,0.5666
JOB-110,CND-00648,5.1,Bootcamp,78,1.5,81517,JobBoard,Onsite,0.4485
JOB-116,CND-00649,10.5,Masters,90.8,7.5,102338,Referral,Remote,1
JOB-117,CND-00650,14.9,Bachelors,43.6,7.6,53390,JobBoard,Hybrid,0.8839
JOB-106,CND-00651,12.3,Bachelors,42,6.3,106940,Referral,Onsite,0.7505
JOB-105,CND-00652,11.3,Masters,72.9,5.3,145258,LinkedIn,Onsite,0.8691
JOB-114,CND-00653,1.7,Masters,56.2,6.4,46289,JobBoard,Hybrid,0.6843
JOB-114,CND-00654,12.9,HighSchool,57.8,8.8,105922,LinkedIn,Hybrid,1
JOB-115,CND-00655,13.9,PhD,40.9,9.6,136528,CompanySite,Hybrid,0.9381
JOB-102,CND-00656,7.2,HighSchool,43.9,8.1,80227,Referral,Hybrid,0.8996
JOB-108,CND-00657,9.3,Masters,54.3,9.8,91309,Recruiter,Onsite,1
JOB-113,CND-00658,16.5,HighSchool,52.7,2.3,157692,Recruiter,Onsite,0.7263
JOB-103,CND-00659,16.9,Masters,75.9,3.6,45794,LinkedIn,Remote,0.8131
JOB-108,CND-00660,0.6,HighSchool,69.6,8.1,113288,Recruiter,Remote,0.8734
JOB-113,CND-00661,6.7,PhD,96.4,2.3,108605,CompanySite,Hybrid,0.7441
JOB-118,CND-00662,3.4,Bootcamp,50.7,6.2,76474,Referral,Onsite,0.7058
JOB-110,CND-00663,6.3,Masters,84.8,7.1,139304,CompanySite,Onsite,1
JOB-120,CND-00664,13.2,HighSchool,67.5,2.3,149197,JobBoard,Remote,0.746
JOB-120,CND-00665,12.5,HighSchool,98.8,9.4,118047,Recruiter,Onsite,1
JOB-104,CND-00666,12.7,HighSchool,81.1,6.9,109849,JobBoard,Remote,0.8889
JOB-101,CND-00667,15.6,Bachelors,66.2,2.9,156529,JobBoard,Remote,0.6528
JOB-120,CND-00668,1.5,Bootcamp,83.5,5.8,138441,LinkedIn,Hybrid,0.6645
JOB-106,CND-00669,4.1,Bootcamp,92.4,1.3,75300,Recruiter,Onsite,0.4091
JOB-118,CND-00670,7.1,Bachelors,95,7.1,149155,Recruiter,Remote,0.8125
JOB-115,CND-00671,4.7,Bootcamp,85.3,1.4,133201,JobBoard,Hybrid,0.5657
JOB-113,CND-00672,5.8,HighSchool,71.4,5.5,157553,CompanySite,Onsite,0.6226
JOB-104,CND-00673,8.8,Bachelors,42.6,6.3,77306,LinkedIn,Onsite,0.6204
JOB-111,CND-00674,16.9,PhD,87.6,5.4,110770,CompanySite,Remote,0.8279
JOB-117,CND-00675,9.3,Masters,48,8.5,107687,Referral,Onsite,0.8415
JOB-108,CND-00676,17.2,HighSchool,99.7,1.4,165223,LinkedIn,Remote,0.7308
JOB-109,CND-00677,6,PhD,42.6,9.1,67726,Referral,Remote,0.8064
JOB-106,CND-00678,20,Masters,72.4,3.8,43792,CompanySite,Hybrid,0.8376
JOB-105,CND-00679,17.7,Masters,70,9.1,128598,CompanySite,Onsite,1
JOB-120,CND-00680,7.9,Bootcamp,51,9.9,65913,Referral,Hybrid,0.9465