RecordId,Region,TemperatureC,HumidityPct,DayOfWeek,IsHoliday,IndustrialLoadMw,PopulationDensity,WindSpeedKmh,PreviousDayDemandKwh,Timestamp,EnergyDemandKwh
ENR-000001,EastGrid,11.8,87,Sat,0,625.6,4170,9.9,85211,2025-06-30 20:36:00,70487
ENR-000002,EastGrid,32,37,Mon,0,348.1,1603,29.4,325422,2023-04-10 19:48:04,133031
ENR-000003,NorthGrid,14.4,82,Tue,0,264,2356,5.4,432245,2025-11-20 14:19:58,148831
ENR-000004,NorthGrid,9.8,47,Thu,0,220.7,4266,38.8,104910,2025-11-11 01:49:43,57684
ENR-000005,EastGrid,24,84,Tue,0,151.5,938,26.8,117915,2025-03-04 16:29:41,72073
ENR-000006,WestGrid,10,68,Tue,0,200.7,915,33.4,241763,2023-12-30 07:59:32,102112
ENR-000007,WestGrid,7.2,53,Mon,0,414.8,3464,28.1,474852,2023-10-13 15:30:33,160781
ENR-000008,NorthGrid,16.9,25,Wed,0,568.9,2595,36.2,464776,2025-07-20 01:46:34,173629
ENR-000009,EastGrid,8.9,49,Thu,0,380.5,2320,24.2,99541,2024-08-10 11:27:06,45430
ENR-000010,SouthGrid,13.5,27,Sun,0,470.1,506,30.3,277205,2024-10-13 01:46:39,114303
ENR-000011,NorthGrid,24.1,34,Sun,0,348.6,1549,1.5,351393,2023-09-09 07:10:37,146215
ENR-000012,NorthGrid,8.1,37,Fri,0,532.6,4543,18.2,485003,2023-11-06 01:21:19,175484
ENR-000013,NorthGrid,36.2,62,Thu,0,773.3,451,11.6,497695,2023-08-26 05:20:52,220059
ENR-000014,WestGrid,2.1,79,Tue,0,679.7,3950,5.5,324054,2025-07-07 01:04:23,103040
ENR-000015,EastGrid,19.3,35,Fri,0,186,257,5.5,207193,2024-05-23 01:17:20,94629
ENR-000016,NorthGrid,23.5,71,Mon,0,781.6,1161,16.6,463807,2023-05-14 20:20:38,170474
ENR-000017,NorthGrid,12.6,61,Thu,1,470.1,1612,22.5,132892,2023-10-25 14:12:44,47279
ENR-000018,EastGrid,17.5,80,Fri,0,496.9,1039,10.6,290469,2024-05-01 04:21:19,116227
ENR-000019,NorthGrid,27,73,Sun,0,791.2,2883,38.1,220438,2023-04-06 08:21:55,118285
ENR-000020,SouthGrid,26.1,71,Mon,1,735.4,1933,19.6,277554,2025-05-14 00:18:50,98629
ENR-000021,WestGrid,26.8,30,Sat,0,464.4,2889,15.7,313096,2024-05-24 12:10:13,127875
ENR-000022,NorthGrid,-2.2,26,Thu,0,305.9,3450,43,290711,2023-10-18 10:04:27,88566
ENR-000023,NorthGrid,30.3,51,Wed,0,302.9,4346,36.8,244624,2023-09-01 19:40:44,129249
ENR-000024,WestGrid,7.2,47,Fri,0,339.2,1861,,95610,2025-08-22 05:15:10,44693
ENR-000025,WestGrid,12.6,90,Mon,0,770.1,1265,19.2,60757,2023-02-04 04:35:29,43788
ENR-000026,EastGrid,12,87,Mon,0,356.2,3222,41,267871,2023-07-20 17:50:56,114763
ENR-000027,EastGrid,20.8,55,Thu,0,124.7,4762,2.4,251342,2024-12-28 06:59:35,119397
ENR-000028,EastGrid,18.8,69,Tue,0,295.1,4276,20.5,96343,2024-10-05 07:30:19,53295
ENR-000029,EastGrid,2.7,39,Thu,0,606.8,4867,36.6,53485,2025-04-14 10:13:00,30000
ENR-000030,EastGrid,25.9,66,Sat,0,689.4,3918,2.3,457643,2024-06-29 15:56:07,175630
ENR-000031,EastGrid,7.6,21,Sun,0,473.6,460,21.9,449075,2023-01-03 12:48:02,155621
ENR-000032,WestGrid,26.4,56,Fri,0,347,2872,0.8,448333,2025-07-02 22:04:22,178336
ENR-000033,WestGrid,35.3,47,Wed,0,530,4136,29,465385,2025-07-27 08:21:09,182365
ENR-000034,WestGrid,20.7,69,Sat,0,242.6,1770,25.8,195377,2025-06-05 12:23:20,85144
ENR-000035,EastGrid,-3.3,67,Thu,0,377.3,3954,38.2,441176,2025-05-10 17:07:10,128090
ENR-000036,NorthGrid,-4.2,60,Wed,0,765.2,634,13.7,218918,2024-04-10 13:04:31,73097
ENR-000037,EastGrid,-4.2,87,Sun,0,102.8,4820,23.9,413904,2024-03-09 14:54:23,142915
ENR-000038,NorthGrid,24.8,21,Fri,0,196.8,226,,423689,2023-05-03 06:05:31,152253
ENR-000039,WestGrid,3.6,45,Sun,0,627.7,4472,22.5,429589,2025-03-19 17:40:22,132117
ENR-000040,WestGrid,14.6,59,Fri,0,143.4,2376,14.4,211620,2025-09-29 12:11:34,79480
ENR-000041,SouthGrid,25.9,81,Wed,0,175,1855,17.2,97472,2024-12-16 04:55:25,71872
ENR-000042,WestGrid,20.3,33,Thu,0,758.7,973,20.2,314788,2024-02-10 13:18:45,121461
ENR-000043,EastGrid,29.4,62,Tue,0,340.8,3920,32.4,179445,2025-09-28 11:35:44,107161
ENR-000044,WestGrid,37.6,20,Sat,0,619.8,2179,34.3,271047,2025-10-01 05:31:19,120399
ENR-000045,SouthGrid,25.7,57,Thu,0,488.5,4488,42.2,499134,2025-04-30 09:25:06,204821
ENR-000046,EastGrid,5.8,62,Fri,0,288.4,3034,39.8,277479,2025-04-09 21:58:11,99681
ENR-000047,NorthGrid,36,82,Fri,0,304.7,3278,25.3,440060,2025-01-16 00:46:22,182193
ENR-000048,EastGrid,29.2,24,Thu,0,204.7,2379,6.7,158630,2025-08-15 23:08:14,84960
ENR-000049,NorthGrid,-3.1,49,Wed,0,347.5,334,6.4,402427,2023-05-19 02:30:03,113134
ENR-000050,WestGrid,5,54,Sun,0,177.4,400,40,150949,2025-05-07 07:53:53,75108
ENR-000051,WestGrid,37,38,Sat,0,105,4699,31.6,308806,2025-03-27 13:48:44,157666
ENR-000052,WestGrid,32.3,50,Mon,0,127,3172,0.8,83997,2023-11-18 07:25:06,69374
ENR-000053,NorthGrid,24.6,94,Fri,0,326.7,100,28.8,183209,2023-06-18 16:45:57,95541
ENR-000054,SouthGrid,13,61,Mon,0,324.4,3195,32.8,178346,2025-02-02 20:53:38,69144
ENR-000055,WestGrid,32.3,35,Tue,0,691.4,1327,12,295039,2025-12-08 21:38:01,122975
ENR-000056,SouthGrid,6.5,93,Thu,0,654.3,1709,26,470954,2025-05-07 01:31:51,174547
ENR-000057,NorthGrid,25.7,89,Wed,0,663.3,4561,38.4,451693,2024-02-24 17:16:31,175473
ENR-000058,SouthGrid,34.5,28,Fri,0,144.3,2917,8.7,106366,2024-07-27 15:48:25,88745
ENR-000059,NorthGrid,31.7,22,Mon,0,147.9,439,,335886,2023-09-24 16:55:46,131503
ENR-000060,WestGrid,1.7,68,Sat,0,322.3,3912,36.3,232291,2025-04-25 13:15:41,82553
ENR-000061,NorthGrid,11.9,58,Sat,0,566.1,974,22.5,359942,2024-05-12 19:41:27,141299
ENR-000062,EastGrid,-3.8,53,Sun,0,320,3083,25.7,91407,2025-01-27 18:15:14,44168
ENR-000063,WestGrid,25.7,60,Wed,0,534.4,2106,14.7,449169,2025-05-11 05:29:38,174680
ENR-000064,EastGrid,11.8,36,Sat,0,149.8,656,36.7,92652,2024-08-25 20:29:20,59711
ENR-000065,EastGrid,16,59,Tue,0,472,2078,41.2,174193,2023-11-16 23:51:20,78020
ENR-000066,EastGrid,-2.6,84,Mon,0,178.3,4899,20.5,63263,2024-07-13 03:23:17,40393
ENR-000067,SouthGrid,18.7,38,Sun,0,160.5,1053,19,467090,2024-09-09 14:48:36,174516
ENR-000068,SouthGrid,37.1,94,Sun,0,744.3,4168,40.9,114127,2023-07-11 21:33:11,107185
ENR-000069,EastGrid,30.9,52,Sat,1,300.2,240,44.1,185685,2023-12-09 11:08:20,69849
ENR-000070,NorthGrid,33.2,27,Fri,0,349.8,231,44.4,337509,2024-10-27 17:33:26,147914
ENR-000071,SouthGrid,29.6,49,Sun,0,516.8,371,19.7,62520,2024-08-28 03:12:06,70612
ENR-000072,EastGrid,31.6,54,Sun,0,696,3137,31.8,282437,2023-09-04 19:10:34,126867
ENR-000073,EastGrid,10.3,33,Sat,0,691.2,4374,17.8,385638,2023-03-26 06:30:16,148101
ENR-000074,NorthGrid,36.5,33,Fri,0,638,1727,23.6,487244,2023-12-09 16:50:22,209277
ENR-000075,WestGrid,3.4,31,Tue,0,364.3,1107,24,243772,2025-12-06 15:08:06,95939
ENR-000076,EastGrid,17.7,82,Wed,0,353.7,2255,38,186760,2023-09-28 00:13:35,100746
ENR-000077,SouthGrid,27,76,Sun,0,492.8,967,28.1,469598,2025-10-18 17:09:37,176231
ENR-000078,EastGrid,13.8,94,Fri,0,343,4582,,206146,2024-11-22 09:34:22,108367
ENR-000079,EastGrid,-1.9,48,Wed,0,565.7,2570,24.2,363615,2023-10-28 17:53:13,131221
ENR-000080,WestGrid,5,39,Thu,0,296.1,3519,24.9,149250,2023-04-22 04:27:14,47916
ENR-000081,SouthGrid,21.8,80,Tue,0,560.1,366,9.7,250353,2024-06-02 08:27:21,120373
ENR-000082,NorthGrid,33.3,41,Fri,0,353.4,924,,152664,2025-06-23 21:34:12,106454
ENR-000083,EastGrid,28.3,75,Sat,0,656.1,4033,44.3,207129,2023-01-27 07:20:07,102200
ENR-000084,EastGrid,32.9,68,Tue,0,504.8,276,27.8,128050,2025-06-17 22:16:39,80937
ENR-000085,NorthGrid,36.8,55,Sun,0,211,2326,27.2,444079,2025-03-09 17:20:11,202181
ENR-000086,EastGrid,2.3,24,Wed,0,422.4,1846,21.9,119314,2025-02-17 06:48:40,50411
ENR-000087,NorthGrid,15.4,54,Sun,0,560.7,4871,42.1,131192,2024-08-13 17:13:48,67567
ENR-000088,SouthGrid,-0.4,48,Tue,0,622.5,1026,4.2,67837,2023-12-07 14:13:24,30000
ENR-000089,NorthGrid,23.7,41,Fri,0,229.3,2560,40.7,122941,2024-12-29 05:25:49,86232
ENR-000090,EastGrid,29.2,69,Tue,0,543.9,725,34.7,149976,2023-08-21 15:38:38,81869
ENR-000091,WestGrid,11.2,37,Fri,0,725.4,437,16.7,224599,2023-06-13 11:31:04,84676
ENR-000092,EastGrid,13.3,63,Sun,0,746.5,4884,11.4,208209,2025-03-09 04:04:00,100382
ENR-000093,WestGrid,36.3,91,Tue,0,351,2057,38.2,305795,2025-10-20 08:51:32,153288
ENR-000094,NorthGrid,-0.6,46,Mon,0,208.7,1691,15.6,453551,2025-06-17 06:14:27,156388
ENR-000095,NorthGrid,34.1,30,Sun,0,650.7,4039,21.9,402141,2023-09-15 16:04:25,158939
ENR-000096,NorthGrid,29.6,71,Sat,0,141.7,3372,9.6,245530,2023-07-30 04:08:39,131475
ENR-000097,NorthGrid,11.4,74,Mon,0,669.1,2712,3.4,333653,2025-05-18 00:21:14,133908
ENR-000098,WestGrid,3,83,Fri,0,246.3,920,,463411,2023-01-31 21:06:21,148359
ENR-000099,WestGrid,24,37,Wed,0,274.8,4839,3,451244,2025-04-06 11:14:19,176827
ENR-000100,WestGrid,21.9,33,Mon,0,114.7,2644,25.7,401347,2025-12-29 21:38:17,148184
ENR-000101,EastGrid,27.2,45,Thu,0,664.3,4375,1.7,261176,2025-03-16 14:57:52,114849
ENR-000102,SouthGrid,2.2,47,Fri,0,269.6,4584,42.3,55468,2024-10-12 09:06:18,35998
ENR-000103,WestGrid,33.8,65,Mon,0,130.3,4758,35.9,197433,2025-12-11 01:40:01,111141
ENR-000104,EastGrid,3.2,75,Fri,0,148.8,3653,24.2,324821,2024-01-23 13:05:44,127260
ENR-000105,EastGrid,-3.9,59,Mon,0,704.8,4970,23.1,354428,2024-10-21 09:24:25,115504
ENR-000106,SouthGrid,21.2,69,Sun,0,604.5,1261,3.2,61208,2024-12-26 19:35:20,55600
ENR-000107,EastGrid,23.3,55,Sun,0,336.7,1837,17.9,216896,2024-11-19 22:46:44,94103
ENR-000108,NorthGrid,14.9,58,Mon,0,343.2,4809,22.3,401695,2025-07-01 00:15:18,156262
ENR-000109,SouthGrid,13.8,20,Wed,0,288.1,1618,1.7,392203,2024-07-12 19:12:08,146856
ENR-000110,NorthGrid,31.4,35,Mon,0,767.1,3131,38.7,150640,2023-07-06 05:04:43,81308
ENR-000111,NorthGrid,37.4,21,Fri,0,103.2,963,3,256130,2024-04-14 06:33:40,133972
ENR-000112,NorthGrid,33.9,37,Mon,0,415.1,4162,3,106917,2025-12-08 19:06:43,77141
ENR-000113,EastGrid,19.8,91,Mon,0,343.7,4608,8.4,123638,2024-01-05 18:42:59,73596
ENR-000114,NorthGrid,28.9,78,Thu,1,110.5,2335,14.4,203905,2025-10-19 07:17:01,90133
ENR-000115,WestGrid,19.2,77,Thu,0,187.1,1023,21.4,158179,2023-08-21 18:24:12,79577
ENR-000116,EastGrid,28.9,74,Sun,0,161.8,228,37.8,81589,2023-03-09 17:17:40,74846
ENR-000117,EastGrid,13.2,41,Tue,0,672.2,3682,1.6,69304,2025-10-06 02:39:26,35174
ENR-000118,NorthGrid,29,67,Sat,0,746.8,58,16.3,318349,2024-11-21 15:54:43,136590
ENR-000119,WestGrid,26.4,36,Thu,0,637,3026,10.8,398221,2023-02-17 03:29:27,145199
ENR-000120,NorthGrid,0,76,Thu,0,118.8,3759,2.4,111639,2024-08-13 18:58:33,60700
ENR-000121,WestGrid,2.7,29,Thu,0,463.6,3719,15.6,143865,2025-06-06 22:14:50,64779
ENR-000122,NorthGrid,11.6,55,Wed,1,763.1,3371,11.6,57981,2023-07-23 20:54:42,30000
ENR-000123,SouthGrid,30.4,68,Fri,0,516.8,3864,35,62282,2024-07-25 11:52:50,70632
ENR-000124,EastGrid,2,58,Wed,0,431.3,2962,21.6,431326,2023-04-04 17:44:53,131163
ENR-000125,SouthGrid,13.3,69,Sun,0,648.6,2638,1.6,325166,2024-03-04 05:29:11,117813
ENR-000126,EastGrid,32.2,62,Mon,0,270.7,2606,40.8,84687,2024-11-23 02:22:29,81351
ENR-000127,EastGrid,36.6,47,Sat,1,110.7,1300,29.7,296959,2025-08-14 13:27:08,121379
ENR-000128,EastGrid,14.9,75,Sat,0,108.2,2379,5.6,68396,2024-10-22 18:08:40,66413
ENR-000129,WestGrid,6.4,81,Wed,0,246.8,3607,30.3,115756,2024-09-07 20:12:11,44160
ENR-000130,SouthGrid,8.7,81,Tue,0,754,2463,4.4,258384,2023-10-05 13:42:18,92753
ENR-000131,WestGrid,18.6,20,Thu,0,342.9,4689,16.4,118479,2023-01-17 18:59:35,63136
ENR-000132,SouthGrid,2.2,29,Fri,0,502.1,833,22.8,107735,2024-11-09 05:11:28,42938
ENR-000133,NorthGrid,1.3,73,Sat,0,353.2,4616,9.4,218565,2024-02-24 07:04:41,82514
ENR-000134,SouthGrid,32.7,93,Fri,0,239,3348,44.9,119584,2025-11-07 13:23:08,85575
ENR-000135,SouthGrid,26.4,68,Thu,0,462,3428,40.3,102075,2024-11-19 08:52:09,86534
ENR-000136,SouthGrid,5.1,43,Thu,0,654.6,2688,3.4,99241,2024-02-20 12:48:27,53655
ENR-000137,SouthGrid,29.6,47,Sun,0,627.2,759,34.9,290889,2024-11-10 12:11:07,127071
ENR-000138,NorthGrid,36.4,21,Sat,0,640.9,762,3.8,462929,2024-10-10 07:38:24,187139
ENR-000139,SouthGrid,28.3,70,Wed,0,245.9,4837,23.2,479653,2024-06-17 02:59:08,177380
ENR-000140,SouthGrid,30.1,42,Sun,0,157.6,2753,12,393297,2024-06-28 21:38:37,160312
ENR-000141,SouthGrid,19.7,60,Mon,0,109.3,501,29.2,412259,2023-03-04 17:33:04,166734
ENR-000142,NorthGrid,7.9,59,Tue,0,408.3,3426,18.6,396614,2023-05-29 03:06:29,127737
ENR-000143,WestGrid,-3.2,62,Mon,0,158.9,2894,2,76789,2024-04-10 17:33:36,33809
ENR-000144,SouthGrid,35.5,32,Sun,0,165,3673,6.8,185540,2024-05-29 08:39:04,92452
ENR-000145,WestGrid,29.7,88,Wed,0,659.9,3339,,400611,2023-07-02 22:27:11,179331
ENR-000146,NorthGrid,32.9,30,Wed,0,698.8,3605,16.8,418959,2024-12-07 12:51:11,162964
ENR-000147,NorthGrid,1.7,74,Sun,0,540.1,4489,43.2,349495,2025-06-23 00:01:17,130777
ENR-000148,WestGrid,29,39,Wed,0,108.1,2433,10.9,241820,2024-03-27 18:51:51,116448
ENR-000149,NorthGrid,35.2,85,Tue,0,428.8,1398,23.8,315241,2024-07-02 19:03:42,167791
ENR-000150,SouthGrid,9.2,54,Sun,0,123.2,4449,21.4,498606,2024-03-17 11:35:19,166363
ENR-000151,EastGrid,9.9,67,Sun,0,741.2,833,,492178,2025-02-20 12:55:51,164409
ENR-000152,EastGrid,-2.7,63,Wed,0,176.9,2608,38,328463,2023-03-07 22:17:41,115056
ENR-000153,EastGrid,18,73,Mon,0,216.2,703,,275565,2024-06-09 12:19:33,120006
ENR-000154,WestGrid,8.2,38,Tue,0,527.9,2734,42.8,118569,2025-12-28 11:15:39,68009
ENR-000155,NorthGrid,1,23,Wed,0,138.3,3888,4.4,379698,2024-08-16 04:18:12,133057
ENR-000156,WestGrid,4,39,Thu,0,209,1412,43.4,256189,2025-08-11 10:25:01,99752
ENR-000157,SouthGrid,20.1,67,Mon,0,594.6,3921,26.8,393966,2023-09-08 16:10:14,145951
ENR-000158,NorthGrid,11.1,61,Fri,0,354.5,3260,14.7,253845,2025-08-10 08:30:10,110518
ENR-000159,WestGrid,24.6,51,Sun,0,193.7,2554,39.7,432511,2024-02-21 03:42:15,156974
ENR-000160,SouthGrid,32.2,89,Sun,0,627.3,4035,23.4,431887,2024-09-07 01:12:09,194537
ENR-000161,WestGrid,28,65,Fri,0,739.7,2327,18.8,413900,2024-07-13 01:37:23,172974
ENR-000162,SouthGrid,8,21,Wed,0,301.2,255,21,484950,2024-03-22 16:55:15,169985
ENR-000163,SouthGrid,32.6,47,Thu,0,389,1353,24.5,59001,2025-10-05 16:00:17,64316
ENR-000164,NorthGrid,11.4,78,Wed,0,525.8,3107,28.3,111579,2023-04-17 00:02:51,58987
ENR-000165,SouthGrid,37.8,46,Tue,0,334.7,4040,35.9,361147,2024-05-24 03:20:05,152674
ENR-000166,NorthGrid,31.9,46,Wed,0,750.4,2810,2.4,178486,2024-01-26 17:28:09,103367
ENR-000167,WestGrid,14.8,55,Tue,0,677.8,2188,25.8,127403,2024-04-25 10:41:30,73459
ENR-000168,NorthGrid,36.2,90,Sat,0,143,4027,36.8,200109,2025-07-22 19:36:55,134093
ENR-000169,SouthGrid,35.2,63,Wed,0,195.5,4470,20,336209,2025-08-15 10:50:54,149129
ENR-000170,NorthGrid,23.3,24,Mon,1,530.7,4886,39.2,372566,2025-05-23 11:06:45,138747
ENR-000171,WestGrid,30.9,90,Sun,0,125.5,3225,4.6,227327,2024-10-17 21:15:48,111474
ENR-000172,EastGrid,6,37,Sat,0,361.4,3647,14.6,358963,2023-09-20 11:21:44,130352
ENR-000173,NorthGrid,37,33,Sat,0,680.7,3634,12.4,275418,2024-10-04 19:56:27,131300
ENR-000174,EastGrid,12.8,55,Wed,0,275.4,281,25.5,267428,2024-04-19 09:43:48,118549
ENR-000175,NorthGrid,5,73,Mon,0,160.5,4268,6.1,394073,2025-04-04 08:00:50,152860
ENR-000176,WestGrid,12.9,91,Wed,0,340.3,3238,43,81988,2025-01-04 15:15:10,71829
ENR-000177,NorthGrid,17,25,Sun,0,264.6,3986,19.7,131724,2023-08-07 03:10:39,72735
ENR-000178,WestGrid,15.3,37,Fri,0,157.7,2960,38.4,336311,2023-01-10 05:01:26,118009
ENR-000179,WestGrid,28.6,91,Wed,0,502,916,39.8,86131,2025-07-21 18:41:23,86267
ENR-000180,NorthGrid,13.2,81,Sun,0,180.3,102,38.8,222290,2025-05-10 04:03:16,91275
ENR-000181,NorthGrid,17.1,59,Mon,0,739.2,3594,15.1,414383,2025-09-23 23:13:05,152507
ENR-000182,EastGrid,27.2,63,Fri,0,692.7,2353,18.6,252007,2025-11-24 21:21:41,122183
ENR-000183,WestGrid,14.5,21,Sat,0,767.1,3563,31.2,205240,2025-10-11 19:52:31,86354
ENR-000184,SouthGrid,32.7,66,Sat,0,171.3,923,9.3,237665,2023-01-24 18:17:38,137442
ENR-000185,SouthGrid,27.9,26,Fri,0,360,1395,15,180178,2023-10-23 14:04:28,106025
ENR-000186,WestGrid,12.3,53,Tue,0,215.4,2493,30.4,170827,2024-05-28 01:30:45,77168
ENR-000187,WestGrid,33.3,95,Tue,0,293,1598,32.5,89627,2025-01-04 19:14:14,73411
ENR-000188,WestGrid,29,57,Thu,0,159.2,890,26.8,79082,2023-06-24 13:08:54,71740
ENR-000189,NorthGrid,7,54,Sat,0,334.3,3071,43.5,424785,2025-07-11 21:58:00,160930
ENR-000190,NorthGrid,13.8,66,Sat,0,347.3,2734,21.3,102117,2025-11-17 10:23:40,50509
ENR-000191,NorthGrid,-2.1,27,Wed,0,467.8,1633,,238465,2024-11-13 06:35:56,70816
ENR-000192,WestGrid,3.4,38,Sat,0,498.8,503,27.5,124129,2023-04-08 20:03:38,35716
ENR-000193,WestGrid,15.5,40,Mon,0,770.2,1299,36.3,145420,2024-11-19 17:10:34,73843
ENR-000194,WestGrid,22.9,66,Tue,0,332.5,820,21,91029,2023-10-18 03:54:33,76368
ENR-000195,SouthGrid,-3,75,Wed,0,403.7,1752,22.8,59003,2023-12-07 20:49:25,30000
ENR-000196,EastGrid,36.8,39,Tue,0,131.5,2397,3,342468,2025-05-28 11:33:15,166766
ENR-000197,SouthGrid,27.7,87,Sat,0,160.8,4235,36.4,170513,2025-05-06 01:40:07,111713
ENR-000198,WestGrid,3.6,46,Fri,0,304.1,4220,20.6,84873,2023-12-17 23:04:41,38612
ENR-000199,NorthGrid,2.9,69,Mon,0,700.6,3840,19.4,109604,2023-07-17 19:30:56,41383
ENR-000200,WestGrid,14.8,35,Sat,0,565.9,389,22,480653,2025-07-15 03:33:25,165521
ENR-000201,WestGrid,10,83,Thu,1,351.8,553,7.5,356600,2024-10-07 12:19:48,115389
ENR-000202,NorthGrid,35.8,72,Mon,0,659.5,859,29.6,295593,2025-09-04 09:22:48,138109
ENR-000203,WestGrid,33.9,69,Mon,0,229.6,305,16.3,320068,2024-11-14 00:14:44,146202
ENR-000204,SouthGrid,3.9,69,Thu,0,460.1,3240,13,261842,2024-08-02 02:20:10,103150
ENR-000205,NorthGrid,-4.4,25,Mon,1,676.7,3763,31.7,404520,2024-09-23 23:37:42,100890
ENR-000206,NorthGrid,14.3,57,Fri,0,267,1393,44.6,482594,2025-11-14 16:08:21,164853
ENR-000207,NorthGrid,-3,69,Fri,0,492.8,2565,37.7,143022,2024-10-22 15:06:51,56755
ENR-000208,WestGrid,13.1,50,Sat,0,571.6,4253,32.4,55870,2023-08-08 12:07:07,36376
ENR-000209,SouthGrid,2.1,80,Wed,0,429.4,4135,27.6,323772,2025-01-18 05:59:43,124118
ENR-000210,NorthGrid,36.5,33,Tue,0,390.4,4403,38.1,331023,2023-10-28 19:33:26,138130
ENR-000211,NorthGrid,33.3,93,Mon,0,491.3,271,19.4,241012,2025-01-30 00:59:31,142118
ENR-000212,EastGrid,11.4,95,Sat,0,601.9,4819,0,340721,2025-10-30 20:39:10,149332
ENR-000213,SouthGrid,10.1,31,Thu,0,340,2335,36.9,356995,2025-10-20 17:57:30,134443
ENR-000214,SouthGrid,-3.4,94,Fri,0,471.2,1059,32.1,62849,2025-08-20 19:05:35,30000
ENR-000215,NorthGrid,-0.9,66,Sat,0,605.8,1695,40.9,249269,2023-12-28 15:18:11,85012
ENR-000216,NorthGrid,32.3,55,Thu,0,504.1,1199,18.3,413855,2025-05-07 12:59:18,169474
ENR-000217,NorthGrid,11.5,22,Sat,0,161.7,4349,20.2,459401,2023-07-28 20:52:03,161125
ENR-000218,WestGrid,33.9,31,Sun,0,402.3,1513,,291085,2024-01-31 23:54:40,134726
ENR-000219,WestGrid,3.4,52,Mon,0,655.4,2952,33.8,119639,2023-07-25 14:10:00,56999
ENR-000220,NorthGrid,31.1,53,Fri,0,340.1,3638,38.2,106365,2025-11-23 03:33:29,69781
ENR-000221,WestGrid,22.3,74,Wed,0,158.8,1222,44.5,296786,2023-07-07 13:43:38,122210
ENR-000222,NorthGrid,25.7,67,Mon,0,651.4,2364,3.8,256793,2024-06-02 21:36:06,111487
ENR-000223,NorthGrid,3.6,57,Tue,0,435.5,1180,,435509,2025-11-21 23:26:24,133789
ENR-000224,EastGrid,22.1,27,Fri,0,276.5,4474,8.3,69583,2025-05-15 00:25:47,38676
ENR-000225,NorthGrid,29,94,Thu,0,506.6,810,14.3,387501,2025-05-28 22:00:21,166334
ENR-000226,NorthGrid,34.2,61,Wed,0,537.6,1833,17,473976,2023-05-01 06:42:50,180752
ENR-000227,NorthGrid,32.5,26,Mon,0,219.9,4424,12.4,311496,2023-08-08 01:13:30,145720
ENR-000228,SouthGrid,14.1,70,Mon,0,229.1,1886,16.2,437514,2025-03-25 11:40:35,161550
ENR-000229,SouthGrid,24.1,20,Mon,0,528.8,4730,16.5,197356,2024-07-18 01:45:06,81056
ENR-000230,WestGrid,9.6,53,Thu,0,138.9,2696,4.1,123209,2024-09-14 10:39:12,47181
ENR-000231,SouthGrid,7.5,67,Mon,0,421.2,3981,6,190001,2025-08-02 01:33:20,85478
ENR-000232,NorthGrid,28.8,62,Thu,0,235.9,2747,41.5,448333,2025-09-15 12:27:27,188364
ENR-000233,EastGrid,12.4,58,Fri,0,747.9,2241,28.2,263588,2023-06-16 03:52:04,95973
ENR-000234,NorthGrid,7.9,52,Fri,0,512.5,2688,25.7,144618,2023-04-22 19:43:15,72599
ENR-000235,NorthGrid,34.4,93,Wed,0,356.5,3455,32.2,210684,2023-11-16 06:57:28,137592
ENR-000236,SouthGrid,14.4,28,Sun,0,228.2,1334,15.9,317312,2023-08-12 04:55:50,128765
ENR-000237,NorthGrid,15.4,36,Sun,0,749.7,4209,25.2,286452,2023-05-06 04:50:26,103279
ENR-000238,EastGrid,37.9,57,Sun,0,256.4,1767,26.2,194728,2024-08-22 15:02:27,127861
ENR-000239,WestGrid,22.7,40,Sat,0,228.3,854,19.8,162737,2023-11-16 18:24:35,70332
ENR-000240,EastGrid,36.7,94,Fri,0,175.9,2266,40.4,255185,2025-01-04 23:28:53,125277
ENR-000241,WestGrid,17.8,23,Tue,0,482.5,4338,8.2,94864,2025-04-17 07:54:18,61785
ENR-000242,EastGrid,37.5,34,Tue,0,516.6,1741,27.4,238282,2024-09-15 04:47:59,133259
ENR-000243,EastGrid,-0.8,78,Sat,0,244.5,1639,26.9,294116,2024-10-24 16:26:35,89232
ENR-000244,NorthGrid,18.6,21,Tue,0,610.2,1204,24.8,154280,2025-04-29 09:05:19,84799
ENR-000245,SouthGrid,11,72,Fri,0,508.1,730,41.3,496124,2024-01-31 00:32:55,173128
ENR-000246,EastGrid,-1.9,86,Fri,0,194.1,2348,15.5,404717,2023-07-30 07:03:35,141433
ENR-000247,NorthGrid,33.9,21,Wed,0,736.8,3568,1.9,455284,2024-02-11 11:24:40,174737
ENR-000248,EastGrid,1.7,27,Thu,0,253,1143,9,485674,2023-04-04 14:48:02,163748
ENR-000249,NorthGrid,-3.4,88,Thu,0,649.3,4597,17.6,301950,2025-07-07 23:48:47,107170
ENR-000250,EastGrid,33.1,25,Mon,0,349.7,3427,31.2,295853,2023-07-19 13:58:58,130577
ENR-000251,EastGrid,13.5,25,Tue,0,458.2,975,36.1,163654,2023-05-01 19:41:48,80005
ENR-000252,SouthGrid,-4.9,55,Sat,0,360.7,1672,14.3,395745,2023-02-28 14:57:22,137869
ENR-000253,NorthGrid,35.4,42,Mon,0,593,2319,30.2,456824,2023-01-01 19:40:01,181805
ENR-000254,EastGrid,-1.6,73,Thu,0,689.8,4109,18.1,266756,2025-10-24 09:53:36,101518
ENR-000255,SouthGrid,4,35,Wed,0,331.4,4651,34,497584,2025-05-04 18:17:29,153485
ENR-000256,EastGrid,0.8,82,Thu,1,163.4,2763,37.7,140264,2024-09-14 22:04:31,41844
ENR-000257,NorthGrid,25.3,72,Mon,0,130,4236,10.6,285374,2025-09-17 20:04:53,120617
ENR-000258,WestGrid,21.3,20,Tue,0,462.5,2163,19.8,119362,2025-05-05 20:10:57,62474
ENR-000259,SouthGrid,28.8,72,Tue,0,631.5,3699,,135208,2024-12-14 14:36:13,86500
ENR-000260,NorthGrid,30.3,80,Sat,0,669.2,3856,12.7,259130,2025-01-23 03:04:28,136364
ENR-000261,WestGrid,21,66,Fri,1,323.4,1472,11.6,177356,2025-10-11 16:18:19,82509
ENR-000262,WestGrid,24.9,90,Sat,0,682.4,2520,6.1,119873,2024-01-04 21:48:27,85745
ENR-000263,EastGrid,12.8,78,Sat,0,731.4,760,43.8,477228,2024-08-24 00:00:47,173934
ENR-000264,WestGrid,12.2,48,Wed,0,430.9,723,3.9,85486,2023-09-22 12:01:34,50727
ENR-000265,NorthGrid,31.5,28,Sun,0,105.9,379,42.8,368593,2025-12-06 07:40:45,145756
ENR-000266,NorthGrid,17.5,58,Wed,0,662.4,2203,28.2,407906,2023-03-23 02:50:00,166202
ENR-000267,WestGrid,19.8,43,Wed,0,401.8,4324,8,85730,2023-10-06 06:07:21,69107
ENR-000268,EastGrid,4,81,Sun,0,753.3,731,17.6,318297,2024-05-05 11:36:11,110918
ENR-000269,SouthGrid,33.3,62,Fri,0,741.8,3612,27.5,236742,2023-01-04 15:00:17,112847
ENR-000270,WestGrid,33.6,69,Tue,0,379.6,1815,11.9,305908,2023-12-16 16:12:51,151153
ENR-000271,NorthGrid,18.1,25,Sun,0,307.6,1368,28.3,267887,2023-06-07 20:56:06,96642
ENR-000272,EastGrid,3,20,Fri,0,766,727,26.6,412266,2024-11-17 10:43:08,143541
ENR-000273,WestGrid,1.3,57,Mon,0,494.6,2908,24.7,423506,2024-02-01 13:20:15,134971
ENR-000274,EastGrid,17.8,80,Tue,0,232.1,114,11.1,376618,2025-02-27 05:05:56,161694
ENR-000275,NorthGrid,11.3,46,Wed,1,650.8,2694,14.6,442643,2024-05-18 19:08:36,121193
ENR-000276,WestGrid,20.9,87,Wed,1,185.4,1538,24.4,119476,2025-05-28 20:03:52,56979
ENR-000277,EastGrid,2.7,44,Sun,0,435.3,2429,28.4,335725,2023-12-15 09:54:12,102987
ENR-000278,WestGrid,34.6,28,Thu,0,784.6,273,43.6,321307,2025-02-24 18:46:31,146604
ENR-000279,NorthGrid,28.2,63,Thu,0,514.2,1305,38.2,421962,2023-05-04 13:34:10,178879
ENR-000280,WestGrid,10.4,72,Sun,0,191,2802,0.1,257990,2024-07-18 09:50:19,114911
ENR-000281,EastGrid,9.3,79,Fri,0,350.7,4753,22.4,275259,2024-04-23 05:17:15,111870
ENR-000282,SouthGrid,35.3,72,Mon,0,130.6,494,17.1,86419,2024-12-09 12:50:28,68549
ENR-000283,WestGrid,26.8,70,Fri,1,753.9,172,11.9,352771,2024-10-24 01:36:42,139032
ENR-000284,SouthGrid,-3.6,57,Wed,0,413.1,527,42.7,117028,2025-11-08 05:11:38,51555
ENR-000285,NorthGrid,25.4,86,Tue,0,380.8,2572,26,138687,2025-10-23 05:07:27,96590
ENR-000286,WestGrid,27.6,66,Sun,0,135.8,4743,21.4,50255,2025-10-26 02:42:44,55450
ENR-000287,SouthGrid,9.7,41,Thu,0,437.6,3066,22.8,339999,2024-02-20 22:00:41,131370
ENR-000288,WestGrid,10.6,57,Fri,0,489.5,4354,11.5,449194,2024-06-12 18:25:50,168259
ENR-000289,WestGrid,19.8,47,Mon,0,381.9,3249,29.5,323207,2023-01-15 03:08:44,131462
ENR-000290,NorthGrid,26.1,53,Sun,0,645.1,550,27.7,367548,2024-05-22 20:49:43,162150
ENR-000291,NorthGrid,5.7,48,Tue,0,107.1,1089,21.2,210124,2025-08-03 14:17:43,84879
ENR-000292,SouthGrid,16.1,79,Thu,0,750.9,4077,35.9,52530,2023-04-02 01:33:35,45373
ENR-000293,EastGrid,29.6,59,Fri,0,172.9,2569,11.3,318782,2024-02-17 14:38:41,151026
ENR-000294,EastGrid,29.4,91,Wed,0,599,1338,44.8,291753,2024-08-09 22:55:43,129056
ENR-000295,EastGrid,29.6,30,Fri,0,182.8,1051,22.7,498401,2024-04-07 03:02:38,181869
ENR-000296,EastGrid,-4.6,46,Thu,0,145.7,807,27.7,498857,2024-03-14 17:05:31,143948
ENR-000297,NorthGrid,37.1,80,Sun,0,241.6,1138,2.5,434149,2024-05-27 08:24:45,205553
ENR-000298,EastGrid,3.8,61,Wed,0,209,3777,18.9,427378,2023-08-09 10:39:18,147979
ENR-000299,NorthGrid,8.8,68,Sun,0,345.6,2479,6.3,337903,2023-04-06 20:05:55,139585
ENR-000300,WestGrid,-2.8,41,Sat,0,690.4,3914,38.9,395897,2024-01-22 05:04:34,116470
ENR-000301,SouthGrid,10,57,Mon,1,429.1,1456,,279207,2025-09-06 12:12:46,86601
ENR-000302,EastGrid,8.3,86,Sat,0,243.1,2934,42.5,404667,2024-07-13 11:37:33,159731
ENR-000303,SouthGrid,13.4,40,Sun,0,546.8,1519,22.2,138132,2024-03-18 04:07:42,59798
ENR-000304,NorthGrid,16,20,Fri,0,742.4,546,6.6,379108,2025-04-27 10:35:40,134892
ENR-000305,NorthGrid,9.4,67,Mon,1,115.8,4885,14.5,96414,2025-05-19 10:54:37,48056
ENR-000306,NorthGrid,6.2,75,Fri,1,111.6,2667,3.3,305866,2024-09-26 15:09:28,94051
ENR-000307,SouthGrid,23.6,32,Sun,0,639.8,3640,5.8,324794,2024-07-09 09:36:45,137379
ENR-000308,NorthGrid,10.9,93,Tue,0,401.3,3051,28.1,294921,2024-03-20 19:43:06,111471
ENR-000309,EastGrid,-4.2,69,Thu,0,512.6,1287,44,141680,2023-09-30 08:23:06,63492
ENR-000310,NorthGrid,12.2,41,Sat,0,298.6,2621,9.3,467772,2023-08-19 18:58:17,162069
ENR-000311,WestGrid,6.2,59,Mon,1,324.2,4595,38.5,108228,2024-04-14 11:10:34,39257
ENR-000312,WestGrid,25.2,53,Sun,0,609.1,1768,10.1,108212,2023-02-28 05:51:27,70524
ENR-000313,WestGrid,20.5,31,Mon,0,688.9,3476,16.2,175141,2024-01-07 19:20:05,76272
ENR-000314,EastGrid,14.3,87,Fri,0,619.7,4168,14.1,158657,2025-02-08 23:26:57,83028
ENR-000315,EastGrid,35.8,50,Tue,0,212,4657,18.6,393422,2024-01-26 16:12:57,156173
ENR-000316,WestGrid,24.4,73,Tue,0,598.1,3311,42.6,159845,2025-11-30 19:34:59,78615
ENR-000317,WestGrid,18.3,83,Sun,0,519.5,2306,27.5,436255,2023-08-22 04:20:33,175217
ENR-000318,NorthGrid,31.3,60,Tue,1,453.8,3814,8.3,324147,2025-10-12 15:49:04,129885
ENR-000319,EastGrid,31.6,35,Sat,0,302,2812,36.9,171258,2025-12-05 03:36:21,103857
ENR-000320,SouthGrid,11.4,24,Sun,0,634,3659,6.1,425077,2024-02-23 09:15:55,147541
ENR-000321,NorthGrid,18.3,32,Fri,0,694.9,3916,24.6,109729,2025-02-12 07:37:34,74442
ENR-000322,EastGrid,31.1,54,Mon,0,533.9,4228,11.5,125601,2023-04-26 22:32:36,72359
ENR-000323,WestGrid,23,30,Sun,0,728.2,3152,30.6,142929,2023-05-14 16:46:24,89126
ENR-000324,SouthGrid,23.9,80,Wed,1,646.9,109,11.1,72463,2024-03-25 14:01:17,47839
ENR-000325,SouthGrid,22.2,34,Thu,0,748.4,2464,0.5,308052,2023-02-17 02:40:58,127451
ENR-000326,WestGrid,12.1,66,Sat,0,102.7,2550,2.3,182812,2023-07-06 03:15:02,91445
ENR-000327,EastGrid,-3.1,23,Sat,1,708.2,2846,20.7,448008,2023-03-23 19:55:23,122356
ENR-000328,SouthGrid,36.8,69,Sun,0,172.3,3319,44.4,148212,2023-12-01 06:41:36,108031
ENR-000329,WestGrid,14.5,38,Sun,0,489.1,1535,12,257968,2024-09-23 16:54:45,113647
ENR-000330,NorthGrid,0.1,56,Sun,0,116.4,4191,9.2,492683,2023-01-17 04:18:59,148320
ENR-000331,SouthGrid,25.4,64,Mon,1,675.5,2278,11.4,240763,2025-08-23 00:53:34,91736
ENR-000332,WestGrid,32.7,94,Tue,0,195.6,4469,11.8,94001,2025-03-30 14:19:34,95434
ENR-000333,NorthGrid,1.4,87,Sat,0,284.8,4619,35,251346,2025-03-14 18:04:31,79526
ENR-000334,EastGrid,29.9,63,Wed,0,118.5,1314,8.9,420830,2023-12-31 17:03:57,163280
ENR-000335,WestGrid,19.9,64,Tue,0,371.5,818,33.9,150680,2025-06-19 21:19:31,88756
ENR-000336,WestGrid,18.3,68,Thu,0,362.7,4154,28.5,432308,2023-01-02 05:21:46,152835
ENR-000337,SouthGrid,10,26,Fri,0,120.5,2273,4.6,400854,2024-04-28 03:15:58,142018
ENR-000338,SouthGrid,4.9,33,Thu,0,690.6,1113,21,235489,2025-02-23 10:27:17,75722
ENR-000339,EastGrid,15,65,Wed,0,492.5,2793,18.9,205007,2025-12-01 15:46:27,103663
ENR-000340,EastGrid,11.5,49,Mon,0,250.3,1849,35.5,432446,2024-03-02 14:59:15,159875
ENR-000341,WestGrid,12.9,85,Fri,0,688.4,4924,12.8,219381,2024-07-12 20:40:09,86641
ENR-000342,WestGrid,32.6,85,Sun,0,578.8,2055,22.6,251648,2024-07-30 13:46:33,139143
ENR-000343,SouthGrid,2.3,85,Sun,0,469.6,4632,22.1,292158,2023-11-20 06:02:44,104859
ENR-000344,NorthGrid,13.5,78,Tue,0,656.4,1575,23.6,410455,2023-12-09 11:55:53,141278
ENR-000345,NorthGrid,29.8,45,Fri,0,785.9,256,17.8,204841,2025-08-04 05:59:16,111865
ENR-000346,WestGrid,32.6,41,Thu,0,726.7,2165,25.5,216808,2025-06-22 04:36:31,99456
ENR-000347,WestGrid,6.2,23,Wed,0,297,3926,38.5,294061,2023-12-13 04:07:20,101029
ENR-000348,NorthGrid,0.9,86,Sun,0,773.7,746,14.5,351375,2024-08-05 02:58:12,133010
ENR-000349,NorthGrid,17,21,Thu,0,187.7,2665,22.5,216664,2024-09-03 16:41:45,97518
ENR-000350,WestGrid,27.2,64,Mon,0,182.3,3405,17.6,200264,2024-01-14 04:19:58,114134
ENR-000351,EastGrid,16.9,45,Wed,0,657.4,1652,6.9,267082,2023-04-19 05:41:21,95083
ENR-000352,SouthGrid,13.7,46,Tue,0,247.1,2899,13.6,399673,2025-08-31 05:06:22,156576
ENR-000353,EastGrid,8.3,87,Sun,0,565.8,3178,7.2,356439,2023-12-15 19:21:55,124789
ENR-000354,WestGrid,1.2,25,Sun,0,510.2,3269,3.6,233482,2023-02-20 21:55:06,84881
ENR-000355,SouthGrid,33.6,94,Tue,0,208.9,1009,38.4,417702,2024-09-18 02:23:20,199215
ENR-000356,NorthGrid,25.7,27,Sun,0,202.2,2320,12.5,429480,2024-06-15 07:47:28,174701
ENR-000357,WestGrid,13.5,61,Sun,0,225.7,3146,31.6,301105,2025-06-17 09:51:22,105700
ENR-000358,EastGrid,4.6,33,Thu,0,752.3,3697,20.1,200512,2024-05-18 13:31:07,80106
ENR-000359,WestGrid,12.7,32,Tue,0,780.2,1364,38.4,437408,2025-12-04 22:55:10,157548
ENR-000360,EastGrid,3.9,45,Sat,0,287.6,1253,32.6,207453,2025-08-09 05:17:54,85392
ENR-000361,SouthGrid,-1.2,24,Sat,0,385.2,4065,20.1,222594,2025-02-18 00:58:20,80416
ENR-000362,WestGrid,17.9,62,Tue,0,136.6,2600,41.2,421102,2024-10-31 05:00:45,148784
ENR-000363,WestGrid,12.4,93,Fri,0,153,1675,23.7,443363,2023-07-02 09:37:35,158652
ENR-000364,NorthGrid,21.7,66,Wed,0,455,1631,1.2,252640,2025-03-31 03:10:43,118536
ENR-000365,NorthGrid,23.9,71,Sat,0,553.7,3057,27.6,196542,2024-06-26 08:18:04,87309
ENR-000366,SouthGrid,35.6,87,Tue,0,781.1,1818,16.8,358928,2025-03-11 04:56:13,177457
ENR-000367,WestGrid,21.1,84,Tue,0,613.1,4819,6,165998,2024-02-10 10:24:50,102805
ENR-000368,NorthGrid,30.6,46,Thu,0,283.5,1525,,77140,2025-06-11 18:23:21,60104
ENR-000369,WestGrid,22.5,92,Mon,0,429.8,123,4,176779,2024-08-09 22:51:05,83484
ENR-000370,NorthGrid,35.7,47,Sun,1,200.1,4328,41,407407,2024-02-10 22:47:05,160682
ENR-000371,WestGrid,4.7,65,Sat,0,512.2,3545,24.3,335759,2024-12-30 03:07:04,113573
ENR-000372,SouthGrid,16.4,26,Mon,0,692.2,1067,32,228250,2024-01-16 15:21:00,90205
ENR-000373,NorthGrid,2.8,45,Thu,0,308.2,1677,12.9,188029,2023-02-21 08:18:27,65448
ENR-000374,WestGrid,13.7,60,Wed,0,460.1,3641,28.6,149623,2024-07-01 13:55:58,67711
ENR-000375,WestGrid,7,42,Mon,0,732.7,3611,18.7,174037,2023-01-08 06:53:51,56812
ENR-000376,WestGrid,21.9,76,Sat,1,396.6,65,26.3,447256,2023-10-12 23:38:20,158778
ENR-000377,SouthGrid,-4.8,29,Sun,1,133.7,2938,34,174490,2025-07-05 22:29:07,35949
ENR-000378,WestGrid,5,54,Thu,0,567.1,1759,19.6,257642,2025-11-29 23:58:16,101340
ENR-000379,NorthGrid,10.8,63,Thu,0,340.4,3303,12.5,238003,2025-01-17 21:11:46,108640
ENR-000380,WestGrid,-2.7,91,Thu,0,206.1,4078,24.9,366771,2023-06-14 18:31:34,129864
ENR-000381,WestGrid,14.6,33,Fri,0,445.2,4478,3,218843,2025-01-17 11:57:46,103428
ENR-000382,SouthGrid,8.9,26,Wed,0,573.2,512,35.8,64438,2025-02-11 06:07:57,30000
ENR-000383,WestGrid,31.9,29,Sat,0,481.7,2123,2.1,109963,2025-06-23 10:08:35,68540
ENR-000384,SouthGrid,17.8,63,Fri,0,166.2,1641,18.6,127508,2025-03-24 13:05:59,66229
ENR-000385,NorthGrid,5,33,Sun,1,735.3,3812,16.3,326391,2025-02-06 12:38:59,94055
ENR-000386,EastGrid,17.1,84,Thu,0,586.6,3634,,57200,2024-08-18 05:02:33,45952
ENR-000387,SouthGrid,35.9,85,Sun,0,120.2,3285,44.4,177255,2025-06-17 16:09:34,100071
ENR-000388,SouthGrid,13.5,50,Tue,0,286.9,3683,11.5,204600,2023-06-12 12:19:52,78477
ENR-000389,NorthGrid,11.4,87,Mon,0,780.3,784,18.9,482860,2025-12-06 17:35:42,164955
ENR-000390,EastGrid,35.9,74,Thu,0,439.6,2692,44.1,146560,2024-05-25 02:37:44,99286
ENR-000391,NorthGrid,27.2,34,Wed,0,492.6,1682,25.3,331539,2024-06-20 20:21:08,137126
ENR-000392,WestGrid,21.1,82,Mon,0,227.2,2411,30,487530,2024-07-19 13:57:02,189644
ENR-000393,WestGrid,36.4,25,Fri,0,425.4,1116,2.3,137443,2024-03-01 02:44:54,95248
ENR-000394,EastGrid,2,90,Thu,0,135.2,3841,9.1,192544,2024-12-20 20:57:21,64558
ENR-000395,EastGrid,9.3,86,Fri,0,375.6,1115,40.3,360550,2023-07-20 14:55:19,141985
ENR-000396,WestGrid,17.1,46,Tue,0,499.2,2770,2.4,112030,2023-07-24 07:12:11,67077
ENR-000397,WestGrid,19.9,32,Tue,0,209.5,2384,39.2,225448,2025-08-17 17:30:39,97812
ENR-000398,WestGrid,7.2,52,Sun,0,367,3937,25.8,290345,2025-11-25 03:27:48,116486
ENR-000399,NorthGrid,19.2,25,Wed,0,133.2,4539,4.3,143823,2025-01-05 07:33:56,57240
ENR-000400,EastGrid,24.1,65,Thu,0,157.9,100,43,244990,2024-06-23 08:33:59,121002
ENR-000401,NorthGrid,-1.5,23,Mon,0,746.8,4047,14.5,280837,2023-01-14 08:24:29,82145
ENR-000402,NorthGrid,20,90,Sun,0,660.6,1027,32.8,178318,2024-09-08 02:38:30,81815
ENR-000403,NorthGrid,24.4,55,Thu,0,180.2,2253,6.3,162909,2024-05-08 12:45:51,101822
ENR-000404,WestGrid,7.2,78,Mon,0,101.5,3874,32.4,439846,2024-08-09 19:15:29,167760
ENR-000405,NorthGrid,11,28,Sun,0,127.3,4800,41.6,449623,2025-11-07 02:43:23,142052
ENR-000406,SouthGrid,24.6,76,Tue,0,470.8,2627,25.9,107793,2024-10-29 10:13:02,75480
ENR-000407,NorthGrid,37.5,82,Wed,0,225.6,1664,44.4,188529,2023-09-27 10:20:32,104797
ENR-000408,NorthGrid,0.7,73,Tue,0,719,3663,,64253,2023-04-16 15:42:20,46512
ENR-000409,EastGrid,19.2,35,Mon,0,693.3,1148,4.9,224213,2024-11-23 00:22:30,90448
ENR-000410,EastGrid,9.6,78,Sat,0,210,2953,33.1,235589,2025-11-06 14:00:05,87929
ENR-000411,WestGrid,18,72,Thu,0,201.4,3382,8.2,376225,2024-04-13 16:18:28,152608
ENR-000412,NorthGrid,25,21,Sat,0,424.6,3204,21.4,437303,2024-12-13 19:24:41,179218
ENR-000413,EastGrid,-4,51,Fri,0,624.1,100,19.1,59270,2023-09-12 01:59:34,33404
ENR-000414,EastGrid,20,47,Mon,0,146.6,4949,44.2,220132,2025-04-17 22:22:52,100255
ENR-000415,SouthGrid,-4.4,60,Tue,0,149.8,157,22.2,108385,2024-09-23 10:35:52,50273
ENR-000416,NorthGrid,26.5,71,Fri,0,625.5,425,10.2,478594,2023-08-27 14:18:36,175063
ENR-000417,WestGrid,33,73,Wed,0,787.6,62,26.1,266682,2023-10-27 16:51:42,130012
ENR-000418,SouthGrid,26.4,89,Sun,0,767.4,1526,19.3,369262,2023-03-24 17:04:44,157508
ENR-000419,EastGrid,9.6,76,Thu,0,192.6,3312,13.9,494617,2023-04-08 16:03:00,164986
ENR-000420,EastGrid,10.3,81,Wed,0,382.4,3441,42.1,401143,2025-02-18 14:57:41,135779
ENR-000421,SouthGrid,21.1,74,Mon,0,728.3,2578,2.4,447453,2025-09-03 05:36:33,185510
ENR-000422,SouthGrid,31.7,51,Tue,0,551.5,1316,22.4,375119,2025-05-18 11:43:48,157189
ENR-000423,SouthGrid,30.8,92,Sun,0,179.2,979,21,52464,2023-12-09 17:19:07,83741
ENR-000424,EastGrid,29,32,Sat,0,521.8,2387,41.5,474844,2023-08-25 10:03:02,176268
ENR-000425,EastGrid,17.7,36,Tue,0,768.1,4736,41.4,79979,2023-12-24 13:41:01,51197
ENR-000426,SouthGrid,21.1,73,Tue,0,157.7,132,38.6,201546,2024-01-06 16:49:01,112344
ENR-000427,SouthGrid,5.4,79,Thu,0,144.1,4876,12.5,332494,2025-07-27 21:22:35,107542
ENR-000428,EastGrid,35.6,47,Fri,0,210.7,654,43.3,379517,2025-08-05 06:58:29,173574
ENR-000429,SouthGrid,13.5,70,Thu,0,242.8,404,6.1,209372,2025-12-08 21:12:09,95847
ENR-000430,NorthGrid,0.2,86,Fri,0,696.2,4752,1.7,406232,2024-01-27 17:26:58,126131
ENR-000431,SouthGrid,-1.8,46,Tue,0,786.9,3527,39.6,94622,2025-07-15 21:25:30,30000
ENR-000432,NorthGrid,13.3,27,Sat,0,141.4,768,,490861,2025-01-11 13:38:31,154841
ENR-000433,SouthGrid,26.2,53,Thu,0,371,1800,12.9,67130,2023-03-04 00:39:12,63205
ENR-000434,EastGrid,1.7,67,Wed,0,193.6,4271,23,317043,2025-12-29 07:47:47,124975
ENR-000435,SouthGrid,4.3,38,Tue,0,128.4,4002,36.2,313622,2023-11-14 03:05:58,106661
ENR-000436,EastGrid,28.7,43,Wed,0,537.4,626,37.1,93603,2023-04-13 01:12:17,71247
ENR-000437,SouthGrid,27.6,30,Thu,0,729.1,389,32,196041,2025-06-18 22:47:44,103458
ENR-000438,NorthGrid,-3.8,93,Sat,0,415.4,3095,4.6,230674,2023-03-17 13:56:55,80084
ENR-000439,WestGrid,28.9,70,Wed,0,398.2,3314,43.1,417543,2024-12-17 03:24:35,173373
ENR-000440,SouthGrid,2.2,90,Tue,0,610,3810,14.4,76949,2024-08-03 10:16:11,34658
ENR-000441,WestGrid,-2.2,27,Fri,0,501.6,4356,4.8,459914,2023-07-11 08:12:44,131131
ENR-000442,NorthGrid,28.6,30,Fri,0,475.8,2271,1.9,287030,2023-06-16 08:57:15,135680
ENR-000443,EastGrid,9.9,72,Wed,1,507.2,4107,,354726,2024-12-17 16:12:35,101736
ENR-000444,NorthGrid,9.1,62,Wed,0,341.4,4689,26,145612,2023-11-01 09:39:42,79530
ENR-000445,WestGrid,2.1,75,Thu,0,288.6,1197,,391843,2023-04-05 05:28:26,147351
ENR-000446,WestGrid,18.5,51,Tue,0,468.1,3884,6.9,418888,2023-02-11 23:26:46,161162
ENR-000447,EastGrid,13.8,22,Sat,0,357.6,1831,24,443701,2024-06-07 05:35:53,155487
ENR-000448,WestGrid,25.7,58,Mon,0,473.6,566,9.2,328144,2023-09-01 12:31:45,146203
ENR-000449,NorthGrid,17.6,63,Fri,1,668.8,3267,35.7,485958,2025-07-27 22:04:35,172653
ENR-000450,SouthGrid,5.1,27,Thu,0,286.6,2859,1.7,130883,2024-03-19 01:51:35,46915
ENR-000451,EastGrid,35.6,83,Mon,0,333.8,2902,8,315949,2025-11-09 16:46:54,166621
ENR-000452,SouthGrid,3.1,77,Thu,0,721.2,4688,8.5,250907,2023-10-08 08:32:00,105507
ENR-000453,EastGrid,36.5,80,Mon,0,400.7,1834,0.8,366791,2024-02-02 14:18:37,155190
ENR-000454,SouthGrid,33.4,43,Sun,1,164.2,4044,40.9,217826,2024-03-15 07:35:20,102371
ENR-000455,SouthGrid,12.5,24,Wed,1,667.5,1301,16.5,385882,2024-08-27 08:01:04,123522
ENR-000456,SouthGrid,12.5,83,Sun,1,446.2,4174,10,52264,2024-05-06 23:30:43,32676
ENR-000457,NorthGrid,0,85,Thu,0,147.8,4796,1.2,312391,2024-12-16 07:37:25,124929
ENR-000458,EastGrid,37.3,87,Tue,0,692.3,4802,25,230607,2024-04-29 09:06:23,146200
ENR-000459,EastGrid,-2.6,61,Mon,0,259.1,4123,8.9,79917,2024-11-18 12:19:16,30000
ENR-000460,SouthGrid,13.8,28,Thu,0,731.8,608,7.8,214241,2024-11-23 07:07:13,96439
ENR-000461,NorthGrid,8.2,75,Tue,0,106.2,217,,371131,2023-08-18 11:55:14,123440
ENR-000462,SouthGrid,30.1,71,Thu,1,601.7,1291,27.6,327981,2025-04-14 15:53:29,128440
ENR-000463,NorthGrid,37.3,46,Fri,0,296.4,1355,23.2,406085,2025-11-26 15:34:45,173905
ENR-000464,NorthGrid,17.6,95,Mon,0,349.6,3213,39.3,77191,2024-10-24 07:39:44,57881
ENR-000465,EastGrid,2.5,47,Sat,0,637.8,4450,15,455442,2023-06-12 14:41:14,148533
ENR-000466,EastGrid,21,86,Wed,0,389.8,232,22.4,99755,2023-02-03 12:36:37,57344
ENR-000467,NorthGrid,16.1,26,Sat,0,170.3,1057,43.2,164262,2023-07-30 14:11:08,73634
ENR-000468,EastGrid,14.3,32,Wed,0,747.8,1994,13,366250,2024-11-06 04:46:56,135120
ENR-000469,EastGrid,23.5,68,Mon,0,171,4287,16,141305,2025-02-19 06:51:46,73757
ENR-000470,WestGrid,14.1,41,Sun,0,143.1,3745,16.9,476946,2023-01-25 05:30:23,171495
ENR-000471,NorthGrid,-2.3,62,Fri,0,315,3041,17.8,187878,2023-08-21 02:30:37,69077
ENR-000472,NorthGrid,-3.2,84,Mon,0,219.4,1824,10.6,123462,2023-11-05 09:45:05,58020
ENR-000473,SouthGrid,1.7,49,Thu,0,373.1,4434,37.1,389600,2024-03-21 00:51:39,131958
ENR-000474,WestGrid,1,21,Wed,0,269.5,4065,0.6,69384,2023-03-29 03:29:43,34346
ENR-000475,NorthGrid,31,81,Fri,0,176.7,4430,32.5,242310,2024-04-21 21:40:08,137616
ENR-000476,EastGrid,33.6,46,Sat,0,175.3,886,10.8,145423,2025-10-03 22:27:46,96884
ENR-000477,NorthGrid,26.8,86,Wed,0,439.1,4090,42.9,262860,2024-03-03 16:54:44,142952
ENR-000478,WestGrid,30.8,63,Sun,0,429.9,183,21,261523,2023-06-13 01:53:18,134594
ENR-000479,EastGrid,16.6,57,Fri,0,573.3,4528,9.7,241178,2025-03-20 03:45:56,104430
ENR-000480,EastGrid,37.6,68,Sat,0,682.3,3104,15.6,148986,2025-04-21 05:13:51,111882
ENR-000481,EastGrid,20,77,Sat,0,398.4,4776,25,479799,2023-09-06 13:19:34,168424
ENR-000482,EastGrid,24.4,50,Thu,0,478.1,70,16.1,106632,2024-07-08 14:08:08,78075
ENR-000483,NorthGrid,5.2,28,Fri,0,681.8,1600,32.8,359494,2024-06-21 01:01:02,123340
ENR-000484,SouthGrid,14.3,24,Sat,0,786.4,3448,8.6,353290,2024-06-06 08:13:57,124868
ENR-000485,EastGrid,35.5,78,Sun,0,274.1,1666,2.3,186674,2023-12-02 22:14:20,127620
ENR-000486,SouthGrid,17.5,94,Tue,0,608.4,2824,12.8,168607,2025-07-22 22:28:57,76690
ENR-000487,EastGrid,21.7,78,Thu,0,785.4,2185,20.2,347929,2024-11-18 21:25:20,147640
ENR-000488,WestGrid,8.1,21,Wed,1,501.1,2750,,327716,2023-06-25 12:02:45,103217
ENR-000489,NorthGrid,-4,37,Tue,0,695.9,592,42.1,127359,2025-08-01 21:48:30,55596
ENR-000490,WestGrid,16.5,45,Sat,1,186.6,4544,35.7,493939,2023-11-29 09:37:12,155418
ENR-000491,WestGrid,-3.9,56,Tue,0,115.6,4053,1.6,196383,2023-01-17 08:51:03,63660
ENR-000492,SouthGrid,9,28,Wed,0,417.3,3769,17.9,320491,2025-02-13 15:14:48,101476
ENR-000493,SouthGrid,35.3,30,Sun,0,232,4683,28.2,288815,2023-04-26 15:49:47,126138
ENR-000494,EastGrid,24.8,73,Mon,0,751.8,1425,7.6,76462,2024-10-06 23:46:51,72853
ENR-000495,NorthGrid,30,59,Fri,0,452.4,2099,42.8,242202,2025-01-22 22:23:56,108383
ENR-000496,SouthGrid,19,60,Mon,1,744,3781,26.4,304665,2023-03-26 09:10:58,94813
ENR-000497,SouthGrid,16.1,60,Wed,0,296.3,3445,1.8,498816,2023-08-23 18:19:31,167542
ENR-000498,WestGrid,21,73,Tue,0,165.5,4976,43.5,255188,2024-02-27 00:01:39,122366
ENR-000499,NorthGrid,1.1,38,Fri,0,468.5,2415,13.1,436730,2024-04-03 04:22:47,130213
ENR-000500,NorthGrid,3.1,33,Wed,0,651.9,1300,5.8,419349,2025-04-26 20:26:21,125562
ENR-000501,SouthGrid,29.8,54,Sat,0,295.7,1643,5.6,236084,2025-11-17 10:21:49,132010
ENR-000502,SouthGrid,6.6,68,Fri,0,398.3,1755,6.2,69413,2023-07-24 09:49:18,31688
ENR-000503,WestGrid,6.1,20,Tue,0,358.2,1198,16.5,451178,2023-06-20 04:39:47,132453
ENR-000504,SouthGrid,4.2,59,Thu,0,717.4,2674,6.3,240342,2023-07-08 16:06:38,96833
ENR-000505,EastGrid,31.8,26,Fri,0,144.8,2248,1.1,104552,2025-12-11 07:50:41,88591
ENR-000506,NorthGrid,4.4,43,Mon,0,361.8,1768,25.5,458843,2025-08-29 10:17:27,153955
ENR-000507,WestGrid,35.9,52,Mon,1,277.6,1950,2.4,393994,2023-06-27 00:29:14,165843
ENR-000508,NorthGrid,35.4,60,Mon,0,513.1,1480,9.4,454148,2024-12-10 14:16:24,188367
ENR-000509,EastGrid,29,32,Fri,0,386.8,132,22.5,398713,2023-02-15 14:13:19,149569
ENR-000510,SouthGrid,17.1,72,Wed,0,515.7,3040,36.8,333572,2024-06-29 08:12:03,134185
ENR-000511,WestGrid,2,86,Mon,0,344.7,4670,40.4,217786,2025-11-02 01:58:51,84814
ENR-000512,SouthGrid,9.5,57,Wed,0,743.6,1440,33,50687,2025-10-10 04:49:41,30000
ENR-000513,WestGrid,1.4,52,Sun,0,466.1,4195,2.7,119506,2025-12-21 20:24:43,46658
ENR-000514,WestGrid,36,71,Tue,0,767.4,191,40.9,72571,2025-06-30 00:23:14,73545
ENR-000515,WestGrid,27.1,84,Tue,0,407.6,1330,27.8,481622,2024-09-14 22:40:08,182878
ENR-000516,EastGrid,-0.5,58,Thu,0,142.7,4089,31.6,336740,2025-02-06 09:01:04,97690
ENR-000517,SouthGrid,2.4,38,Fri,0,223.5,1883,13.9,169194,2023-07-20 05:10:30,64798
ENR-000518,WestGrid,-3.9,89,Tue,0,793.1,557,16.2,96410,2025-12-16 15:58:05,48601
ENR-000519,EastGrid,27.2,22,Fri,0,726.6,4485,9.2,250657,2023-10-04 23:20:39,126141
ENR-000520,SouthGrid,2.9,63,Wed,0,628.1,3223,32,334278,2024-05-29 19:35:33,114831
ENR-000521,NorthGrid,11.9,77,Tue,0,124.6,440,31,405729,2023-11-26 19:57:11,160665
ENR-000522,EastGrid,2.1,58,Wed,0,678.6,3097,38.3,134526,2024-10-14 16:45:15,66837
ENR-000523,NorthGrid,20.3,93,Tue,0,695.9,2278,25.6,65154,2023-04-15 03:43:19,71610
ENR-000524,SouthGrid,-1.1,22,Sun,0,705.6,1514,30.9,345331,2023-03-14 00:00:01,101066
ENR-000525,WestGrid,28.5,41,Mon,0,335.8,4922,35.9,158443,2024-10-11 12:18:03,93971
ENR-000526,NorthGrid,-4.2,50,Mon,0,379.8,1617,23.8,245289,2023-01-10 19:56:51,74895
ENR-000527,EastGrid,19.3,39,Fri,0,410.5,2486,0.7,465771,2025-03-28 14:59:36,171531
ENR-000528,WestGrid,6.7,68,Sun,0,519.5,1713,4.2,392230,2024-06-16 23:52:15,152541
ENR-000529,WestGrid,3.7,40,Sun,0,640.9,1062,29.6,91011,2025-11-24 21:03:29,51380
ENR-000530,WestGrid,13.3,52,Wed,1,474.6,4157,18.1,399443,2024-10-30 18:15:33,111754
ENR-000531,WestGrid,15.6,41,Sat,0,642.2,612,10.5,213542,2025-12-13 05:48:03,81015
ENR-000532,NorthGrid,19.3,79,Sun,0,324.2,1211,1.6,310996,2024-01-28 01:47:32,134273
ENR-000533,NorthGrid,35.2,73,Mon,0,307.3,3179,26.7,285886,2023-08-10 15:53:59,144429
ENR-000534,WestGrid,5.5,22,Wed,0,436.1,3391,0.3,181588,2025-04-30 12:25:02,71484
ENR-000535,EastGrid,25.2,62,Tue,0,484,4029,5.2,457110,2025-11-16 20:07:31,174411
ENR-000536,WestGrid,26.7,33,Tue,0,688.2,836,32.2,401185,2025-09-19 00:47:19,170957
ENR-000537,NorthGrid,9.7,79,Sat,0,739.4,1018,1.7,251455,2024-02-16 13:58:30,91174
ENR-000538,EastGrid,22,72,Tue,0,242.1,3950,18.1,396394,2023-02-05 17:18:02,163126
ENR-000539,SouthGrid,33.5,39,Wed,0,483.9,3166,42.6,92853,2024-02-11 19:23:57,89697
ENR-000540,EastGrid,22.7,93,Wed,0,536.1,849,,179708,2025-09-05 03:36:47,99846
ENR-000541,EastGrid,27.9,66,Thu,0,571.5,97,19.8,368705,2023-03-05 14:37:32,154550
ENR-000542,WestGrid,15.2,79,Fri,0,240.7,323,28.8,351003,2024-11-07 20:51:46,133429
ENR-000543,SouthGrid,5.1,34,Fri,1,649,462,44.7,245795,2025-06-28 00:24:16,72846
ENR-000544,WestGrid,24.1,53,Tue,0,499.7,3625,5.4,471286,2024-12-31 16:36:04,189409
ENR-000545,WestGrid,20.8,85,Wed,0,619,2908,40.2,245711,2025-04-18 04:07:35,116190
ENR-000546,WestGrid,1.5,59,Mon,0,214.2,4459,30.4,479687,2025-12-16 00:01:48,165485
ENR-000547,SouthGrid,29.8,63,Mon,0,550.7,3268,24,242835,2024-01-17 08:57:13,113899
ENR-000548,SouthGrid,5.2,69,Sat,0,623.7,4437,16.1,91790,2025-02-02 21:43:34,55344
ENR-000549,SouthGrid,20.5,71,Fri,0,720.7,2732,4.2,81766,2023-03-17 22:49:23,71726
ENR-000550,NorthGrid,26.5,57,Fri,0,113.5,4000,20.3,194702,2024-10-25 14:05:31,97992
ENR-000551,EastGrid,23.4,65,Fri,0,617.8,3449,13,185752,2024-02-02 16:40:34,91582
ENR-000552,NorthGrid,6.6,41,Mon,0,464.8,2971,15.2,58901,2023-12-09 01:49:46,30000
ENR-000553,SouthGrid,18.4,55,Sun,0,706,364,19.8,328680,2025-09-14 18:40:55,128110
ENR-000554,SouthGrid,16.3,88,Fri,0,143,1475,10.6,226499,2023-09-21 07:34:57,90661
ENR-000555,NorthGrid,4.1,24,Sat,0,323.4,4680,23.4,313426,2024-10-18 13:42:29,100299
ENR-000556,NorthGrid,2.4,30,Wed,0,100.1,150,1.6,104786,2025-04-11 21:43:57,51701
ENR-000557,SouthGrid,14.7,95,Fri,0,252.7,3134,13.1,245669,2025-05-29 00:58:45,122696
ENR-000558,EastGrid,31.1,77,Sun,0,209.5,1534,0.7,180646,2025-06-06 03:54:52,107769
ENR-000559,EastGrid,6.2,39,Fri,0,398.3,764,28.7,425910,2025-04-26 22:53:01,144717
ENR-000560,NorthGrid,19.3,89,Thu,1,648.3,4515,11.8,245270,2025-06-24 04:46:52,96197